accepted,cost
1000,6.15619e+06
2000,6.15656e+06
3000,6.37686e+06
4000,5.92162e+06
5000,7.00345e+06
6000,5.31743e+06
7000,5.98497e+06
8000,6.49287e+06
9000,5.6756e+06
10000,5.87796e+06
11000,6.07634e+06
12000,5.80735e+06
13000,5.95874e+06
14000,5.85434e+06
15000,6.41387e+06
16000,5.86093e+06
17000,6.12524e+06
18000,6.07689e+06
19000,6.11014e+06
20000,5.81092e+06
21000,6.53184e+06
22000,5.55069e+06
23000,5.68328e+06
24000,5.62953e+06
25000,5.84853e+06
26000,6.50003e+06
27000,6.48341e+06
28000,5.86205e+06
29000,5.94641e+06
30000,6.26265e+06
31000,5.99325e+06
32000,5.60931e+06
33000,5.65419e+06
34000,6.08626e+06
35000,5.92604e+06
36000,6.03001e+06
37000,5.78976e+06
38000,6.04259e+06
39000,6.06795e+06
40000,5.97481e+06
41000,6.25628e+06
42000,6.2121e+06
43000,5.07997e+06
44000,6.36875e+06
45000,5.46578e+06
46000,6.08766e+06
47000,6.17897e+06
48000,5.81621e+06
49000,6.00386e+06
50000,5.98975e+06
51000,6.5917e+06
52000,6.38701e+06
53000,6.00027e+06
54000,5.69257e+06
55000,6.26044e+06
56000,5.60124e+06
57000,5.81243e+06
58000,5.76308e+06
59000,5.8921e+06
60000,5.94875e+06
61000,6.07193e+06
62000,5.51037e+06
63000,5.94657e+06
64000,6.61512e+06
65000,6.46178e+06
66000,5.14183e+06
67000,5.2745e+06
68000,6.43022e+06
69000,5.58604e+06
70000,5.75594e+06
71000,5.85192e+06
72000,5.73541e+06
73000,5.28734e+06
74000,6.12745e+06
75000,5.74026e+06
76000,5.56906e+06
77000,6.29994e+06
78000,6.60049e+06
79000,6.15495e+06
80000,5.67104e+06
81000,5.74319e+06
82000,6.21985e+06
83000,5.30265e+06
84000,6.12547e+06
85000,6.01392e+06
86000,5.94661e+06
87000,5.76632e+06
88000,5.96274e+06
89000,5.93297e+06
90000,5.78905e+06
91000,6.52099e+06
92000,6.27183e+06
93000,5.74609e+06
94000,6.17362e+06
95000,5.78113e+06
96000,5.88323e+06
97000,5.87176e+06
98000,5.90244e+06
99000,5.57607e+06
100000,5.27355e+06
101000,6.58469e+06
102000,5.65848e+06
103000,5.04339e+06
104000,6.3653e+06
105000,5.62635e+06
106000,5.4936e+06
107000,5.23097e+06
108000,5.97424e+06
109000,5.79178e+06
110000,5.35139e+06
111000,5.75691e+06
112000,6.19203e+06
113000,6.15529e+06
114000,5.27142e+06
115000,5.29321e+06
116000,6.60887e+06
117000,6.20346e+06
118000,5.53996e+06
119000,5.46897e+06
120000,5.4502e+06
121000,5.04501e+06
122000,6.32853e+06
123000,5.96561e+06
124000,5.74934e+06
125000,5.79665e+06
126000,5.74612e+06
127000,5.33132e+06
128000,5.52597e+06
129000,5.45107e+06
130000,6.30621e+06
131000,6.02534e+06
132000,5.81233e+06
133000,5.75876e+06
134000,5.53426e+06
135000,5.19955e+06
136000,6.13937e+06
137000,5.74968e+06
138000,5.7318e+06
139000,5.91034e+06
140000,5.1143e+06
141000,5.66069e+06
142000,5.80964e+06
143000,5.54543e+06
144000,5.13474e+06
145000,5.44077e+06
146000,5.8797e+06
147000,5.20902e+06
148000,5.91056e+06
149000,6.24827e+06
150000,5.96749e+06
151000,6.08752e+06
152000,5.6592e+06
153000,5.78759e+06
154000,5.07855e+06
155000,5.58232e+06
156000,5.57232e+06
157000,5.89636e+06
158000,5.65949e+06
159000,5.83495e+06
160000,5.83387e+06
161000,5.21401e+06
162000,5.82001e+06
163000,6.01894e+06
164000,6.30822e+06
165000,5.60494e+06
166000,5.39595e+06
167000,5.9808e+06
168000,5.6175e+06
169000,5.15463e+06
170000,6.08004e+06
171000,5.44645e+06
172000,5.43339e+06
173000,5.9407e+06
174000,5.89157e+06
175000,5.25162e+06
176000,5.06129e+06
177000,4.9277e+06
178000,5.80511e+06
179000,4.99188e+06
180000,5.8997e+06
181000,5.4769e+06
182000,5.94112e+06
183000,5.86963e+06
184000,6.03299e+06
185000,5.14912e+06
186000,5.31683e+06
187000,5.4596e+06
188000,5.59483e+06
189000,5.87914e+06
190000,5.30205e+06
191000,5.86989e+06
192000,5.89514e+06
193000,4.91922e+06
194000,5.49102e+06
195000,5.31339e+06
196000,5.89062e+06
197000,5.05323e+06
198000,5.5176e+06
199000,5.60283e+06
200000,5.43729e+06
201000,5.15631e+06
202000,5.83616e+06
203000,5.43815e+06
204000,5.34026e+06
205000,5.54955e+06
206000,5.18468e+06
207000,5.54379e+06
208000,6.19323e+06
209000,5.34667e+06
210000,4.89158e+06
211000,5.45837e+06
212000,4.72648e+06
213000,5.39168e+06
214000,5.93116e+06
215000,6.20041e+06
216000,5.58208e+06
217000,5.23483e+06
218000,5.86717e+06
219000,5.72178e+06
220000,5.15896e+06
221000,5.5037e+06
222000,5.61232e+06
223000,5.26589e+06
224000,4.8781e+06
225000,5.79495e+06
226000,5.46011e+06
227000,6.30416e+06
228000,5.36212e+06
229000,5.00234e+06
230000,5.00538e+06
231000,5.78907e+06
232000,5.01445e+06
233000,4.67454e+06
234000,4.84907e+06
235000,5.2904e+06
236000,5.23255e+06
237000,5.28396e+06
238000,5.78755e+06
239000,5.34634e+06
240000,4.92012e+06
241000,5.34247e+06
242000,4.92604e+06
243000,5.16048e+06
244000,4.8596e+06
245000,5.51329e+06
246000,5.7564e+06
247000,5.78018e+06
248000,5.18685e+06
249000,4.75892e+06
250000,5.99384e+06
251000,4.83162e+06
252000,4.76429e+06
253000,5.97184e+06
254000,5.2413e+06
255000,5.32914e+06
256000,5.27448e+06
257000,5.45446e+06
258000,5.62982e+06
259000,5.3759e+06
260000,5.66938e+06
261000,4.52526e+06
262000,5.428e+06
263000,5.10403e+06
264000,5.21505e+06
265000,5.85771e+06
266000,4.87717e+06
267000,5.36025e+06
268000,5.40275e+06
269000,5.05797e+06
270000,5.3e+06
271000,5.60152e+06
272000,5.4075e+06
273000,5.26037e+06
274000,5.60034e+06
275000,4.69648e+06
276000,5.69115e+06
277000,5.40592e+06
278000,4.8853e+06
279000,5.49667e+06
280000,5.40388e+06
281000,5.01646e+06
282000,5.0858e+06
283000,5.55279e+06
284000,5.00445e+06
285000,5.54265e+06
286000,4.74134e+06
287000,5.27243e+06
288000,5.39338e+06
289000,6.0716e+06
290000,5.99715e+06
291000,4.70165e+06
292000,5.01289e+06
293000,4.89515e+06
294000,5.48284e+06
295000,5.20549e+06
296000,4.87342e+06
297000,4.98719e+06
298000,4.82624e+06
299000,4.86253e+06
300000,5.17863e+06
301000,4.54449e+06
302000,4.97634e+06
303000,4.34312e+06
304000,5.39675e+06
305000,4.8922e+06
306000,5.29445e+06
307000,5.21177e+06
308000,5.06495e+06
309000,4.9039e+06
310000,5.26061e+06
311000,5.01541e+06
312000,4.96179e+06
313000,4.98718e+06
314000,4.24365e+06
315000,5.14649e+06
316000,5.05412e+06
317000,5.66021e+06
318000,5.11999e+06
319000,5.05922e+06
320000,5.26963e+06
321000,4.96823e+06
322000,4.71169e+06
323000,4.52273e+06
324000,5.39036e+06
325000,4.67766e+06
326000,4.82579e+06
327000,5.01125e+06
328000,5.01541e+06
329000,5.24248e+06
330000,5.37774e+06
331000,5.17263e+06
332000,5.59283e+06
333000,4.95797e+06
334000,4.79369e+06
335000,4.82935e+06
336000,4.91701e+06
337000,5.06222e+06
338000,4.63067e+06
339000,4.7894e+06
340000,5.23351e+06
341000,3.95761e+06
342000,5.01166e+06
343000,5.25693e+06
344000,4.58424e+06
345000,4.96687e+06
346000,4.83128e+06
347000,4.36104e+06
348000,4.97273e+06
349000,5.04379e+06
350000,4.93338e+06
351000,5.23787e+06
352000,4.84652e+06
353000,4.72955e+06
354000,5.16532e+06
355000,4.57302e+06
356000,4.59111e+06
357000,5.0168e+06
358000,4.876e+06
359000,5.09503e+06
360000,4.57368e+06
361000,4.9515e+06
362000,4.57779e+06
363000,4.93745e+06
364000,5.4605e+06
365000,5.62171e+06
366000,4.14462e+06
367000,4.92586e+06
368000,5.28072e+06
369000,4.70545e+06
370000,4.09171e+06
371000,4.43568e+06
372000,5.08645e+06
373000,4.64447e+06
374000,4.58988e+06
375000,4.63003e+06
376000,4.82292e+06
377000,4.91382e+06
378000,4.79852e+06
379000,4.86042e+06
380000,4.19186e+06
381000,3.90212e+06
382000,5.54799e+06
383000,4.43869e+06
384000,4.67128e+06
385000,4.42658e+06
386000,4.71972e+06
387000,5.11893e+06
388000,4.74077e+06
389000,5.3304e+06
390000,5.01432e+06
391000,5.71414e+06
392000,4.84604e+06
393000,5.03928e+06
394000,4.99621e+06
395000,4.83177e+06
396000,5.08801e+06
397000,4.7206e+06
398000,5.18658e+06
399000,4.58631e+06
400000,4.82533e+06
401000,3.89711e+06
402000,4.15742e+06
403000,4.46466e+06
404000,4.87184e+06
405000,4.47672e+06
406000,4.47524e+06
407000,4.9461e+06
408000,4.26549e+06
409000,4.22422e+06
410000,4.61285e+06
411000,4.94116e+06
412000,4.28918e+06
413000,4.82003e+06
414000,4.84198e+06
415000,4.62326e+06
416000,4.36053e+06
417000,4.65645e+06
418000,4.42755e+06
419000,4.88233e+06
420000,4.19857e+06
421000,4.48101e+06
422000,4.9763e+06
423000,4.70676e+06
424000,4.6915e+06
425000,5.09727e+06
426000,4.71308e+06
427000,5.25144e+06
428000,4.22926e+06
429000,4.76216e+06
430000,4.45805e+06
431000,4.6677e+06
432000,4.92819e+06
433000,5.1736e+06
434000,4.78467e+06
435000,4.53673e+06
436000,4.46808e+06
437000,4.67316e+06
438000,4.49961e+06
439000,4.82272e+06
440000,4.75152e+06
441000,4.40025e+06
442000,4.46185e+06
443000,4.59493e+06
444000,4.14699e+06
445000,4.63564e+06
446000,4.41532e+06
447000,4.25691e+06
448000,4.23491e+06
449000,4.30014e+06
450000,4.55521e+06
451000,3.98098e+06
452000,4.80252e+06
453000,4.81259e+06
454000,4.44618e+06
455000,4.44312e+06
456000,5.0424e+06
457000,4.55995e+06
458000,4.8923e+06
459000,4.31913e+06
460000,4.16542e+06
461000,3.91391e+06
462000,4.49387e+06
463000,4.35105e+06
464000,4.84125e+06
465000,4.48087e+06
466000,4.15648e+06
467000,4.65565e+06
468000,5.22925e+06
469000,5.16223e+06
470000,4.49121e+06
471000,3.80793e+06
472000,4.376e+06
473000,4.43249e+06
474000,4.70841e+06
475000,4.24243e+06
476000,4.72036e+06
477000,4.66816e+06
478000,4.61545e+06
479000,5.00489e+06
480000,4.9643e+06
481000,5.03299e+06
482000,3.79789e+06
483000,3.88586e+06
484000,4.0563e+06
485000,4.66312e+06
486000,4.23053e+06
487000,4.03459e+06
488000,3.70393e+06
489000,4.39189e+06
490000,3.49347e+06
491000,4.46047e+06
492000,5.20822e+06
493000,4.43369e+06
494000,3.98409e+06
495000,4.63968e+06
496000,4.0562e+06
497000,3.93661e+06
498000,3.95736e+06
499000,4.07765e+06
500000,4.18465e+06
501000,4.54954e+06
502000,4.91837e+06
503000,4.38511e+06
504000,4.04239e+06
505000,4.13475e+06
506000,4.49555e+06
507000,4.31075e+06
508000,4.51568e+06
509000,3.89552e+06
510000,3.86668e+06
511000,4.14822e+06
512000,4.26145e+06
513000,3.92732e+06
514000,3.90566e+06
515000,4.14375e+06
516000,3.67477e+06
517000,4.34017e+06
518000,3.66722e+06
519000,4.3685e+06
520000,4.26326e+06
521000,4.24091e+06
522000,4.2258e+06
523000,4.40073e+06
524000,3.5404e+06
525000,4.38472e+06
526000,4.059e+06
527000,4.22527e+06
528000,4.58716e+06
529000,4.71677e+06
530000,4.04298e+06
531000,4.90528e+06
532000,4.34272e+06
533000,3.86947e+06
534000,4.20029e+06
535000,4.22328e+06
536000,4.32814e+06
537000,4.52033e+06
538000,3.79931e+06
539000,4.3452e+06
540000,4.5064e+06
541000,4.13971e+06
542000,3.61938e+06
543000,3.76744e+06
544000,3.85578e+06
545000,4.43041e+06
546000,4.69735e+06
547000,4.24466e+06
548000,3.86983e+06
549000,4.1533e+06
550000,3.83661e+06
551000,4.01042e+06
552000,3.57845e+06
553000,4.45753e+06
554000,4.23707e+06
555000,4.18682e+06
556000,4.41851e+06
557000,4.13476e+06
558000,4.23735e+06
559000,4.4519e+06
560000,3.90579e+06
561000,4.36805e+06
562000,4.093e+06
563000,4.42391e+06
564000,3.81964e+06
565000,3.42372e+06
566000,4.12396e+06
567000,3.97074e+06
568000,3.8572e+06
569000,4.44968e+06
570000,4.43538e+06
571000,4.34419e+06
572000,4.30273e+06
573000,4.23127e+06
574000,3.76581e+06
575000,4.42544e+06
576000,4.15433e+06
577000,4.06694e+06
578000,4.0387e+06
579000,4.59149e+06
580000,4.12574e+06
581000,4.72786e+06
582000,4.28806e+06
583000,4.35575e+06
584000,4.03623e+06
585000,3.96518e+06
586000,3.52605e+06
587000,4.25404e+06
588000,3.98508e+06
589000,3.88474e+06
590000,3.07795e+06
591000,3.66831e+06
592000,3.09617e+06
593000,4.17215e+06
594000,3.47124e+06
595000,4.3607e+06
596000,3.75959e+06
597000,3.47041e+06
598000,4.16311e+06
599000,4.09957e+06
600000,3.39766e+06
601000,3.50438e+06
602000,3.7247e+06
603000,3.42241e+06
604000,4.25806e+06
605000,3.73774e+06
606000,4.24323e+06
607000,3.84672e+06
608000,3.44171e+06
609000,3.51565e+06
610000,3.43923e+06
611000,3.69321e+06
612000,3.7241e+06
613000,3.96522e+06
614000,3.68566e+06
615000,3.89208e+06
616000,3.81802e+06
617000,3.3018e+06
618000,4.07054e+06
619000,4.02562e+06
620000,3.95298e+06
621000,3.36873e+06
622000,3.77734e+06
623000,3.54565e+06
624000,4.50855e+06
625000,3.40868e+06
626000,3.46146e+06
627000,3.93995e+06
628000,3.75919e+06
629000,4.16591e+06
630000,3.65457e+06
631000,4.03549e+06
632000,3.77685e+06
633000,3.65773e+06
634000,3.87293e+06
635000,3.57319e+06
636000,3.60234e+06
637000,4.12944e+06
638000,3.74727e+06
639000,3.7089e+06
640000,3.98112e+06
641000,3.55185e+06
642000,3.18633e+06
643000,3.17384e+06
644000,3.8913e+06
645000,3.60465e+06
646000,3.77723e+06
647000,3.3099e+06
648000,3.61067e+06
649000,3.54209e+06
650000,4.18389e+06
651000,3.84684e+06
652000,4.05666e+06
653000,3.72463e+06
654000,3.721e+06
655000,3.81716e+06
656000,3.93723e+06
657000,3.9295e+06
658000,2.91077e+06
659000,3.66769e+06
660000,3.27617e+06
661000,3.71679e+06
662000,3.36168e+06
663000,4.30568e+06
664000,3.97066e+06
665000,3.67055e+06
666000,3.05073e+06
667000,3.49728e+06
668000,3.76121e+06
669000,3.12563e+06
670000,3.36994e+06
671000,3.93858e+06
672000,3.60596e+06
673000,4.18549e+06
674000,2.9917e+06
675000,3.42492e+06
676000,3.29521e+06
677000,3.56335e+06
678000,3.1986e+06
679000,3.25767e+06
680000,3.55027e+06
681000,3.77026e+06
682000,3.72146e+06
683000,3.37076e+06
684000,2.81261e+06
685000,3.47551e+06
686000,3.38385e+06
687000,3.62734e+06
688000,3.85942e+06
689000,3.63534e+06
690000,3.43419e+06
691000,3.76985e+06
692000,4.09767e+06
693000,3.29427e+06
694000,3.38627e+06
695000,3.38727e+06
696000,2.77597e+06
697000,3.00934e+06
698000,2.98998e+06
699000,2.87892e+06
700000,3.2624e+06
701000,3.00197e+06
702000,3.43178e+06
703000,3.15572e+06
704000,3.19638e+06
705000,3.58909e+06
706000,3.42214e+06
707000,3.73028e+06
708000,3.89255e+06
709000,3.6509e+06
710000,3.31253e+06
711000,4.14363e+06
712000,3.8814e+06
713000,3.31587e+06
714000,3.38782e+06
715000,3.32885e+06
716000,3.58592e+06
717000,3.36567e+06
718000,3.52615e+06
719000,3.03315e+06
720000,3.53406e+06
721000,3.57202e+06
722000,3.12271e+06
723000,3.72357e+06
724000,3.49774e+06
725000,3.81007e+06
726000,3.60327e+06
727000,3.14327e+06
728000,3.41522e+06
729000,3.44276e+06
730000,3.12554e+06
731000,3.78322e+06
732000,4.055e+06
733000,3.31923e+06
734000,3.41805e+06
735000,3.15553e+06
736000,3.20455e+06
737000,3.68657e+06
738000,3.28652e+06
739000,3.3061e+06
740000,2.91491e+06
741000,2.71949e+06
742000,2.75046e+06
743000,3.68881e+06
744000,2.83539e+06
745000,3.15778e+06
746000,2.86439e+06
747000,3.41261e+06
748000,2.93712e+06
749000,3.77181e+06
750000,3.30549e+06
751000,3.37069e+06
752000,3.33428e+06
753000,3.20471e+06
754000,3.9358e+06
755000,3.40239e+06
756000,3.06614e+06
757000,3.01537e+06
758000,3.05878e+06
759000,2.95947e+06
760000,2.84153e+06
761000,3.39334e+06
762000,3.84882e+06
763000,3.42744e+06
764000,2.94166e+06
765000,4.00972e+06
766000,2.89106e+06
767000,3.52586e+06
768000,3.11236e+06
769000,2.74442e+06
770000,3.12487e+06
771000,2.72682e+06
772000,3.02318e+06
773000,3.32682e+06
774000,3.50019e+06
775000,2.89113e+06
776000,2.90482e+06
777000,2.9638e+06
778000,3.6805e+06
779000,3.15402e+06
780000,2.80292e+06
781000,3.17033e+06
782000,3.60691e+06
783000,3.72085e+06
784000,3.76271e+06
785000,3.10945e+06
786000,2.95467e+06
787000,2.95006e+06
788000,3.16088e+06
789000,2.68221e+06
790000,2.97792e+06
791000,2.88919e+06
792000,2.90305e+06
793000,3.09227e+06
794000,3.21654e+06
795000,2.42606e+06
796000,3.17904e+06
797000,2.73344e+06
798000,2.49159e+06
799000,3.19977e+06
800000,3.3087e+06
801000,2.78193e+06
802000,2.6058e+06
803000,3.70369e+06
804000,3.21337e+06
805000,3.0554e+06
806000,2.96742e+06
807000,3.30363e+06
808000,3.56133e+06
809000,3.23857e+06
810000,3.68689e+06
811000,2.84506e+06
812000,2.85475e+06
813000,2.97314e+06
814000,2.61557e+06
815000,3.3839e+06
816000,3.16989e+06
817000,3.91755e+06
818000,3.24004e+06
819000,3.48417e+06
820000,2.82159e+06
821000,2.46168e+06
822000,2.37679e+06
823000,3.5554e+06
824000,3.08867e+06
825000,2.89952e+06
826000,3.04331e+06
827000,3.02764e+06
828000,2.93042e+06
829000,3.05326e+06
830000,2.67967e+06
831000,2.50021e+06
832000,2.96581e+06
833000,2.69624e+06
834000,3.38759e+06
835000,2.70398e+06
836000,3.33999e+06
837000,2.74315e+06
838000,2.35889e+06
839000,2.57509e+06
840000,2.98807e+06
841000,2.55203e+06
842000,2.91197e+06
843000,2.77113e+06
844000,2.58607e+06
845000,2.72806e+06
846000,2.9015e+06
847000,3.10198e+06
848000,2.48784e+06
849000,2.72029e+06
850000,3.5041e+06
851000,3.27162e+06
852000,2.44767e+06
853000,3.30462e+06
854000,2.27406e+06
855000,2.42439e+06
856000,2.3482e+06
857000,2.6375e+06
858000,2.60755e+06
859000,2.39641e+06
860000,2.30685e+06
861000,3.06911e+06
862000,2.42994e+06
863000,2.78278e+06
864000,2.9026e+06
865000,2.42596e+06
866000,2.49816e+06
867000,2.9718e+06
868000,2.96982e+06
869000,2.31223e+06
870000,2.33547e+06
871000,2.66711e+06
872000,2.84671e+06
873000,3.10698e+06
874000,2.30601e+06
875000,2.97825e+06
876000,2.18387e+06
877000,2.92548e+06
878000,2.81772e+06
879000,2.43799e+06
880000,3.00404e+06
881000,2.97804e+06
882000,2.44925e+06
883000,2.77468e+06
884000,2.78675e+06
885000,2.66162e+06
886000,2.29877e+06
887000,2.97118e+06
888000,2.50882e+06
889000,3.1114e+06
890000,2.62452e+06
891000,2.44659e+06
892000,2.45873e+06
893000,2.50588e+06
894000,2.56422e+06
895000,2.65178e+06
896000,2.73955e+06
897000,2.30474e+06
898000,2.31927e+06
899000,2.6644e+06
900000,2.72136e+06
901000,2.22881e+06
902000,2.22994e+06
903000,2.49306e+06
904000,2.72189e+06
905000,2.9568e+06
906000,2.53807e+06
907000,2.53045e+06
908000,2.44537e+06
909000,3.08804e+06
910000,2.63179e+06
911000,2.28915e+06
912000,2.07862e+06
913000,2.16843e+06
914000,1.84857e+06
915000,2.27477e+06
916000,2.16018e+06
917000,2.03519e+06
918000,2.47355e+06
919000,2.12587e+06
920000,2.69349e+06
921000,2.41229e+06
922000,2.51986e+06
923000,2.50454e+06
924000,2.73691e+06
925000,2.23123e+06
926000,2.30981e+06
927000,2.32794e+06
928000,2.27385e+06
929000,2.50562e+06
930000,2.21661e+06
931000,2.62218e+06
932000,1.76252e+06
933000,2.00599e+06
934000,2.68545e+06
935000,2.48925e+06
936000,2.44954e+06
937000,2.42032e+06
938000,2.79527e+06
939000,2.69442e+06
940000,2.54683e+06
941000,3.00354e+06
942000,2.79205e+06
943000,2.46689e+06
944000,2.37597e+06
945000,2.15502e+06
946000,2.41324e+06
947000,1.92835e+06
948000,2.28265e+06
949000,2.27531e+06
950000,2.38496e+06
951000,1.98308e+06
952000,2.64394e+06
953000,1.98652e+06
954000,1.77012e+06
955000,1.69867e+06
956000,2.16032e+06
957000,2.01967e+06
958000,2.24387e+06
959000,2.0795e+06
960000,2.26191e+06
961000,2.13814e+06
962000,2.00168e+06
963000,2.37624e+06
964000,2.21851e+06
965000,2.42255e+06
966000,1.91553e+06
967000,2.11487e+06
968000,2.14125e+06
969000,2.40169e+06
970000,2.32452e+06
971000,2.38158e+06
972000,2.47403e+06
973000,2.4858e+06
974000,1.99402e+06
975000,1.85619e+06
976000,2.44361e+06
977000,2.24809e+06
978000,2.22915e+06
979000,2.24766e+06
980000,2.45077e+06
981000,2.09292e+06
982000,2.06881e+06
983000,2.63522e+06
984000,2.38477e+06
985000,1.94894e+06
986000,2.15223e+06
987000,2.38124e+06
988000,2.55537e+06
989000,1.97163e+06
990000,2.40016e+06
991000,2.24514e+06
992000,2.20044e+06
993000,2.1109e+06
994000,2.1308e+06
995000,1.82675e+06
996000,2.18939e+06
997000,1.85849e+06
998000,2.11485e+06
999000,2.52981e+06
1000000,2.49924e+06
1001000,2.32577e+06
1002000,1.75295e+06
1003000,2.28814e+06
1004000,2.10977e+06
1005000,1.91413e+06
1006000,1.94389e+06
1007000,2.1408e+06
1008000,2.05406e+06
1009000,1.88242e+06
1010000,1.91605e+06
1011000,1.72296e+06
1012000,2.21851e+06
1013000,1.76774e+06
1014000,1.52134e+06
1015000,1.91636e+06
1016000,2.12665e+06
1017000,1.52758e+06
1018000,1.9664e+06
1019000,2.31468e+06
1020000,2.03324e+06
1021000,1.88563e+06
1022000,2.05287e+06
1023000,2.04948e+06
1024000,1.95029e+06
1025000,2.46133e+06
1026000,1.94676e+06
1027000,2.05747e+06
1028000,1.98706e+06
1029000,1.87168e+06
1030000,1.95997e+06
1031000,1.84225e+06
1032000,1.85412e+06
1033000,1.79307e+06
1034000,1.75872e+06
1035000,1.82966e+06
1036000,1.89379e+06
1037000,1.91908e+06
1038000,1.97408e+06
1039000,1.91689e+06
1040000,1.57652e+06
1041000,2.22257e+06
1042000,1.98869e+06
1043000,1.90156e+06
1044000,1.89799e+06
1045000,2.10368e+06
1046000,2.11526e+06
1047000,2.30459e+06
1048000,1.75127e+06
1049000,1.63266e+06
1050000,1.57862e+06
1051000,1.67725e+06
1052000,1.93633e+06
1053000,1.36205e+06
1054000,2.01206e+06
1055000,1.69211e+06
1056000,2.05796e+06
1057000,1.48647e+06
1058000,1.74732e+06
1059000,1.56778e+06
1060000,1.96596e+06
1061000,1.87826e+06
1062000,2.02396e+06
1063000,1.92982e+06
1064000,2.23034e+06
1065000,1.62395e+06
1066000,1.55076e+06
1067000,1.54622e+06
1068000,1.99576e+06
1069000,1.32338e+06
1070000,1.78434e+06
1071000,1.65949e+06
1072000,1.67587e+06
1073000,1.53724e+06
1074000,1.75553e+06
1075000,1.5983e+06
1076000,1.90803e+06
1077000,1.88576e+06
1078000,1.72423e+06
1079000,1.96524e+06
1080000,1.34379e+06
1081000,1.73913e+06
1082000,1.74714e+06
1083000,1.66908e+06
1084000,1.72959e+06
1085000,1.64213e+06
1086000,1.56345e+06
1087000,1.54987e+06
1088000,1.73588e+06
1089000,1.51251e+06
1090000,1.82056e+06
1091000,1.75941e+06
1092000,1.96352e+06
1093000,1.42863e+06
1094000,1.69636e+06
1095000,2.03955e+06
1096000,1.40896e+06
1097000,1.41327e+06
1098000,1.62698e+06
1099000,1.60281e+06
1100000,1.11004e+06
1101000,1.90184e+06
1102000,1.57872e+06
1103000,1.44065e+06
1104000,1.78039e+06
1105000,1.64779e+06
1106000,1.73552e+06
1107000,1.74042e+06
1108000,1.51494e+06
1109000,1.58807e+06
1110000,1.25105e+06
1111000,1.67443e+06
1112000,1.2409e+06
1113000,1.54222e+06
1114000,1.65692e+06
1115000,1.7134e+06
1116000,1.89111e+06
1117000,2.04834e+06
1118000,1.18595e+06
1119000,1.26528e+06
1120000,1.47021e+06
1121000,1.36274e+06
1122000,1.64516e+06
1123000,1.22549e+06
1124000,1.3269e+06
1125000,1.6274e+06
1126000,1.44152e+06
1127000,1.35543e+06
1128000,1.92867e+06
1129000,1.72496e+06
1130000,1.43319e+06
1131000,1.19234e+06
1132000,1.31623e+06
1133000,1.86232e+06
1134000,2.15515e+06
1135000,1.4314e+06
1136000,1.66773e+06
1137000,1.44983e+06
1138000,1.53665e+06
1139000,1.68276e+06
1140000,1.43062e+06
1141000,1.54169e+06
1142000,1.38766e+06
1143000,1.48239e+06
1144000,1.4586e+06
1145000,1.48261e+06
1146000,1.48946e+06
1147000,1.19916e+06
1148000,1.4569e+06
1149000,1.40686e+06
1150000,1.4931e+06
1151000,1.34062e+06
1152000,1.16563e+06
1153000,1.09832e+06
1154000,1.34166e+06
1155000,1.29772e+06
1156000,1.73043e+06
1157000,1.4629e+06
1158000,1.25927e+06
1159000,1.32653e+06
1160000,1.00779e+06
1161000,1.53059e+06
1162000,1.55925e+06
1163000,1.11715e+06
1164000,1.067e+06
1165000,1.40914e+06
1166000,1.24939e+06
1167000,1.52158e+06
1168000,1.79885e+06
1169000,1.19021e+06
1170000,1.49708e+06
1171000,1.32963e+06
1172000,1.20389e+06
1173000,1.36266e+06
1174000,1.31468e+06
1175000,1.11134e+06
1176000,1.28527e+06
1177000,1.36549e+06
1178000,1.4843e+06
1179000,1.34336e+06
1180000,1.19801e+06
1181000,1.10785e+06
1182000,1.40306e+06
1183000,1.3272e+06
1184000,1.63022e+06
1185000,1.40294e+06
1186000,1.37804e+06
1187000,1.44586e+06
1188000,1.53134e+06
1189000,1.30544e+06
1190000,1.33486e+06
1191000,1.28891e+06
1192000,1.34465e+06
1193000,1.02603e+06
1194000,1.45635e+06
1195000,1.11809e+06
1196000,1.06733e+06
1197000,1.12301e+06
1198000,1.38671e+06
1199000,986670
1200000,1.37161e+06
1201000,1.31363e+06
1202000,1.72649e+06
1203000,976782
1204000,1.10239e+06
1205000,1.37934e+06
1206000,1.2326e+06
1207000,964706
1208000,1.28874e+06
1209000,1.33085e+06
1210000,1.39103e+06
1211000,1.30912e+06
1212000,1.37245e+06
1213000,1.3293e+06
1214000,1.14232e+06
1215000,1.0713e+06
1216000,1.3475e+06
1217000,1.40816e+06
1218000,1.04268e+06
1219000,1.26689e+06
1220000,1.04625e+06
1221000,1.61101e+06
1222000,1.30897e+06
1223000,1.28476e+06
1224000,1.26021e+06
1225000,1.26536e+06
1226000,1.08888e+06
1227000,1.17134e+06
1228000,950054
1229000,1.12496e+06
1230000,1.16296e+06
1231000,886667
1232000,898721
1233000,921136
1234000,938684
1235000,861335
1236000,817419
1237000,1.07799e+06
1238000,818910
1239000,870191
1240000,818285
1241000,886905
1242000,1.12445e+06
1243000,681176
1244000,1.01835e+06
1245000,749180
1246000,1.32154e+06
1247000,1.06329e+06
1248000,968692
1249000,1.13626e+06
1250000,1.00306e+06
1251000,1.1918e+06
1252000,1.06926e+06
1253000,1.00393e+06
1254000,774524
1255000,661710
1256000,1.35643e+06
1257000,1.17905e+06
1258000,1.23891e+06
1259000,1.14493e+06
1260000,865584
1261000,988531
1262000,949712
1263000,996002
1264000,795832
1265000,713126
1266000,913540
1267000,1.1334e+06
1268000,781710
1269000,618334
1270000,972698
1271000,1.11302e+06
1272000,769848
1273000,1.00706e+06
1274000,1.08716e+06
1275000,1.11389e+06
1276000,956114
1277000,1.06628e+06
1278000,925646
1279000,838507
1280000,627554
1281000,918360
1282000,1.13731e+06
1283000,926484
1284000,1.13419e+06
1285000,1.22721e+06
1286000,1.05337e+06
1287000,1.00553e+06
1288000,853900
1289000,1.13267e+06
1290000,992655
1291000,795414
1292000,999755
1293000,990711
1294000,834193
1295000,929009
1296000,1.05762e+06
1297000,1.02424e+06
1298000,810081
1299000,854489
1300000,1.05305e+06
1301000,940118
1302000,771907
1303000,1.03495e+06
1304000,1.07063e+06
1305000,904450
1306000,507255
1307000,523411
1308000,932732
1309000,548210
1310000,762135
1311000,691502
1312000,1.16506e+06
1313000,863421
1314000,752655
1315000,1.0655e+06
1316000,832351
1317000,546158
1318000,945569
1319000,632631
1320000,757351
1321000,579989
1322000,712204
1323000,945558
1324000,425874
1325000,736245
1326000,773623
1327000,612503
1328000,902506
1329000,645515
1330000,767855
1331000,652399
1332000,887819
1333000,873160
1334000,789022
1335000,876080
1336000,714589
1337000,557272
1338000,646738
1339000,570629
1340000,596919
1341000,624153
1342000,1.04097e+06
1343000,872933
1344000,509743
1345000,1.03234e+06
1346000,1.15558e+06
1347000,767251
1348000,679087
1349000,640953
1350000,497189
1351000,668966
1352000,787539
1353000,841634
1354000,743354
1355000,676263
1356000,445062
1357000,850213
1358000,897134
1359000,766068
1360000,849307
1361000,880175
1362000,685022
1363000,624877
1364000,573722
1365000,920451
1366000,588673
1367000,666313
1368000,569923
1369000,587277
1370000,871567
1371000,880341
1372000,715440
1373000,393127
1374000,641492
1375000,783966
1376000,613200
1377000,775932
1378000,565523
1379000,656890
1380000,644952
1381000,764068
1382000,500786
1383000,493114
1384000,694638
1385000,576330
1386000,761959
1387000,884015
1388000,787984
1389000,764072
1390000,683103
1391000,476205
1392000,550524
1393000,497775
1394000,429846
1395000,644412
1396000,587264
1397000,752429
1398000,690769
1399000,536431
1400000,867033
1401000,787050
1402000,478535
1403000,599479
1404000,662962
1405000,505402
1406000,481347
1407000,677656
1408000,453252
1409000,498360
1410000,546838
1411000,598771
1412000,330211
1413000,732481
1414000,617326
1415000,556513
1416000,782756
1417000,688659
1418000,676591
1419000,669291
1420000,767243
1421000,631407
1422000,800965
1423000,508312
1424000,571507
1425000,629847
1426000,685007
1427000,684901
1428000,647214
1429000,556782
1430000,510703
1431000,767474
1432000,607045
1433000,460478
1434000,571662
1435000,653332
1436000,414923
1437000,385640
1438000,495510
1439000,457462
1440000,472647
1441000,787881
1442000,479533
1443000,676684
1444000,432229
1445000,816520
1446000,438522
1447000,640284
1448000,441753
1449000,499563
1450000,427417
1451000,501306
1452000,614201
1453000,601664
1454000,521031
1455000,640346
1456000,396877
1457000,506015
1458000,396988
1459000,348660
1460000,515104
1461000,265773
1462000,494496
1463000,485938
1464000,386300
1465000,327931
1466000,467482
1467000,378259
1468000,345943
1469000,513960
1470000,515445
1471000,666381
1472000,356160
1473000,345437
1474000,354818
1475000,443308
1476000,506664
1477000,425074
1478000,420643
1479000,233633
1480000,433018
1481000,486178
1482000,594983
1483000,330692
1484000,363650
1485000,495232
1486000,462265
1487000,88334.7
1488000,416902
1489000,180687
1490000,400684
1491000,426055
1492000,421406
1493000,219568
1494000,293282
1495000,414486
1496000,389284
1497000,350150
1498000,463877
1499000,465501
1500000,412895
1501000,242649
1502000,492977
1503000,329976
1504000,280010
1505000,294423
1506000,300571
1507000,507065
1508000,459549
1509000,407603
1510000,415587
1511000,267251
1512000,475017
1513000,353295
1514000,435148
1515000,315367
1516000,386393
1517000,215919
1518000,470524
1519000,427009
1520000,294517
1521000,268363
1522000,402963
1523000,234489
1524000,201437
1525000,326889
1526000,287988
1527000,368610
1528000,258134
1529000,218566
1530000,212462
1531000,198476
1532000,331285
1533000,195698
1534000,241263
1535000,271498
1536000,477300
1537000,264085
1538000,219224
1539000,319034
1540000,255053
1541000,147515
1542000,356445
1543000,393471
1544000,327931
1545000,246103
1546000,127067
1547000,256228
1548000,264846
1549000,172974
1550000,274036
1551000,286731
1552000,292634
1553000,179646
1554000,233572
1555000,232740
1556000,359128
1557000,350296
1558000,217138
1559000,247211
1560000,398847
1561000,216392
1562000,221990
1563000,275926
1564000,293512
1565000,265115
1566000,227644
1567000,296943
1568000,275084
1569000,393747
1570000,346352
1571000,275412
1572000,260486
1573000,231149
1574000,269652
1575000,234318
1576000,228011
1577000,339478
1578000,263815
1579000,201928
1580000,251890
1581000,348221
1582000,261092
1583000,159574
1584000,180698
1585000,233763
1586000,248560
1587000,312742
1588000,294080
1589000,220152
1590000,316656
1591000,375533
1592000,260367
1593000,135253
1594000,215859
1595000,135123
1596000,274716
1597000,166039
1598000,230239
1599000,224665
1600000,391014
1601000,261741
1602000,220810
1603000,169944
1604000,175060
1605000,198411
1606000,240991
1607000,348817
1608000,155847
1609000,232854
1610000,156751
1611000,254015
1612000,375327
1613000,126588
1614000,350748
1615000,375963
1616000,242086
1617000,120033
1618000,241112
1619000,140960
1620000,396363
1621000,327008
1622000,126762
1623000,169183
1624000,185407
1625000,195550
1626000,256868
1627000,193342
1628000,90090.7
1629000,220526
1630000,283205
1631000,257866
1632000,73521.7
1633000,208963
1634000,101868
1635000,111392
1636000,189611
1637000,142887
1638000,144108
1639000,201142
1640000,169678
1641000,164294
1642000,263722
1643000,207336
1644000,204070
1645000,243351
1646000,65282.9
1647000,90364.5
1648000,187939
1649000,124341
1650000,158672
1651000,189436
1652000,226215
1653000,124586
1654000,261701
1655000,137570
1656000,253101
1657000,106980
1658000,110285
1659000,352167
1660000,102865
1661000,177904
1662000,285220
1663000,159800
1664000,258239
1665000,48867.9
1666000,173433
1667000,183908
1668000,80781.1
1669000,248623
1670000,142063
1671000,160229
1672000,236346
1673000,144980
1674000,158007
1675000,25625
1676000,190006
1677000,227262
1678000,169606
1679000,50510.2
1680000,152791
1681000,100937
1682000,188648
1683000,129050
1684000,180538
1685000,202708
1686000,214567
1687000,186069
1688000,85525.8
1689000,264028
1690000,140936
1691000,157548
1692000,179982
1693000,116555
1694000,154294
1695000,215607
1696000,132421
1697000,103492
1698000,165136
1699000,169972
1700000,126435
1701000,159000
1702000,112320
1703000,71741.9
1704000,50352.2
1705000,208114
1706000,196177
1707000,149545
1708000,76874.1
1709000,184110
1710000,89356.1
1711000,180600
1712000,74406.4
1713000,228600
1714000,134153
1715000,203868
1716000,189139
1717000,84566.7
1718000,133226
1719000,113753
1720000,127958
1721000,115658
1722000,76738.7
1723000,28517
1724000,140547
1725000,39741.4
1726000,76130.6
1727000,114736
1728000,153577
1729000,63580.8
1730000,58425.5
1731000,55352.7
1732000,110850
1733000,154801
1734000,194621
1735000,24020.7
1736000,174547
1737000,85439.4
1738000,65909.3
1739000,59291.1
1740000,45334.5
1741000,119985
1742000,142444
1743000,42003.5
1744000,60942.7
1745000,104567
1746000,118614
1747000,152553
1748000,80995.8
1749000,61183.6
1750000,150314
1751000,89346.6
1752000,110915
1753000,51099.1
1754000,70476.8
1755000,80252.3
1756000,45508.4
1757000,39015.7
1758000,98180.2
1759000,159130
1760000,49719.6
1761000,102364
1762000,105175
1763000,111350
1764000,63284.8
1765000,73920.4
1766000,43671
1767000,93438.2
1768000,76902
1769000,90446.1
1770000,49293.2
1771000,81460.3
1772000,123964
1773000,83395
1774000,137328
1775000,104235
1776000,38082.6
1777000,109739
1778000,206909
1779000,166848
1780000,145081
1781000,88717.6
1782000,133217
1783000,216996
1784000,71805
1785000,69851.9
1786000,54512.2
1787000,39160.7
1788000,91478.7
1789000,191827
1790000,127654
1791000,87184.6
1792000,112032
1793000,63084.6
1794000,83214.4
1795000,82274.5
1796000,31213.5
1797000,41066.9
1798000,42002.2
1799000,82245.7
1800000,70453.6
1801000,55231.3
1802000,85638.9
1803000,23419.1
1804000,82011.6
1805000,76529.2
1806000,15745.9
1807000,56838.8
1808000,85602.2
1809000,115374
1810000,79469.6
1811000,56417.3
1812000,43454.4
1813000,78452.2
1814000,44326.4
1815000,129364
1816000,40803.1
1817000,81040.6
1818000,38749.3
1819000,30144.2
1820000,35476.9
1821000,45127.8
1822000,56717
1823000,88639.4
1824000,28015.8
1825000,66819.6
1826000,51648.4
1827000,52075.8
1828000,104304
1829000,69213.8
1830000,56428.8
1831000,43047.4
1832000,77992.6
1833000,123105
1834000,52897.3
1835000,124063
1836000,100662
1837000,109748
1838000,90857.4
1839000,110801
1840000,44330.6
1841000,57084.2
1842000,61410.2
1843000,80432.4
1844000,49115.6
1845000,73356.4
1846000,40029.2
1847000,115170
1848000,202079
1849000,47363.5
1850000,19981.5
1851000,68772
1852000,78652.4
1853000,40941.2
1854000,72524.4
1855000,116714
1856000,66558.9
1857000,41065.2
1858000,74131.4
1859000,46487.4
1860000,85414.2
1861000,41487.1
1862000,34647.2
1863000,27072.5
1864000,80471.1
1865000,56976.7
1866000,51036.6
1867000,73742.4
1868000,22494.3
1869000,33626.7
1870000,60277.9
1871000,55283.9
1872000,112291
1873000,72502.2
1874000,38101.9
1875000,94851.1
1876000,46153.6
1877000,32232.5
1878000,95843.8
1879000,31292.4
1880000,92810.8
1881000,74757.9
1882000,77585.7
1883000,141875
1884000,21579.5
1885000,34334.5
1886000,67229.5
1887000,38060.9
1888000,31470.4
1889000,69028.2
1890000,45284.8
1891000,22546.7
1892000,35382.8
1893000,39734.5
1894000,90289.8
1895000,21669.3
1896000,59694.7
1897000,26519.7
1898000,53989.2
1899000,46083.7
1900000,51583.3
1901000,72439
1902000,116724
1903000,105635
1904000,24236.7
1905000,83388.6
1906000,44583.2
1907000,20663.5
1908000,44435.1
1909000,16265.6
1910000,28985.1
1911000,28318.2
1912000,19567.5
1913000,54356
1914000,35973
1915000,97331.1
1916000,17976.5
1917000,31485.2
1918000,30915.5
1919000,25460.5
1920000,9662.74
1921000,50760
1922000,25933.3
1923000,36355.6
1924000,62232.1
1925000,0.526165
1926000,43023
1927000,12423.2
1928000,47836.5
1929000,19579.5
1930000,38950.2
1931000,38244
1932000,23580
1933000,22986.4
1934000,37926
1935000,13414.1
1936000,76840.7
1937000,86534.8
1938000,93517.9
1939000,49784.6
1940000,45020.2
1941000,70525.5
1942000,30282
1943000,17690.9
1944000,66482.8
1945000,16531.9
1946000,33018.6
1947000,7222.01
1948000,46543.2
1949000,26565
1950000,16398.6
1951000,24345.7
1952000,20079.7
1953000,6942.83
1954000,23972.1
1955000,18498.3
1956000,47972.5
1957000,60433
1958000,43995.2
1959000,23570
1960000,38956
1961000,58124
1962000,50331.2
1963000,42946.7
1964000,26390.1
1965000,23235.6
1966000,25347.2
1967000,34739.6
1968000,49935.8
1969000,38911.8
1970000,38715.8
1971000,39777.1
1972000,53843.8
1973000,29358
1974000,24497
1975000,40532.3
1976000,29022.5
1977000,32626.3
1978000,61342.5
1979000,115377
1980000,15276.1
1981000,26860.6
1982000,48709.5
1983000,27852.4
1984000,47041
1985000,58563.1
1986000,31237.2
1987000,40340.1
1988000,15726.2
1989000,22105.2
1990000,3248.66
1991000,20494.6
1992000,72796.7
1993000,20996.4
1994000,34107.9
1995000,25245.7
1996000,45257.2
1997000,38865.8
1998000,39199.7
1999000,18166.3
2000000,3202.1
2001000,7030.6
2002000,61940.6
2003000,9462.83
2004000,22305.7
2005000,33340.9
2006000,14839.9
2007000,49506.6
2008000,23432.2
2009000,47195
2010000,40693.4
2011000,72246.8
2012000,8130.99
2013000,16196.5
2014000,35446.9
2015000,26279.7
2016000,3368.08
2017000,14536.1
2018000,16663.5
2019000,33008.4
2020000,56434.3
2021000,17675.6
2022000,61767.6
2023000,49579.7
2024000,4107.7
2025000,40955.3
2026000,8659.42
2027000,7798.81
2028000,27806.9
2029000,17816.8
2030000,19350.4
2031000,14396.4
2032000,21569.8
2033000,39946
2034000,2864.57
2035000,43272.5
2036000,28827.2
2037000,22019.8
2038000,42616.5
2039000,12206
2040000,28027.3
2041000,55363.2
2042000,25366
2043000,5832.49
2044000,0.547324
2045000,22391.3
2046000,14643.1
2047000,19240.4
2048000,28700
2049000,52264.7
2050000,46335
2051000,42634.1
2052000,7465.65
2053000,44095.9
2054000,39056
2055000,8871.92
2056000,12725.6
2057000,23515
2058000,5488.16
2059000,9556.71
2060000,10215.4
2061000,37934.7
2062000,34981.5
2063000,24850.9
2064000,20941
2065000,6849.04
2066000,13329.8
2067000,53931.1
2068000,15731
2069000,15336.2
2070000,16679.4
2071000,45353.1
2072000,25019.5
2073000,6620.88
2074000,7221.97
2075000,19580.8
2076000,0.521817
2077000,19315.3
2078000,8106.16
2079000,34407.7
2080000,120.008
2081000,42407.7
2082000,18318.7
2083000,20172.8
2084000,16207.3
2085000,9573.57
2086000,32587.7
2087000,10762.5
2088000,35724.7
2089000,7296.91
2090000,18465.7
2091000,20279.4
2092000,11021.6
2093000,11771.7
2094000,26952.2
2095000,10433.3
2096000,11736.6
2097000,13082.6
2098000,19572
2099000,16829.6
2100000,18963
2101000,33838.4
2102000,24394.6
2103000,25462.4
2104000,11258.9
2105000,11131.3
2106000,13963
2107000,12304.4
2108000,26542.9
2109000,22442.9
2110000,7598.61
2111000,18356.6
2112000,6141.42
2113000,21176.7
2114000,14979.5
2115000,6749.28
2116000,5832.51
2117000,30145.1
2118000,28227.5
2119000,4107.69
2120000,7043.43
2121000,0.534694
2122000,24959.3
2123000,15388.9
2124000,34282.4
2125000,11554.6
2126000,10816.7
2127000,94.3851
2128000,7585.06
2129000,4227.13
2130000,28960
2131000,30229.7
2132000,30588.8
2133000,0.560647
2134000,10547.8
2135000,24589.6
2136000,10728
2137000,6922.75
2138000,9307.06
2139000,552.199
2140000,94.3473
2141000,602.912
2142000,10097.1
2143000,24795.8
2144000,120.011
2145000,6709.46
2146000,29397
2147000,23516.4
2148000,32819.3
2149000,17343.6
2150000,18888.8
2151000,14917.7
2152000,5703.11
2153000,4432.88
2154000,18750.3
2155000,15408
2156000,42494.9
2157000,38024.2
2158000,30190.8
2159000,21183
2160000,5270.85
2161000,7326.08
2162000,0.489428
2163000,7043.43
2164000,30851.9
2165000,5580.07
2166000,20284.7
2167000,7351.39
2168000,5951.93
2169000,39595.3
2170000,6971.77
2171000,19104.3
2172000,17792.7
2173000,11109.5
2174000,23086.2
2175000,3465.52
2176000,13118.2
2177000,34649.9
2178000,24134.1
2179000,0.489585
2180000,19514.5
2181000,119.977
2182000,10215.5
2183000,13380.2
2184000,6447.34
2185000,59403.5
2186000,483.48
2187000,18834.3
2188000,10174.5
2189000,9957.62
2190000,9359.09
2191000,14973.3
2192000,26664.3
2193000,24272.1
2194000,26553.1
2195000,17842.3
2196000,6224.92
2197000,15141.5
2198000,17507.2
2199000,2984.04
2200000,213.8
2201000,15206
2202000,5372.74
2203000,19026.9
2204000,5525.03
2205000,0.573082
2206000,8991.35
2207000,14394.3
2208000,3584.94
2209000,6828.91
2210000,53291.9
2211000,22363.8
2212000,7221.98
2213000,7378.79
2214000,17780.5
2215000,4107.69
2216000,21291.2
2217000,9126.9
2218000,8773.17
2219000,4679.92
2220000,2773.89
2221000,7472.61
2222000,9275.57
2223000,22503.8
2224000,3082.66
2225000,15580.3
2226000,6849.04
2227000,6849.05
2228000,2773.91
2229000,11257.8
2230000,16986.5
2231000,6849.01
2232000,18950.8
2233000,12289
2234000,13240.7
2235000,4107.71
2236000,6803.32
2237000,11036.3
2238000,9573.54
2239000,9482.83
2240000,6585.74
2241000,6590.92
2242000,10264.8
2243000,11971.3
2244000,94.3638
2245000,20274.4
2246000,5466.63
2247000,0.551328
2248000,28282.3
2249000,2773.87
2250000,7185.26
2251000,4552.31
2252000,6531.72
2253000,38512.7
2254000,24225.6
2255000,12234.9
2256000,0.554311
2257000,0.531323
2258000,14455.9
2259000,14733
2260000,9394.15
2261000,11661.7
2262000,12458.5
2263000,11736.6
2264000,4107.71
2265000,17054.8
2266000,22724.8
2267000,11384.9
2268000,5634.36
2269000,2128.22
2270000,5832.48
2271000,2864.62
2272000,577.322
2273000,0.524043
2274000,6224.87
2275000,2864.59
2276000,10244.4
2277000,15853.4
2278000,2893.29
2279000,15722.4
2280000,9622.38
2281000,0.547056
2282000,5488.14
2283000,26521
2284000,4201.52
2285000,24066.2
2286000,5151.39
2287000,3465.53
2288000,4107.71
2289000,20216.7
2290000,0.52103
2291000,9153.85
2292000,0.540904
2293000,14843.8
2294000,8914.58
2295000,3253.4
2296000,8616.35
2297000,13985.7
2298000,6108
2299000,5525.03
2300000,4684.48
2301000,0.543911
2302000,552.235
2303000,94.3644
2304000,0.55214
2305000,5488.16
2306000,2864.6
2307000,6327.95
2308000,0.556334
2309000,0.536712
2310000,19769.1
2311000,5488.1
2312000,15380.4
2313000,11593.7
2314000,15068.4
2315000,10123.4
2316000,0.544154
2317000,11019.2
2318000,9248.21
2319000,94.3329
2320000,8696.55
2321000,9297.42
2322000,0.533886
2323000,18692.9
2324000,17493.3
2325000,2864.61
2326000,2864.63
2327000,0.54382
2328000,0.512359
2329000,3253.38
2330000,4107.68
2331000,12731.9
2332000,119.954
2333000,17093.9
2334000,0.534525
2335000,4799.35
2336000,213.762
2337000,8015.47
2338000,7924.74
2339000,12731
2340000,0.538812
2341000,3465.49
2342000,5486.23
2343000,10787.3
2344000,671.68
2345000,5634.38
2346000,16680.2
2347000,3248.64
2348000,5951.91
2349000,8951.23
2350000,10001.7
2351000,3176.55
2352000,94.3676
2353000,2864.55
2354000,0.550505
2355000,7222.01
2356000,5488.13
2357000,483.498
2358000,2864.62
2359000,552.218
2360000,0.563427
2361000,14773.8
2362000,5488.14
2363000,5372.75
2364000,0.567456
2365000,4432.85
2366000,24634.9
2367000,13019.1
2368000,0.529898
2369000,14514.9
2370000,11408.1
2371000,7163.72
2372000,5525
2373000,29147.4
2374000,6308.86
2375000,9512.25
2376000,5703.15
2377000,4107.65
2378000,0.545166
2379000,5637.95
2380000,6971.76
2381000,0.51872
2382000,0.522104
2383000,8350.24
2384000,5492.19
2385000,119.954
2386000,119.987
2387000,94.3804
2388000,4679.92
2389000,0.518198
2390000,9036.63
2391000,0.563469
2392000,0.511249
2393000,0.546719
2394000,3465.52
2395000,3535.48
2396000,0.508311
2397000,2864.57
2398000,10261.3
2399000,483.469
2400000,0.542825
2401000,11093.3
2402000,0.535774
2403000,20964.8
2404000,8015.47
2405000,0.533525
2406000,0.528672
2407000,0.530048
2408000,8696.58
2409000,0.544759
2410000,3253.43
2411000,2128.24
2412000,10639
2413000,10572.9
2414000,4107.69
2415000,5151.41
2416000,2773.86
2417000,11900.7
2418000,0.485704
2419000,6224.86
2420000,8015.45
2421000,552.238
2422000,9950.21
2423000,4107.69
2424000,7924.7
2425000,2864.6
2426000,9918.55
2427000,3465.55
2428000,9072.57
2429000,10124.7
2430000,0.566211
2431000,4107.21
2432000,0.55329
2433000,3342.48
2434000,0.514747
2435000,0.488088
2436000,3800.34
2437000,0.522816
2438000,2773.89
2439000,12838.9
2440000,5270.84
2441000,4107.68
2442000,5372.72
2443000,0.544035
2444000,0.522889
2445000,3535.5
2446000,2864.59
2447000,0.551276
2448000,0.525888
2449000,4107.7
2450000,5245.23
2451000,4432.84
2452000,2773.9
2453000,5372.73
2454000,8659.45
2455000,0.555442
2456000,0.539442
2457000,0.535152
2458000,0.496132
2459000,0.537259
2460000,4107.73
2461000,17552.6
2462000,4107.67
2463000,0.542574
2464000,0.515874
2465000,3535.49
2466000,483.497
2467000,0.55575
2468000,0.554701
2469000,4081.63
2470000,6761.06
2471000,119.997
2472000,94.3731
2473000,0.503169
2474000,5151.35
2475000,11672.9
2476000,2864.56
2477000,3082.63
2478000,0.542819
2479000,0.560032
2480000,119.977
2481000,0.55409
2482000,7296.93
2483000,6788.33
2484000,8872.73
2485000,9430.07
2486000,3347.54
2487000,4107.64
2488000,696.751
2489000,8766.56
2490000,552.196
2491000,0.515791
2492000,94.3859
2493000,9741.49
2494000,552.226
2495000,119.965
2496000,2864.58
2497000,7452.78
2498000,0.558209
2499000,119.972
2500000,0.54718
2501000,3416.25
2502000,0.511154
2503000,5151.39
2504000,119.934
2505000,483.501
2506000,119.971
2507000,4107.66
2508000,9583.72
2509000,7351.41
2510000,3248.63
2511000,0.56225
2512000,2034.38
2513000,0.554041
2514000,4201.5
2515000,3629.36
2516000,3248.63
2517000,2864.59
2518000,0.543818
2519000,3535.51
2520000,94.3612
2521000,0.502938
2522000,2773.92
2523000,4679.91
2524000,0.552595
2525000,3347.56
2526000,119.977
2527000,2773.9
2528000,0.533829
2529000,6651.14
2530000,4107.7
2531000,2773.9
2532000,0.540993
2533000,2864.63
2534000,0.557135
2535000,3248.61
2536000,483.458
2537000,0.564248
2538000,3584.96
2539000,8144.92
2540000,4679.88
2541000,2864.58
2542000,120.011
2543000,94.4073
2544000,3987.78
2545000,4552.27
2546000,0.527058
2547000,3416.28
2548000,0.550832
2549000,4898.47
2550000,3535.51
2551000,0.552073
2552000,94.3406
2553000,3465.52
2554000,119.967
2555000,119.988
2556000,3248.64
2557000,12527.2
2558000,552.223
2559000,5637.95
2560000,2773.86
2561000,3082.67
2562000,94.3811
2563000,2893.27
2564000,213.819
2565000,3082.66
2566000,3535.51
2567000,3535.47
2568000,4107.7
2569000,3535.48
2570000,119.969
2571000,4017.17
2572000,0.555252
2573000,3253.38
2574000,0.533897
2575000,3535.47
2576000,0.521121
2577000,0.538063
2578000,8846.41
2579000,3248.66
2580000,0.551632
2581000,0.569262
2582000,0.534322
2583000,0.521801
2584000,2773.91
2585000,4898.47
2586000,0.534076
2587000,3535.51
2588000,4107.72
2589000,3253.41
2590000,2773.87
2591000,0.509543
2592000,4927.17
2593000,671.659
2594000,0.561304
2595000,119.983
2596000,4107.66
2597000,0.516974
2598000,4659.35
2599000,0.544336
2600000,0.551459
2601000,696.762
2602000,4107.68
2603000,0.525176
2604000,119.972
2605000,94.3626
2606000,3248.66
2607000,94.3463
2608000,10925.7
2609000,0.540989
2610000,2773.9
2611000,0.570078
2612000,0.550969
2613000,6399.54
2614000,5946.72
2615000,0.510162
2616000,0.506652
2617000,0.537753
2618000,3342.49
2619000,0.57604
2620000,119.961
2621000,2773.87
2622000,5637.96
2623000,0.54725
2624000,7572.68
2625000,0.5205
2626000,0.566716
2627000,0.527282
2628000,7360.59
2629000,0.55311
2630000,11396.3
2631000,94.3612
2632000,2773.85
2633000,0.543235
2634000,94.3723
2635000,0.511519
2636000,3248.63
2637000,0.492199
2638000,3082.64
2639000,0.478644
2640000,94.3063
2641000,94.381
2642000,0.52821
2643000,12637.9
2644000,119.983
2645000,7692.12
2646000,0.510736
2647000,3535.5
2648000,3535.46
2649000,2034.42
2650000,0.534152
2651000,4201.52
2652000,3342.44
2653000,2864.65
2654000,2893.29
2655000,94.3606
2656000,0.525158
2657000,0.577098
2658000,3347.56
2659000,552.219
2660000,0.522587
2661000,94.3686
2662000,2773.87
2663000,0.53279
2664000,3805.07
2665000,0.513674
2666000,0.564873
2667000,6021.99
2668000,3465.51
2669000,2773.88
2670000,4107.7
2671000,119.968
2672000,0.527773
2673000,3248.69
2674000,0.553555
2675000,0.540093
2676000,602.903
2677000,119.977
2678000,3248.65
2679000,0.519102
2680000,2864.6
2681000,3082.69
2682000,3987.79
2683000,3535.5
2684000,0.562869
2685000,3465.55
2686000,2864.65
2687000,0.561535
2688000,3465.57
2689000,3535.55
2690000,3082.7
2691000,3248.68
2692000,119.978
2693000,0.5781
2694000,3535.57
2695000,602.917
2696000,0.541356
2697000,3248.63
2698000,119.955
2699000,2773.86
2700000,0.499178
2701000,2864.59
2702000,0.527697
2703000,483.48
2704000,0.5426
2705000,0.530666
2706000,0.535909
2707000,6423.41
2708000,0.529679
2709000,0.533151
2710000,0.522153
2711000,6112.73
2712000,2864.58
2713000,3465.54
2714000,0.554736
2715000,0.52117
2716000,3248.67
2717000,3248.63
2718000,0.565433
2719000,0.49327
2720000,119.983
2721000,0.552657
2722000,0.523854
2723000,0.548988
2724000,0.533274
2725000,0.553208
2726000,0.536588
2727000,119.991
2728000,94.3556
2729000,0.517203
2730000,3248.64
2731000,94.3595
2732000,0.551663
2733000,8994.91
2734000,94.363
2735000,3535.52
2736000,2893.26
2737000,3253.39
2738000,0.5491
2739000,5637.91
2740000,2773.88
2741000,0.507656
2742000,3535.51
2743000,2864.6
2744000,5946.75
2745000,0.534719
2746000,0.548963
2747000,94.4157
2748000,0.521542
2749000,0.491291
2750000,0.54787
2751000,483.439
2752000,552.224
2753000,0.532505
2754000,6399.54
2755000,0.568613
2756000,5637.94
2757000,646.056
2758000,0.549291
2759000,2773.88
2760000,119.971
2761000,119.989
2762000,94.382
2763000,0.538854
2764000,9104.13
2765000,0.53665
2766000,2773.89
2767000,0.521749
2768000,0.563558
2769000,2773.93
2770000,0.549212
2771000,6881.06
2772000,0.535743
2773000,0.529644
2774000,602.934
2775000,0.53939
2776000,0.525799
2777000,119.952
2778000,0.536626
2779000,0.502128
2780000,0.51063
2781000,119.973
2782000,3082.68
2783000,483.511
2784000,0.535505
2785000,0.547467
2786000,0.53763
2787000,2864.59
2788000,0.538907
2789000,0.494837
2790000,0.519644
2791000,0.522087
2792000,2034.4
2793000,2034.39
2794000,3467
2795000,0.545094
2796000,0.560672
2797000,7189.79
2798000,0.556388
2799000,3465.54
2800000,0.574503
2801000,3629.34
2802000,0.542403
2803000,94.3528
2804000,0.546581
2805000,483.524
2806000,0.544403
2807000,0.515028
2808000,2864.61
2809000,0.520617
2810000,0.55347
2811000,0.532248
2812000,0.564782
2813000,0.524193
2814000,0.546568
2815000,0.553042
2816000,4017.22
2817000,94.4042
2818000,577.361
2819000,0.470095
2820000,3559.35
2821000,2864.61
2822000,2864.61
2823000,2773.88
2824000,2864.6
2825000,119.977
2826000,552.226
2827000,94.385
2828000,0.548665
2829000,119.952
2830000,119.945
2831000,646.062
2832000,119.966
2833000,0.554255
2834000,2864.6
2835000,483.495
2836000,0.527519
2837000,552.197
2838000,0.529993
2839000,0.526877
2840000,0.551679
2841000,3248.62
2842000,94.3772
2843000,0.540795
2844000,0.569093
2845000,0.544558
2846000,2864.6
2847000,2864.6
2848000,2773.91
2849000,0.534727
2850000,3325.59
2851000,0.554147
2852000,0.540661
2853000,0.578143
2854000,0.490292
2855000,0.516423
2856000,0.524493
2857000,0.537635
2858000,0.525274
2859000,0.517453
2860000,0.518771
2861000,94.3527
2862000,4227.15
2863000,3368.06
2864000,3368.07
2865000,0.536593
2866000,3253.38
2867000,2773.89
2868000,119.994
2869000,119.934
2870000,0.483973
2871000,0.552468
2872000,3368.05
2873000,119.974
2874000,0.497306
2875000,483.478
2876000,0.553689
2877000,0.547533
2878000,0.533555
2879000,213.843
2880000,483.491
2881000,0.565909
2882000,0.587885
2883000,0.552718
2884000,483.52
2885000,0.583083
2886000,0.52942
2887000,3347.55
2888000,0.561584
2889000,2773.84
2890000,0.567055
2891000,0.5186
2892000,2034.37
2893000,119.984
2894000,0.502973
2895000,0.537531
2896000,2773.85
2897000,94.3937
2898000,0.550129
2899000,0.536835
2900000,483.512
2901000,0.530667
2902000,0.530011
2903000,0.542094
2904000,2773.87
2905000,0.510917
2906000,2034.37
2907000,94.3791
2908000,2864.58
2909000,2773.87
2910000,0.531187
2911000,0.534474
2912000,2867.73
2913000,0.562682
2914000,0.553252
2915000,646.056
2916000,0.566351
2917000,483.507
2918000,2958.45
2919000,94.4036
2920000,0.515721
2921000,2773.88
2922000,0.538545
2923000,0.555927
2924000,577.355
2925000,0.538607
2926000,602.932
2927000,0.557259
2928000,94.3314
2929000,0.538088
2930000,0.531663
2931000,2773.88
2932000,0.555649
2933000,0.552733
2934000,0.529815
2935000,0.535214
2936000,0.512633
2937000,2984.05
2938000,2773.83
2939000,0.522513
2940000,0.528641
2941000,0.53974
2942000,119.992
2943000,0.528428
2944000,2893.27
2945000,2893.33
2946000,0.548714
2947000,0.543619
2948000,0.559902
2949000,0.531262
2950000,3376.26
2951000,2864.61
2952000,94.3622
2953000,0.516496
2954000,2773.86
2955000,0.575057
2956000,0.5513
2957000,0.59001
2958000,2864.61
2959000,483.512
2960000,2773.88
2961000,0.561286
2962000,0.587861
2963000,0.522734
2964000,483.509
2965000,0.499627
2966000,602.947
2967000,0.52971
2968000,0.506048
2969000,0.528168
2970000,0.556852
2971000,0.510325
2972000,119.939
2973000,119.953
2974000,0.514424
2975000,646.056
2976000,0.513126
2977000,0.492461
2978000,0.549713
2979000,552.21
2980000,0.5023
2981000,0.523814
2982000,2773.89
2983000,0.532496
2984000,552.205
2985000,2773.89
2986000,0.520533
2987000,0.522797
2988000,94.3473
2989000,0.509855
2990000,94.3553
2991000,0.52414
2992000,94.3513
2993000,2773.88
2994000,119.984
2995000,0.540234
2996000,94.3665
2997000,2034.38
2998000,0.526805
2999000,0.55781
3000000,0.5046
3001000,0.522999
3002000,94.3717
3003000,0.548225
3004000,0.554822
3005000,2128.2
3006000,0.523413
3007000,0.53441
3008000,94.3727
3009000,0.529105
3010000,119.966
3011000,119.943
3012000,2034.39
3013000,0.501931
3014000,0.488524
3015000,213.845
3016000,0.560683
3017000,0.521945
3018000,0.55613
3019000,0.547629
3020000,94.3884
3021000,94.3782
3022000,671.658
3023000,94.3608
3024000,0.523994
3025000,119.981
3026000,119.977
3027000,0.551644
3028000,0.506132
3029000,0.527334
3030000,0.555552
3031000,94.3635
3032000,0.543993
3033000,0.530176
3034000,0.53916
3035000,0.526468
3036000,0.532614
3037000,0.540483
3038000,552.218
3039000,0.530164
3040000,483.489
3041000,0.516831
3042000,0.536665
3043000,94.3456
3044000,0.548263
3045000,0.552697
3046000,94.4173
3047000,0.526895
3048000,0.561307
3049000,0.541474
3050000,0.578876
3051000,119.973
3052000,94.3908
3053000,0.520986
3054000,0.549817
3055000,0.520169
3056000,94.3176
3057000,0.544856
3058000,94.3822
3059000,94.4019
3060000,0.550695
3061000,0.52366
3062000,0.521573
3063000,0.55059
3064000,0.545405
3065000,94.3621
3066000,0.584046
3067000,0.539718
3068000,0.537884
3069000,0.559097
3070000,0.541278
3071000,94.3625
3072000,602.956
3073000,483.5
3074000,2034.39
3075000,0.554169
3076000,483.471
3077000,0.51441
3078000,0.543694
3079000,0.56012
3080000,120.004
3081000,0.525427
3082000,0.54096
3083000,119.973
3084000,94.3587
3085000,213.822
3086000,0.52419
3087000,0.547989
3088000,0.524956
3089000,0.521574
3090000,94.3599
3091000,0.544775
3092000,94.355
3093000,577.267
3094000,552.233
3095000,0.534624
3096000,0.536259
3097000,0.513933
3098000,119.986
3099000,119.947
3100000,0.508981
3101000,0.537724
3102000,646.054
3103000,0.513452
3104000,0.558628
3105000,483.498
3106000,213.806
3107000,120.006
3108000,0.528648
3109000,0.542576
3110000,0.570023
3111000,0.557604
3112000,2034.37
3113000,0.500045
3114000,0.529058
3115000,0.513835
3116000,94.3742
3117000,94.3669
3118000,94.391
3119000,0.583706
3120000,0.537795
3121000,119.974
3122000,0.549341
3123000,0.531953
3124000,119.958
3125000,0.537162
3126000,0.543717
3127000,0.50067
3128000,0.501404
3129000,0.524534
3130000,0.580355
3131000,94.3731
3132000,552.202
3133000,0.533708
3134000,0.556539
3135000,0.553564
3136000,0.543742
3137000,94.3623
3138000,0.528277
3139000,0.514413
3140000,0.542249
3141000,0.526979
3142000,0.540799
3143000,0.510809
3144000,0.515274
3145000,0.532321
3146000,119.959
3147000,0.515736
3148000,0.526044
3149000,0.551354
3150000,94.3685
3151000,94.3543
3152000,0.547925
3153000,0.515438
3154000,0.553605
3155000,0.509052
3156000,483.471
3157000,0.516334
3158000,0.546848
3159000,0.54957
3160000,0.560478
3161000,2034.4
3162000,0.519883
3163000,646.043
3164000,0.572757
3165000,119.998
3166000,119.986
3167000,0.535776
3168000,0.566148
3169000,0.539463
3170000,119.99
3171000,552.246
3172000,0.554378
3173000,0.53383
3174000,0.538162
3175000,483.476
3176000,119.988
3177000,0.534612
3178000,0.557182
3179000,119.967
3180000,94.3618
3181000,483.534
3182000,0.554533
3183000,0.587319
3184000,119.989
3185000,0.523106
3186000,0.52016
3187000,94.388
3188000,119.964
3189000,0.585705
3190000,0.564551
3191000,213.814
3192000,119.963
3193000,0.539322
3194000,0.53733
3195000,483.508
3196000,0.537424
3197000,119.999
3198000,0.550484
3199000,0.55343
3200000,0.560684
3201000,0.552355
3202000,1129.04
3203000,0.510593
3204000,602.941
3205000,483.497
3206000,119.949
3207000,0.502348
3208000,0.533814
3209000,0.540083
3210000,0.484028
3211000,0.540668
3212000,0.554603
3213000,483.511
3214000,0.563317
3215000,0.522256
3216000,0.544073
3217000,0.526824
3218000,0.543455
3219000,94.3652
3220000,0.513707
3221000,552.239
3222000,94.353
3223000,119.942
3224000,2034.35
3225000,0.562992
3226000,0.513362
3227000,94.3611
3228000,0.550534
3229000,0.559893
3230000,0.524696
3231000,0.531559
3232000,1128.99
3233000,0.557733
3234000,0.542277
3235000,0.503894
3236000,0.516987
3237000,0.550357
3238000,0.546141
3239000,94.3586
3240000,0.499059
3241000,0.488631
3242000,0.535466
3243000,94.363
3244000,0.539698
3245000,94.3808
3246000,0.513217
3247000,119.985
3248000,0.55227
3249000,0.546638
3250000,0.540425
3251000,0.533599
3252000,552.22
3253000,0.554509
3254000,0.559212
3255000,0.528733
3256000,0.533785
3257000,94.3861
3258000,0.540902
3259000,0.516813
3260000,0.501037
3261000,0.52572
3262000,0.531571
3263000,119.983
3264000,119.974
3265000,0.504595
3266000,119.952
3267000,0.560706
3268000,0.529786
3269000,119.971
3270000,119.967
3271000,0.537474
3272000,0.488457
3273000,0.51119
3274000,0.522884
3275000,119.964
3276000,0.501073
3277000,0.563133
3278000,602.941
3279000,0.559428
3280000,94.3899
3281000,0.545252
3282000,0.546266
3283000,0.538327
3284000,646.036
3285000,94.348
3286000,0.509957
3287000,552.223
3288000,0.557668
3289000,94.3811
3290000,0.477699
3291000,94.3902
3292000,0.514255
3293000,0.543411
3294000,0.54914
3295000,0.544206
3296000,0.573287
3297000,0.569238
3298000,0.574661
3299000,119.954
3300000,0.535915
3301000,0.555667
3302000,0.538348
3303000,0.50326
3304000,0.5307
3305000,119.951
3306000,0.528289
3307000,0.537035
3308000,94.3658
3309000,0.511898
3310000,0.531901
3311000,577.315
3312000,0.520947
3313000,0.575314
3314000,119.992
3315000,94.3627
3316000,94.3398
3317000,0.527419
3318000,552.217
3319000,119.978
3320000,0.53558
3321000,94.3676
3322000,120
3323000,646.06
3324000,0.588109
3325000,94.3652
3326000,119.972
3327000,0.521252
3328000,0.538873
3329000,0.533221
3330000,94.3472
3331000,119.977
3332000,119.909
3333000,0.52698
3334000,0.592749
3335000,0.522288
3336000,0.54102
3337000,0.514372
3338000,0.532191
3339000,94.4052
3340000,0.550563
3341000,94.3793
3342000,94.3943
3343000,94.4041
3344000,94.3434
3345000,94.3813
3346000,646.075
3347000,0.558628
3348000,0.547166
3349000,0.514068
3350000,0.535132
3351000,94.3679
3352000,94.3679
3353000,0.547619
3354000,94.3977
3355000,0.553571
3356000,0.558747
3357000,0.535179
3358000,119.975
3359000,213.795
3360000,671.679
3361000,0.509931
3362000,483.505
3363000,94.4007
3364000,0.514392
3365000,94.3494
3366000,0.558458
3367000,94.4113
3368000,119.946
3369000,119.939
3370000,94.3833
3371000,0.545041
3372000,0.565672
3373000,0.55602
3374000,0.532204
3375000,0.594453
3376000,483.486
3377000,0.536583
3378000,0.546032
3379000,0.539289
3380000,0.542976
3381000,94.3671
3382000,94.377
3383000,552.252
3384000,120.002
3385000,0.526983
3386000,0.538842
3387000,0.597223
3388000,94.3676
3389000,0.524769
3390000,0.519164
3391000,552.241
3392000,0.518556
3393000,119.979
3394000,0.518091
3395000,0.516804
3396000,0.537367
3397000,0.556178
3398000,0.510953
3399000,0.581203
3400000,120.025
3401000,0.568428
3402000,0.563872
3403000,94.3695
3404000,0.557196
3405000,119.976
3406000,94.393
3407000,119.98
3408000,0.516132
3409000,94.3816
3410000,0.556096
3411000,94.343
3412000,119.96
3413000,0.571453
3414000,0.51566
3415000,0.515702
3416000,0.520358
3417000,0.537126
3418000,94.3248
3419000,94.3573
3420000,0.522142
3421000,0.563087
3422000,0.537289
3423000,94.3536
3424000,0.538785
3425000,94.4155
3426000,119.985
3427000,0.571232
3428000,0.533584
3429000,0.577603
3430000,0.519339
3431000,671.679
3432000,0.565406
3433000,0.543419
3434000,0.524605
3435000,0.500363
3436000,0.514763
3437000,119.957
3438000,671.656
3439000,0.510095
3440000,120.013
3441000,0.554164
3442000,0.559869
3443000,0.515135
3444000,119.975
3445000,0.516341
3446000,0.551129
3447000,0.519001
3448000,0.522159
3449000,0.533396
3450000,0.531427
3451000,0.515646
3452000,119.96
3453000,119.943
3454000,0.562604
3455000,0.580727
3456000,0.53375
3457000,0.518963
3458000,119.982
3459000,0.522657
3460000,483.476
3461000,0.520928
3462000,119.953
3463000,0.502172
3464000,0.523273
3465000,0.560353
3466000,119.976
3467000,0.538756
3468000,0.548473
3469000,119.961
3470000,0.528854
3471000,483.466
3472000,0.529354
3473000,0.51809
3474000,0.546303
3475000,119.952
3476000,119.986
3477000,1035.19
3478000,119.94
3479000,0.526685
3480000,483.493
3481000,119.974
3482000,94.3681
3483000,0.532263
3484000,0.527615
3485000,0.555894
3486000,0.552997
3487000,552.237
3488000,94.3871
3489000,0.557052
3490000,0.521679
3491000,0.528853
3492000,0.549115
3493000,119.968
3494000,0.569538
3495000,0.518315
3496000,0.538923
3497000,94.352
3498000,646.07
3499000,119.998
3500000,0.544498
3501000,0.529572
3502000,0.558295
3503000,0.530427
3504000,0.515283
3505000,119.969
3506000,0.549365
3507000,94.3577
3508000,0.53542
3509000,0.538908
3510000,0.559495
3511000,0.521122
3512000,0.511279
3513000,0.564916
3514000,0.538124
3515000,602.933
3516000,0.57657
3517000,119.983
3518000,0.552043
3519000,0.521589
3520000,0.552115
3521000,94.3964
3522000,552.219
3523000,0.542671
3524000,0.581455
3525000,119.977
3526000,483.509
3527000,94.3841
3528000,94.3614
3529000,0.559382
3530000,0.523584
3531000,94.3522
3532000,94.3751
3533000,0.523366
3534000,119.955
3535000,0.555636
3536000,94.397
3537000,1035.18
3538000,0.529327
3539000,0.540531
3540000,120.003
3541000,94.3609
3542000,0.535759
3543000,0.546933
3544000,0.562222
3545000,0.533906
3546000,0.555551
3547000,0.554294
3548000,94.3716
3549000,0.495796
3550000,0.550608
3551000,0.531607
3552000,0.534312
3553000,0.553723
3554000,0.553343
3555000,94.3736
3556000,0.575871
3557000,0.544016
3558000,483.519
3559000,119.997
3560000,552.223
3561000,0.530424
3562000,0.52475
3563000,0.576583
3564000,0.535913
3565000,0.560661
3566000,0.547928
3567000,94.4167
3568000,119.992
3569000,0.545713
3570000,0.562026
3571000,0.545879
3572000,483.51
3573000,0.563716
3574000,0.53496
3575000,0.53302
3576000,646.064
3577000,120.015
3578000,0.563093
3579000,0.524136
3580000,0.545318
3581000,0.513324
3582000,0.527888
3583000,552.195
3584000,671.684
3585000,552.245
3586000,119.966
3587000,552.179
3588000,0.510917
3589000,0.49676
3590000,0.5173
3591000,119.988
3592000,0.562051
3593000,0.553005
3594000,0.52433
3595000,0.504584
3596000,0.516873
3597000,119.961
3598000,94.3681
3599000,0.531971
3600000,0.528109
3601000,0.506674
3602000,0.535168
3603000,213.805
3604000,0.53234
3605000,120.003
3606000,0.492354
3607000,0.503178
3608000,552.233
3609000,0.5519
3610000,602.902
3611000,0.577221
3612000,0.562239
3613000,0.549661
3614000,0.527758
3615000,0.547661
3616000,552.262
3617000,0.552182
3618000,0.529838
3619000,0.528115
3620000,0.508292
3621000,119.987
3622000,0.551072
3623000,0.546329
3624000,0.530625
3625000,0.548
3626000,0.540277
3627000,120.001
3628000,0.544835
3629000,0.528425
3630000,0.547487
3631000,0.574624
3632000,0.515548
3633000,94.4115
3634000,0.514965
3635000,0.578483
3636000,0.543464
3637000,0.574002
3638000,94.3766
3639000,646.072
3640000,0.551835
3641000,119.97
3642000,0.577452
3643000,0.548078
3644000,0.538496
3645000,120.007
3646000,0.542319
3647000,552.221
3648000,0.487176
3649000,0.557634
3650000,119.931
3651000,1035.19
3652000,119.98
3653000,0.570231
3654000,0.552816
3655000,0.555527
3656000,119.968
3657000,552.24
3658000,119.983
3659000,0.528992
3660000,119.976
3661000,0.553345
3662000,0.545468
3663000,0.495611
3664000,0.549026
3665000,119.971
3666000,1035.18
3667000,119.955
3668000,0.558254
3669000,0.506952
3670000,0.525422
3671000,94.3488
3672000,0.501993
3673000,0.544762
3674000,0.519926
3675000,765.531
3676000,0.534064
3677000,0.514498
3678000,0.544581
3679000,94.3523
3680000,671.672
3681000,0.531343
3682000,0.55624
3683000,94.3964
3684000,483.51
3685000,0.519386
3686000,483.473
3687000,646.079
3688000,119.969
3689000,552.233
3690000,0.526741
3691000,94.3604
3692000,0.539694
3693000,0.565353
3694000,0.542615
3695000,0.516311
3696000,0.526464
3697000,0.564919
3698000,552.224
3699000,119.966
3700000,0.520785
3701000,0.536589
3702000,119.997
3703000,0.556006
3704000,552.22
3705000,0.50376
3706000,94.3525
3707000,577.31
3708000,0.536918
3709000,119.965
3710000,0.552948
3711000,119.982
3712000,0.571899
3713000,0.537809
3714000,0.519612
3715000,0.57586
3716000,0.515836
3717000,94.341
3718000,0.568447
3719000,0.539779
3720000,0.525686
3721000,0.535392
3722000,0.520212
3723000,0.527104
3724000,0.536794
3725000,552.244
3726000,94.3453
3727000,119.952
3728000,0.526326
3729000,602.932
3730000,0.560339
3731000,0.536762
3732000,0.556042
3733000,0.553433
3734000,0.560405
3735000,483.494
3736000,0.555409
3737000,0.554494
3738000,552.228
3739000,552.251
3740000,119.978
3741000,0.527103
3742000,119.994
3743000,552.218
3744000,0.5325
3745000,0.537251
3746000,552.23
3747000,94.3529
3748000,0.548985
3749000,0.524677
3750000,0.533359
3751000,0.534186
3752000,0.544132
3753000,0.534193
3754000,94.3966
3755000,0.555375
3756000,0.571624
3757000,0.557086
3758000,602.918
3759000,119.975
3760000,0.566512
3761000,94.3868
3762000,0.533828
3763000,0.549507
3764000,213.802
3765000,577.369
3766000,0.53388
3767000,0.530252
3768000,119.966
3769000,0.512542
3770000,0.52659
3771000,119.963
3772000,0.512757
3773000,120.009
3774000,0.543757
3775000,0.549114
3776000,0.520834
3777000,119.949
3778000,0.55863
3779000,0.530661
3780000,0.543289
3781000,0.534553
3782000,0.53101
3783000,0.521778
3784000,0.560573
3785000,213.822
3786000,0.567147
3787000,0.538546
3788000,0.58879
3789000,0.520438
3790000,0.503402
3791000,0.558621
3792000,0.525021
3793000,0.504071
3794000,0.546239
3795000,119.972
3796000,119.969
3797000,94.4171
3798000,94.36
3799000,0.50046
3800000,0.523406
3801000,119.943
3802000,0.540343
3803000,0.496361
3804000,0.521058
3805000,94.3417
3806000,552.246
3807000,119.998
3808000,0.543039
3809000,119.973
3810000,0.549211
3811000,0.552976
3812000,94.3521
3813000,213.807
3814000,0.549052
3815000,0.564662
3816000,0.55914
3817000,0.547779
3818000,0.570759
3819000,94.3971
3820000,0.564412
3821000,0.538578
3822000,0.5113
3823000,94.3714
3824000,0.538156
3825000,552.258
3826000,94.3679
3827000,0.546113
3828000,0.548596
3829000,0.575262
3830000,0.542828
3831000,0.528892
3832000,0.524367
3833000,0.551098
3834000,0.528084
3835000,0.543277
3836000,119.944
3837000,94.3908
3838000,0.564139
3839000,119.961
3840000,0.536358
3841000,0.532942
3842000,646.068
3843000,0.55357
3844000,0.515956
3845000,0.578212
3846000,0.54244
3847000,94.3451
3848000,0.547444
3849000,0.551292
3850000,0.550955
3851000,119.969
3852000,0.561445
3853000,120
3854000,0.478438
3855000,552.212
3856000,119.99
3857000,0.538224
3858000,119.982
3859000,119.976
3860000,94.3898
3861000,0.50666
3862000,119.969
3863000,119.964
3864000,0.544552
3865000,0.5217
3866000,94.3537
3867000,0.50917
3868000,483.503
3869000,0.546855
3870000,119.991
3871000,0.502707
3872000,0.516052
3873000,671.678
3874000,0.573413
3875000,0.555454
3876000,0.580454
3877000,94.3911
3878000,119.944
3879000,0.564945
3880000,0.536251
3881000,0.523392
3882000,552.251
3883000,94.3576
3884000,671.674
3885000,119.981
3886000,552.24
3887000,94.3613
3888000,0.575815
3889000,94.3869
3890000,0.51788
3891000,119.978
3892000,0.551565
3893000,552.225
3894000,552.239
3895000,0.547907
3896000,0.499654
3897000,0.544555
3898000,0.536057
3899000,0.527816
3900000,0.55068
3901000,0.521842
3902000,0.551379
3903000,0.556513
3904000,0.543184
3905000,0.515931
3906000,94.3797
3907000,0.544025
3908000,0.558993
3909000,483.506
3910000,0.530207
3911000,0.546681
3912000,0.54336
3913000,671.652
3914000,0.520119
3915000,0.563585
3916000,0.536226
3917000,0.513629
3918000,0.572541
3919000,0.544625
3920000,119.979
3921000,0.527947
3922000,120.021
3923000,0.540307
3924000,0.494453
3925000,0.537762
3926000,94.3391
3927000,0.524587
3928000,0.539116
3929000,0.521365
3930000,0.56477
3931000,0.556096
3932000,0.556534
3933000,0.528411
3934000,0.543181
3935000,0.566025
3936000,0.499629
3937000,0.520582
3938000,0.533622
3939000,0.558645
3940000,0.547378
3941000,0.533235
3942000,0.52088
3943000,94.3604
3944000,0.487306
3945000,0.543041
3946000,0.496206
3947000,0.496072
3948000,94.3744
3949000,0.543482
3950000,0.55801
3951000,0.534013
3952000,0.521686
3953000,119.984
3954000,0.550804
3955000,119.952
3956000,0.536798
3957000,0.483703
3958000,119.97
3959000,0.508787
3960000,0.543672
3961000,0.542013
3962000,0.565992
3963000,119.982
3964000,0.526683
3965000,552.225
3966000,0.540885
3967000,0.54214
3968000,0.51589
3969000,0.545728
3970000,0.496577
3971000,0.563872
3972000,483.513
3973000,0.527222
3974000,0.558785
3975000,0.529816
3976000,0.49973
3977000,0.540819
3978000,120.009
3979000,0.500588
3980000,0.538835
3981000,119.947
3982000,0.52942
3983000,119.959
3984000,94.3615
3985000,0.47462
3986000,0.534355
3987000,0.504871
3988000,0.51029
3989000,0.540762
3990000,0.527907
3991000,0.546681
3992000,0.529934
3993000,0.499829
3994000,0.548879
3995000,0.54934
3996000,94.3579
3997000,0.555729
3998000,0.502679
3999000,0.531185
4000000,483.509
4001000,0.519736
4002000,0.48809
4003000,0.497611
4004000,0.50502
4005000,0.523692
4006000,0.558285
4007000,0.549415
4008000,552.235
4009000,119.978
4010000,94.3758
4011000,0.510976
4012000,0.49671
4013000,0.558845
4014000,0.536321
4015000,119.951
4016000,0.534672
4017000,119.967
4018000,119.996
4019000,0.502233
4020000,0.51103
4021000,94.3566
4022000,0.548406
4023000,0.543445
4024000,0.515248
4025000,0.555989
4026000,119.965
4027000,0.525738
4028000,94.3732
4029000,119.982
4030000,0.524459
4031000,120.004
4032000,0.525527
4033000,483.512
4034000,671.636
4035000,0.505838
4036000,0.541022
4037000,94.3787
4038000,0.526428
4039000,94.4077
4040000,0.538404
4041000,577.322
4042000,0.517966
4043000,0.493822
4044000,0.530628
4045000,483.494
4046000,119.945
4047000,483.497
4048000,119.974
4049000,0.523834
4050000,119.989
4051000,0.537181
4052000,0.552287
4053000,483.506
4054000,119.973
4055000,0.547526
4056000,483.511
4057000,119.987
4058000,0.517048
4059000,0.551102
4060000,119.973
4061000,119.951
4062000,119.985
4063000,0.531367
4064000,94.3141
4065000,0.55328
4066000,0.546858
4067000,0.505502
4068000,0.562618
4069000,0.543939
4070000,120.016
4071000,0.543277
4072000,119.984
4073000,0.545069
4074000,0.516614
4075000,483.519
4076000,0.561461
4077000,0.536083
4078000,119.943
4079000,0.547504
4080000,0.531011
4081000,119.946
4082000,552.201
4083000,119.998
4084000,119.987
4085000,0.535871
4086000,0.525802
4087000,0.508792
4088000,0.533223
4089000,0.547064
4090000,602.922
4091000,213.801
4092000,0.53342
4093000,483.483
4094000,0.536928
4095000,0.533936
4096000,671.628
4097000,0.548658
4098000,0.549459
4099000,94.3612
4100000,0.494521
4101000,0.543261
4102000,0.565262
4103000,0.54095
4104000,94.3606
4105000,94.3689
4106000,0.545088
4107000,0.561028
4108000,0.511778
4109000,0.529666
4110000,0.524965
4111000,94.3562
4112000,0.535347
4113000,94.3044
4114000,0.51951
4115000,0.544808
4116000,0.523659
4117000,0.492426
4118000,0.509874
4119000,0.507625
4120000,119.95
4121000,0.551504
4122000,94.3713
4123000,0.576694
4124000,0.563182
4125000,0.546297
4126000,0.577963
4127000,0.568125
4128000,0.529589
4129000,0.519554
4130000,0.550284
4131000,0.55737
4132000,94.3496
4133000,0.523689
4134000,0.556344
4135000,94.3498
4136000,0.51076
4137000,0.542056
4138000,0.597561
4139000,0.533556
4140000,0.544447
4141000,94.3546
4142000,0.540838
4143000,0.536329
4144000,94.3685
4145000,119.969
4146000,94.3694
4147000,119.951
4148000,94.412
4149000,0.528715
4150000,0.571557
4151000,0.567482
4152000,119.981
4153000,0.525963
4154000,119.941
4155000,0.56611
4156000,0.51681
4157000,0.517369
4158000,119.98
4159000,0.536676
4160000,0.524701
4161000,0.510388
4162000,0.542359
4163000,0.549067
4164000,0.551254
4165000,0.541211
4166000,0.526656
4167000,119.936
4168000,0.53262
4169000,0.529547
4170000,0.533406
4171000,0.531668
4172000,0.540176
4173000,0.523833
4174000,94.3319
4175000,0.511128
4176000,119.936
4177000,0.513169
4178000,0.496597
4179000,0.50866
4180000,0.542252
4181000,0.534955
4182000,120.009
4183000,0.555511
4184000,0.531048
4185000,0.542551
4186000,119.954
4187000,0.532487
4188000,0.580327
4189000,0.557574
4190000,94.3566
4191000,0.54087
4192000,94.3784
4193000,483.499
4194000,119.969
4195000,0.526477
4196000,0.519238
4197000,0.535732
4198000,94.3873
4199000,0.506907
4200000,0.5552
4201000,94.3899
4202000,94.3915
4203000,0.488778
4204000,602.938
4205000,0.524289
4206000,0.544205
4207000,0.554418
4208000,119.984
4209000,0.522079
4210000,552.234
4211000,94.3728
4212000,0.526589
4213000,0.522178
4214000,0.527227
4215000,119.958
4216000,119.966
4217000,0.542664
4218000,0.579196
4219000,0.57297
4220000,0.526827
4221000,94.3835
4222000,0.499726
4223000,0.510966
4224000,0.543066
4225000,0.560148
4226000,0.531984
4227000,119.974
4228000,0.486901
4229000,0.541151
4230000,94.3559
4231000,0.538758
4232000,119.956
4233000,0.55087
4234000,94.4065
4235000,0.508529
4236000,0.538052
4237000,0.544805
4238000,0.527514
4239000,0.525657
4240000,0.56889
4241000,671.687
4242000,0.557771
4243000,0.533359
4244000,0.502084
4245000,552.228
4246000,0.521623
4247000,0.539215
4248000,0.563287
4249000,602.934
4250000,0.55306
4251000,0.526661
4252000,0.520297
4253000,0.547475
4254000,0.534765
4255000,0.528014
4256000,0.550385
4257000,0.498015
4258000,119.983
4259000,119.984
4260000,0.526073
4261000,0.538121
4262000,0.537349
4263000,0.564787
4264000,0.518364
4265000,0.54352
4266000,0.526145
4267000,0.557242
4268000,577.295
4269000,0.505447
4270000,0.517325
4271000,0.494344
4272000,0.541141
4273000,0.544705
4274000,0.535319
4275000,119.962
4276000,0.532162
4277000,0.560053
4278000,0.56325
4279000,94.386
4280000,0.525857
4281000,0.532578
4282000,0.498321
4283000,94.3709
4284000,0.505191
4285000,0.543097
4286000,119.993
4287000,671.675
4288000,0.532877
4289000,0.54012
4290000,94.3339
4291000,0.557319
4292000,0.525785
4293000,0.544841
4294000,483.474
4295000,0.510576
4296000,119.976
4297000,0.509084
4298000,0.525776
4299000,0.57387
4300000,0.537356
4301000,119.964
4302000,0.548709
4303000,0.580314
4304000,94.337
4305000,483.491
4306000,0.590325
4307000,0.546255
4308000,119.999
4309000,0.537531
4310000,0.562971
4311000,0.56221
4312000,0.539388
4313000,0.56171
4314000,0.534972
4315000,0.521931
4316000,483.497
4317000,0.522466
4318000,0.511014
4319000,119.989
4320000,0.523315
4321000,0.523743
4322000,94.3242
4323000,0.52983
4324000,0.507205
4325000,0.536653
4326000,0.521043
4327000,0.526092
4328000,483.475
4329000,94.3622
4330000,0.529845
4331000,483.527
4332000,0.522258
4333000,0.514505
4334000,0.543535
4335000,0.528658
4336000,0.54162
4337000,120.017
4338000,94.3752
4339000,94.3519
4340000,483.495
4341000,0.595716
4342000,0.559638
4343000,0.524849
4344000,0.561478
4345000,0.546008
4346000,94.3868
4347000,120.005
4348000,0.54494
4349000,0.548296
4350000,0.513975
4351000,0.543232
4352000,483.491
4353000,0.528091
4354000,94.3633
4355000,94.3732
4356000,0.563213
4357000,0.537248
4358000,94.3704
4359000,0.540397
4360000,0.54235
4361000,0.539826
4362000,0.512934
4363000,0.540778
4364000,0.548013
4365000,0.526612
4366000,0.543409
4367000,119.951
4368000,0.571029
4369000,0.554567
4370000,0.5071
4371000,0.535268
4372000,0.500939
4373000,0.560165
4374000,0.57635
4375000,94.3738
4376000,483.463
4377000,0.498267
4378000,483.486
4379000,0.544597
4380000,0.53961
4381000,119.982
4382000,0.534142
4383000,0.577727
4384000,119.997
4385000,0.557206
4386000,0.534008
4387000,0.535334
4388000,0.563236
4389000,0.548811
4390000,0.531638
4391000,94.3866
4392000,0.544497
4393000,119.97
4394000,0.535045
4395000,0.529361
4396000,0.550938
4397000,94.3529
4398000,0.466412
4399000,0.533359
4400000,0.520661
4401000,0.551938
4402000,119.968
4403000,0.549098
4404000,119.931
4405000,0.544798
4406000,0.528757
4407000,0.528556
4408000,0.542134
4409000,0.535531
4410000,119.988
4411000,0.515467
4412000,0.543235
4413000,0.554555
4414000,0.539136
4415000,0.553887
4416000,0.5254
4417000,0.546685
4418000,0.550502
4419000,94.3613
4420000,94.3621
4421000,119.968
4422000,0.570978
4423000,0.591781
4424000,0.558824
4425000,0.527211
4426000,0.537626
4427000,94.3577
4428000,94.3584
4429000,119.995
4430000,94.3614
4431000,0.548741
4432000,0.51947
4433000,0.548936
4434000,0.559777
4435000,119.987
4436000,0.525144
4437000,0.520191
4438000,119.962
4439000,0.524894
4440000,94.3481
4441000,0.564674
4442000,0.52145
4443000,0.501968
4444000,0.552357
4445000,0.52421
4446000,0.55765
4447000,94.3854
4448000,119.989
4449000,119.952
4450000,0.554159
4451000,0.55099
4452000,0.556852
4453000,0.569909
4454000,94.3916
4455000,0.562609
4456000,0.555697
4457000,0.542775
4458000,120.011
4459000,0.552482
4460000,120.003
4461000,0.529959
4462000,0.51424
4463000,119.992
4464000,94.3732
4465000,0.51756
4466000,0.517953
4467000,0.504645
4468000,0.525415
4469000,0.552665
4470000,0.516203
4471000,213.821
4472000,119.932
4473000,119.986
4474000,0.520124
4475000,0.537458
4476000,0.558304
4477000,0.530438
4478000,0.552509
4479000,0.541127
4480000,0.530326
4481000,0.536898
4482000,0.546888
4483000,0.538009
4484000,119.974
4485000,0.514667
4486000,0.562622
4487000,0.549107
4488000,0.493697
4489000,0.528239
4490000,0.548281
4491000,0.56386
4492000,0.541215
4493000,0.535406
4494000,119.958
4495000,0.559002
4496000,0.533852
4497000,0.543044
4498000,120
4499000,0.548061
4500000,0.562143
4501000,94.4059
4502000,94.3761
4503000,0.540486
4504000,119.95
4505000,0.552951
4506000,0.512364
4507000,94.3629
4508000,0.585721
4509000,0.564898
4510000,0.537108
4511000,0.549491
4512000,0.589798
4513000,0.524545
4514000,94.3718
4515000,0.552508
4516000,0.526789
4517000,119.97
4518000,119.97
4519000,119.956
4520000,0.543283
4521000,0.531938
4522000,119.916
4523000,0.534109
4524000,0.525209
4525000,0.537969
4526000,0.587774
4527000,0.543828
4528000,0.537538
4529000,94.3595
4530000,0.500244
4531000,0.579663
4532000,120.002
4533000,0.583225
4534000,0.553475
4535000,0.521994
4536000,0.52556
4537000,0.558134
4538000,0.569928
4539000,0.54254
4540000,0.499441
4541000,0.575704
4542000,119.988
4543000,119.999
4544000,0.553087
4545000,94.3711
4546000,0.519647
4547000,0.521982
4548000,94.3837
4549000,0.517432
4550000,0.516432
4551000,0.51145
4552000,94.382
4553000,0.540896
4554000,0.504719
4555000,0.538219
4556000,0.539544
4557000,0.51435
4558000,0.546023
4559000,0.520722
4560000,119.996
4561000,0.563034
4562000,0.533952
4563000,0.532335
4564000,0.530115
4565000,0.557849
4566000,119.971
4567000,119.989
4568000,94.4105
4569000,0.557968
4570000,0.556817
4571000,0.517173
4572000,0.495978
4573000,0.532858
4574000,0.544728
4575000,0.535032
4576000,0.535363
4577000,119.991
4578000,0.510828
4579000,119.992
4580000,119.955
4581000,94.3683
4582000,0.522827
4583000,0.511726
4584000,0.530914
4585000,0.533611
4586000,0.534333
4587000,0.542241
4588000,120.015
4589000,0.554279
4590000,0.524468
4591000,119.994
4592000,0.539773
4593000,0.552069
4594000,0.542015
4595000,94.3499
4596000,119.972
4597000,0.547126
4598000,119.934
4599000,0.522599
4600000,0.534681
4601000,119.984
4602000,0.490535
4603000,0.556844
4604000,94.3538
4605000,94.3739
4606000,0.526388
4607000,0.554175
4608000,0.496608
4609000,119.952
4610000,0.540465
4611000,0.556203
4612000,119.96
4613000,213.839
4614000,0.509838
4615000,94.3644
4616000,0.544269
4617000,0.52782
4618000,0.536482
4619000,0.511942
4620000,0.533854
4621000,94.3373
4622000,0.549017
4623000,0.510452
4624000,0.565789
4625000,0.545997
4626000,0.505394
4627000,0.582227
4628000,0.529902
4629000,94.3686
4630000,0.522327
4631000,0.541366
4632000,94.3498
4633000,0.585281
4634000,119.974
4635000,119.939
4636000,0.545887
4637000,0.513686
4638000,0.558754
4639000,0.50092
4640000,0.570875
4641000,119.958
4642000,0.533682
4643000,213.817
4644000,0.51184
4645000,0.532719
4646000,119.96
4647000,0.5667
4648000,0.529689
4649000,120.025
4650000,0.53319
4651000,0.552507
4652000,0.553221
4653000,0.545016
4654000,0.509729
4655000,120.018
4656000,0.525895
4657000,94.336
4658000,0.535129
4659000,0.499749
4660000,0.522275
4661000,0.579353
4662000,119.981
4663000,0.541723
4664000,0.565159
4665000,0.560506
4666000,0.538184
4667000,0.526872
4668000,0.571756
4669000,0.565621
4670000,213.802
4671000,119.947
4672000,0.55751
4673000,0.523888
4674000,0.516788
4675000,119.968
4676000,0.563577
4677000,0.536983
4678000,94.3724
4679000,120.017
4680000,0.482631
4681000,0.530517
4682000,0.53996
4683000,94.4134
4684000,0.522341
4685000,0.571836
4686000,119.945
4687000,94.393
4688000,0.546822
4689000,0.529986
4690000,0.544391
4691000,0.562599
4692000,0.551562
4693000,0.571339
4694000,119.991
4695000,0.53909
4696000,0.549227
4697000,94.3924
4698000,0.554929
4699000,0.50228
4700000,119.971
4701000,0.528458
4702000,0.554046
4703000,0.538216
4704000,0.510856
4705000,94.3679
4706000,0.517561
4707000,0.554394
4708000,119.951
4709000,0.551852
4710000,0.518993
4711000,0.557069
4712000,0.562726
4713000,0.535693
4714000,119.949
4715000,94.3596
4716000,0.50905
4717000,0.519764
4718000,0.541886
4719000,0.547689
4720000,0.561303
4721000,0.499667
4722000,0.499349
4723000,0.493911
4724000,94.3691
4725000,119.957
4726000,0.552112
4727000,119.925
4728000,119.979
4729000,0.545636
4730000,0.520348
4731000,0.547921
4732000,0.54562
4733000,0.533896
4734000,0.521072
4735000,0.523797
4736000,0.521226
4737000,0.547377
4738000,120.003
4739000,0.53357
4740000,0.510954
4741000,0.50051
4742000,0.513651
4743000,0.527476
4744000,94.359
4745000,0.529745
4746000,0.530031
4747000,0.506357
4748000,0.556673
4749000,0.536226
4750000,0.550221
4751000,0.550116
4752000,0.526402
4753000,0.566104
4754000,0.5068
4755000,0.545572
4756000,0.537637
4757000,119.957
4758000,94.3761
4759000,0.547299
4760000,0.547528
4761000,0.527271
4762000,119.948
4763000,0.519318
4764000,0.542052
4765000,0.530569
4766000,94.3702
4767000,120.003
4768000,0.526515
4769000,0.525033
4770000,119.974
4771000,0.492763
4772000,0.542465
4773000,0.523306
4774000,0.536854
4775000,0.561115
4776000,0.529055
4777000,119.915
4778000,0.497256
4779000,0.547193
4780000,0.52642
4781000,0.490225
4782000,119.986
4783000,0.523454
4784000,0.539311
4785000,94.3615
4786000,94.3824
4787000,119.976
4788000,0.532843
4789000,0.523528
4790000,0.544657
4791000,0.541758
4792000,0.532556
4793000,0.554094
4794000,119.992
4795000,0.533437
4796000,0.52846
4797000,0.560801
4798000,0.548025
4799000,119.968
4800000,0.506899
4801000,0.539398
4802000,0.554171
4803000,94.413
4804000,0.546181
4805000,0.533405
4806000,0.538313
4807000,119.984
4808000,0.539065
4809000,119.975
4810000,0.54299
4811000,0.536323
4812000,119.966
4813000,0.534143
4814000,0.514295
4815000,0.540103
4816000,0.55237
4817000,94.3358
4818000,94.3624
4819000,0.521272
4820000,0.560292
4821000,0.533044
4822000,0.523012
4823000,0.526173
4824000,0.559069
4825000,120.006
4826000,0.540987
4827000,0.508357
4828000,0.522834
4829000,94.393
4830000,94.3791
4831000,0.577685
4832000,0.565564
4833000,0.54942
4834000,119.976
4835000,94.3557
4836000,0.563928
4837000,119.969
4838000,0.542067
4839000,0.586165
4840000,0.518631
4841000,0.50932
4842000,94.3789
4843000,94.363
4844000,0.564019
4845000,0.542259
4846000,0.502375
4847000,0.539999
4848000,0.508147
4849000,0.528825
4850000,94.3679
4851000,119.982
4852000,0.54127
4853000,0.52422
4854000,0.536981
4855000,94.3874
4856000,0.533917
4857000,213.779
4858000,119.989
4859000,0.565435
4860000,0.566391
4861000,0.564435
4862000,0.550827
4863000,0.538012
4864000,119.964
4865000,0.527607
4866000,0.521085
4867000,0.527671
4868000,0.533914
4869000,0.535251
4870000,94.3628
4871000,0.549264
4872000,94.3955
4873000,0.517798
4874000,0.569852
4875000,120.001
4876000,0.532869
4877000,119.952
4878000,0.541807
4879000,0.545359
4880000,0.531319
4881000,0.482718
4882000,119.956
4883000,0.569834
4884000,0.563506
4885000,0.530146
4886000,0.497925
4887000,119.972
4888000,0.517896
4889000,119.989
4890000,94.3478
4891000,94.3693
4892000,0.531105
4893000,94.381
4894000,0.538606
4895000,0.537684
4896000,119.978
4897000,0.544002
4898000,120
4899000,0.510188
4900000,0.56087
4901000,0.538164
4902000,0.556797
4903000,0.53171
4904000,0.545447
4905000,0.499715
4906000,0.521548
4907000,0.540915
4908000,0.503498
4909000,0.544084
4910000,0.511624
4911000,119.979
4912000,0.558066
4913000,119.982
4914000,0.518897
4915000,0.54661
4916000,0.524078
4917000,0.576105
4918000,0.549295
4919000,0.509082
4920000,0.517772
4921000,0.542111
4922000,94.3837
4923000,94.3264
4924000,119.966
4925000,0.564389
4926000,0.571371
4927000,119.969
4928000,119.993
4929000,0.515302
4930000,0.512236
4931000,0.523127
4932000,0.540893
4933000,0.52995
4934000,0.564155
4935000,0.530033
4936000,0.537824
4937000,94.3668
4938000,0.582988
4939000,0.557986
4940000,0.53817
4941000,0.540553
4942000,0.520024
4943000,119.976
4944000,0.561956
4945000,0.573293
4946000,0.554267
4947000,0.531425
4948000,0.513595
4949000,94.3795
4950000,94.3822
4951000,94.3663
4952000,0.513763
4953000,0.555202
4954000,0.556782
4955000,0.527593
4956000,0.554849
4957000,119.985
4958000,0.483027
4959000,0.543924
4960000,0.539936
4961000,0.534218
4962000,94.4127
4963000,0.560899
4964000,119.983
4965000,94.3858
4966000,94.3599
4967000,0.539162
4968000,119.987
4969000,119.956
4970000,0.553416
4971000,119.978
4972000,0.548555
4973000,0.522363
4974000,0.562191
4975000,0.533459
4976000,0.53294
4977000,94.3482
4978000,119.966
4979000,0.538209
4980000,0.502168
4981000,0.5441
4982000,0.521302
4983000,0.561692
4984000,0.550885
4985000,0.513406
4986000,0.513871
4987000,0.517919
4988000,119.951
4989000,0.506619
4990000,94.3955
4991000,119.976
4992000,119.941
4993000,0.542584
4994000,0.533708
4995000,0.527801
4996000,119.994
4997000,0.545199
4998000,0.524819
4999000,0.540445
5000000,0.528122
5001000,0.561879
5002000,0.482997
5003000,0.513887
5004000,0.560491
5005000,0.551902
5006000,94.3839
5007000,0.581608
5008000,0.525467
5009000,94.3825
5010000,0.538203
5011000,0.538459
5012000,0.554768
5013000,0.539864
5014000,119.968
5015000,0.533592
5016000,213.815
5017000,0.546609
5018000,94.357
5019000,120.011
5020000,0.5588
5021000,119.998
5022000,94.3542
5023000,0.576046
5024000,0.52546
5025000,0.531007
5026000,0.502632
5027000,119.962
5028000,0.505053
5029000,0.541894
5030000,0.556698
5031000,0.538832
5032000,94.3383
5033000,120.009
5034000,0.528037
5035000,119.97
5036000,0.492447
5037000,0.522929
5038000,119.997
5039000,94.3897
5040000,94.3799
5041000,0.521167
5042000,0.547005
5043000,94.3641
5044000,0.559522
5045000,0.552462
5046000,0.499366
5047000,94.3216
5048000,94.381
5049000,119.989
5050000,0.502715
5051000,0.516835
5052000,0.557383
5053000,0.504519
5054000,0.570971
5055000,0.546537
5056000,0.580214
5057000,0.529087
5058000,0.538129
5059000,0.523552
5060000,213.794
5061000,0.523964
5062000,94.3529
5063000,119.985
5064000,119.976
5065000,0.535798
5066000,0.544387
5067000,0.513852
5068000,120
5069000,0.507808
5070000,0.52184
5071000,119.988
5072000,0.5445
5073000,0.540526
5074000,0.51319
5075000,0.552491
5076000,119.952
5077000,0.548707
5078000,94.4111
5079000,0.5367
5080000,0.53327
5081000,120.016
5082000,0.515175
5083000,94.382
5084000,94.3633
5085000,0.534784
5086000,94.3746
5087000,94.3571
5088000,0.557166
5089000,0.523141
5090000,0.539531
5091000,0.497297
5092000,0.557335
5093000,0.571817
5094000,0.536163
5095000,94.3743
5096000,0.516445
5097000,94.3719
5098000,94.3562
5099000,119.943
5100000,119.949
5101000,0.54215
5102000,119.96
5103000,0.525695
5104000,0.524236
5105000,94.3615
5106000,0.530762
5107000,0.520318
5108000,0.548294
5109000,94.3586
5110000,0.585377
5111000,0.578737
5112000,94.3402
5113000,119.984
5114000,0.538636
5115000,94.3445
5116000,0.507246
5117000,0.517411
5118000,0.524519
5119000,0.533919
5120000,119.956
5121000,119.969
5122000,0.537226
5123000,94.3829
5124000,0.523081
5125000,0.516518
5126000,94.3851
5127000,0.489166
5128000,119.963
5129000,0.52642
5130000,0.554218
5131000,0.559503
5132000,0.539437
5133000,0.512192
5134000,0.529902
5135000,119.991
5136000,0.513542
5137000,0.555133
5138000,0.529603
5139000,119.991
5140000,0.536798
5141000,0.520216
5142000,0.511672
5143000,0.543857
5144000,0.568294
5145000,0.532631
5146000,119.952
5147000,0.529261
5148000,119.979
5149000,0.532118
5150000,0.521893
5151000,0.511368
5152000,120
5153000,0.538943
5154000,0.550107
5155000,94.3808
5156000,0.520832
5157000,0.552515
5158000,0.555976
5159000,119.997
5160000,0.51913
5161000,0.540978
5162000,94.385
5163000,0.569613
5164000,0.580849
5165000,0.506377
5166000,213.779
5167000,0.603302
5168000,0.54501
5169000,94.3991
5170000,0.552186
5171000,0.527498
5172000,0.544973
5173000,0.522896
5174000,94.4189
5175000,94.3798
5176000,0.476034
5177000,0.5421
5178000,0.553961
5179000,0.539495
5180000,0.529063
5181000,0.544732
5182000,0.558812
5183000,94.3825
5184000,0.529382
5185000,0.566842
5186000,0.562011
5187000,0.579205
5188000,94.3391
5189000,0.537797
5190000,119.978
5191000,0.554163
5192000,0.523039
5193000,0.548169
5194000,119.991
5195000,0.531583
5196000,0.529057
5197000,119.964
5198000,0.52766
5199000,94.3832
5200000,0.564294
5201000,94.3931
5202000,0.531585
5203000,119.973
5204000,0.529742
5205000,119.982
5206000,0.556836
5207000,0.556475
5208000,119.982
5209000,0.523881
5210000,0.544231
5211000,0.522002
5212000,0.559012
5213000,0.542811
5214000,0.572022
5215000,0.514681
5216000,0.520488
5217000,94.3926
5218000,120.004
5219000,0.542153
5220000,94.3562
5221000,94.3751
5222000,0.549318
5223000,0.558487
5224000,0.52915
5225000,0.554364
5226000,0.558567
5227000,0.536584
5228000,94.3619
5229000,0.530975
5230000,94.3651
5231000,0.536243
5232000,0.521721
5233000,0.543201
5234000,119.924
5235000,119.958
5236000,0.561312
5237000,0.541162
5238000,0.572378
5239000,0.562734
5240000,0.542704
5241000,0.532054
5242000,0.546105
5243000,0.549423
5244000,94.3609
5245000,119.964
5246000,0.513921
5247000,0.514532
5248000,0.516771
5249000,0.54188
5250000,94.38
5251000,0.515905
5252000,0.535191
5253000,119.976
5254000,0.551655
5255000,94.3377
5256000,0.517735
5257000,94.3569
5258000,94.36
5259000,0.507514
5260000,119.961
5261000,0.539553
5262000,0.541296
5263000,0.536845
5264000,119.97
5265000,119.927
5266000,0.556025
5267000,94.3589
5268000,0.52791
5269000,0.517039
5270000,119.935
5271000,0.533536
5272000,0.570039
5273000,94.3907
5274000,0.542865
5275000,0.559094
5276000,0.51714
5277000,0.504775
5278000,0.529616
5279000,0.526496
5280000,0.526006
5281000,0.510287
5282000,94.3478
5283000,119.996
5284000,0.536102
5285000,0.528337
5286000,94.3994
5287000,0.564801
5288000,0.537095
5289000,0.535469
5290000,0.533596
5291000,0.490667
5292000,0.522863
5293000,0.536169
5294000,0.534469
5295000,119.96
5296000,0.506701
5297000,0.543848
5298000,119.953
5299000,0.514875
5300000,0.597092
5301000,0.506695
5302000,0.547646
5303000,0.534643
5304000,0.539073
5305000,0.500611
5306000,0.521083
5307000,0.531778
5308000,0.542567
5309000,0.570304
5310000,94.3647
5311000,0.548333
5312000,94.3852
5313000,119.944
5314000,0.513386
5315000,0.525496
5316000,0.549896
5317000,119.975
5318000,0.541004
5319000,0.530919
5320000,0.504035
5321000,0.545682
5322000,0.518889
5323000,0.51506
5324000,0.545853
5325000,0.498742
5326000,0.565181
5327000,0.523016
5328000,0.535644
5329000,0.532136
5330000,0.564481
5331000,0.532536
5332000,0.535045
5333000,0.553602
5334000,0.524706
5335000,0.550229
5336000,0.519991
5337000,0.56405
5338000,0.535354
5339000,0.514649
5340000,0.545335
5341000,0.533324
5342000,0.518739
5343000,0.485312
5344000,94.3471
5345000,119.954
5346000,0.541201
5347000,0.56221
5348000,94.3952
5349000,0.516588
5350000,0.5397
5351000,0.586428
5352000,0.507985
5353000,0.512604
5354000,0.57126
5355000,0.503745
5356000,119.964
5357000,0.535108
5358000,0.524678
5359000,0.548943
5360000,0.5865
5361000,0.524605
5362000,0.583711
5363000,0.566669
5364000,0.530851
5365000,0.538507
5366000,119.975
5367000,0.542018
5368000,0.549712
5369000,0.551023
5370000,94.3563
5371000,0.560975
5372000,119.919
5373000,0.552417
5374000,0.537496
5375000,119.954
5376000,0.51405
5377000,0.494757
5378000,0.540633
5379000,0.519536
5380000,0.55209
5381000,119.927
5382000,0.549453
5383000,0.529549
5384000,0.556843
5385000,0.542707
5386000,0.531547
5387000,0.550386
5388000,94.4107
5389000,0.533133
5390000,0.547534
5391000,0.580725
5392000,0.544794
5393000,0.540871
5394000,119.98
5395000,0.533545
5396000,119.984
5397000,0.519069
5398000,119.973
5399000,0.540876
5400000,0.541867
5401000,0.539741
5402000,94.3781
5403000,0.537334
5404000,0.555459
5405000,0.566617
5406000,0.504911
5407000,0.568557
5408000,0.561454
5409000,0.520577
5410000,0.549945
5411000,0.534174
5412000,0.54927
5413000,213.81
5414000,94.4047
5415000,0.570108
5416000,0.574686
5417000,0.541927
5418000,0.564071
5419000,0.511017
5420000,0.564394
5421000,0.546289
5422000,0.523822
5423000,94.3563
5424000,0.550271
5425000,0.586219
5426000,0.583031
5427000,94.3902
5428000,0.508412
5429000,94.3814
5430000,0.55681
5431000,119.946
5432000,0.515699
5433000,0.509829
5434000,94.3788
5435000,0.569306
5436000,0.542457
5437000,119.964
5438000,0.545337
5439000,0.549102
5440000,0.563675
5441000,0.520582
5442000,119.961
5443000,0.548495
5444000,94.3597
5445000,0.50617
5446000,119.932
5447000,0.536363
5448000,0.541941
5449000,94.3864
5450000,0.54793
5451000,0.559312
5452000,119.975
5453000,0.492946
5454000,0.515081
5455000,0.56486
5456000,0.537615
5457000,0.581136
5458000,0.518428
5459000,120.007
5460000,119.984
5461000,0.507546
5462000,0.579895
5463000,0.527708
5464000,0.499559
5465000,0.546665
5466000,0.500225
5467000,0.528445
5468000,0.574405
5469000,0.560124
5470000,0.526739
5471000,0.539838
5472000,0.55124
5473000,0.533479
5474000,0.545906
5475000,0.58588
5476000,0.512034
5477000,0.512791
5478000,0.523324
5479000,0.56191
5480000,0.549317
5481000,0.553762
5482000,0.5215
5483000,0.524043
5484000,0.523871
5485000,0.497342
5486000,119.949
5487000,0.543104
5488000,0.540583
5489000,0.534933
5490000,0.50927
5491000,0.514943
5492000,0.498446
5493000,0.523988
5494000,0.532506
5495000,0.505167
5496000,0.545869
5497000,0.531003
5498000,119.948
5499000,0.526235
5500000,0.532004
5501000,0.51661
5502000,0.518249
5503000,94.3652
5504000,0.546174
5505000,0.537391
5506000,0.511016
5507000,0.562999
5508000,0.51634
5509000,94.367
5510000,94.3898
5511000,0.540632
5512000,119.982
5513000,0.523357
5514000,0.525756
5515000,0.522254
5516000,0.501325
5517000,0.5457
5518000,0.563425
5519000,0.554458
5520000,0.503147
5521000,0.503327
5522000,0.497352
5523000,0.574906
5524000,94.3632
5525000,0.561047
5526000,0.582516
5527000,0.524965
5528000,0.531291
5529000,0.523656
5530000,0.520555
5531000,0.541722
5532000,94.3915
5533000,0.541035
5534000,0.522335
5535000,0.537629
5536000,0.517211
5537000,94.363
5538000,0.569438
5539000,0.531866
5540000,0.539979
5541000,0.536384
5542000,0.582513
5543000,0.541923
5544000,0.558618
5545000,0.56945
5546000,0.565843
5547000,0.550895
5548000,0.511088
5549000,0.550582
5550000,0.548126
5551000,0.612767
5552000,0.542893
5553000,0.521802
5554000,0.532334
5555000,0.554387
5556000,0.540811
5557000,0.540606
5558000,0.522375
5559000,0.579936
5560000,0.526683
5561000,0.539001
5562000,0.503182
5563000,119.968
5564000,0.550852
5565000,0.534929
5566000,0.51876
5567000,0.551834
5568000,0.549392
5569000,0.515426
5570000,0.513476
5571000,0.531486
5572000,0.532323
5573000,0.515102
5574000,94.3839
5575000,0.540935
5576000,0.531065
5577000,0.535948
5578000,0.530692
5579000,0.5157
5580000,0.554513
5581000,0.57336
5582000,0.527609
5583000,0.500366
5584000,0.523843
5585000,0.483486
5586000,94.3548
5587000,0.520827
5588000,0.532463
5589000,0.563431
5590000,0.5169
5591000,0.589266
5592000,0.541308
5593000,0.553068
5594000,0.54364
5595000,0.543403
5596000,0.558182
5597000,0.522086
5598000,0.533154
5599000,0.529242
5600000,0.533574
5601000,0.536954
5602000,0.535719
5603000,0.5774
5604000,94.365
5605000,0.529289
5606000,0.52108
5607000,0.503207
5608000,0.564392
5609000,0.554795
5610000,0.532809
5611000,0.537192
5612000,0.561999
5613000,0.511961
5614000,119.955
5615000,0.528672
5616000,0.5736
5617000,0.535991
5618000,0.523286
5619000,0.538341
5620000,0.538258
5621000,0.475344
5622000,0.483952
5623000,0.540029
5624000,0.536238
5625000,0.563017
5626000,0.559851
5627000,0.541211
5628000,0.545833
5629000,0.521865
5630000,0.512019
5631000,0.500107
5632000,0.53747
5633000,0.530006
5634000,0.530194
5635000,0.517802
5636000,0.540892
5637000,0.559719
5638000,94.4045
5639000,0.514553
5640000,94.3468
5641000,0.553501
5642000,0.520476
5643000,0.491472
5644000,0.559578
5645000,0.518229
5646000,0.524969
5647000,0.53686
5648000,0.525473
5649000,0.533517
5650000,0.524955
5651000,0.558012
5652000,0.534904
5653000,0.549348
5654000,0.540266
5655000,0.546487
5656000,0.514045
5657000,0.516341
5658000,0.524198
5659000,94.4087
5660000,0.546293
5661000,94.3413
5662000,0.510849
5663000,0.562764
5664000,0.541549
5665000,0.516309
5666000,0.57082
5667000,0.545541
5668000,0.516224
5669000,0.523793
5670000,0.530512
5671000,0.529187
5672000,0.492743
5673000,0.523321
5674000,0.546497
5675000,0.525665
5676000,0.536413
5677000,0.554402
5678000,0.534936
5679000,0.511056
5680000,0.52267
5681000,0.491481
5682000,0.505745
5683000,0.513645
5684000,0.558739
5685000,0.495005
5686000,94.3517
5687000,0.524597
5688000,94.3197
5689000,0.531722
5690000,0.539135
5691000,0.54275
5692000,0.553184
5693000,0.548701
5694000,0.563242
5695000,0.562511
5696000,0.507312
5697000,0.54441
5698000,94.3583
5699000,0.550882
5700000,0.522663
5701000,0.533609
5702000,0.510566
5703000,94.346
5704000,119.942
5705000,0.508698
5706000,0.560337
5707000,0.532865
5708000,0.578807
5709000,0.500281
5710000,0.537685
5711000,0.547454
5712000,0.56139
5713000,0.496739
5714000,0.554688
5715000,0.525904
5716000,0.566181
5717000,0.503674
5718000,0.546496
5719000,0.544574
5720000,0.509511
5721000,0.544316
5722000,0.534555
5723000,0.548855
5724000,0.501046
5725000,0.567248
5726000,0.553738
5727000,0.582295
5728000,0.549808
5729000,0.527329
5730000,0.56449
5731000,0.536164
5732000,0.5344
5733000,0.526877
5734000,0.512098
5735000,0.575118
5736000,0.520793
5737000,0.525993
5738000,0.522811
5739000,0.498812
5740000,0.536701
5741000,0.52742
5742000,0.559416
5743000,0.523401
5744000,0.55383
5745000,0.536594
5746000,0.554398
5747000,0.52478
5748000,0.555053
5749000,0.551491
5750000,0.559858
5751000,0.503205
5752000,0.53307
5753000,0.503095
5754000,0.534047
5755000,0.547787
5756000,0.536681
5757000,0.525937
5758000,0.533362
5759000,0.521609
5760000,0.503305
5761000,0.533467
5762000,0.539494
5763000,0.559489
5764000,0.543017
5765000,0.510409
5766000,0.551508
5767000,0.544531
5768000,0.550685
5769000,0.54396
5770000,0.530571
5771000,0.507241
5772000,0.510245
5773000,0.540684
5774000,0.506538
5775000,0.533944
5776000,0.506704
5777000,0.537165
5778000,0.533343
5779000,0.530373
5780000,0.53298
5781000,0.539548
5782000,0.528063
5783000,0.543845
5784000,0.569759
5785000,0.582249
5786000,0.553391
5787000,0.547447
5788000,0.560443
5789000,0.534069
5790000,0.535134
5791000,0.551634
5792000,0.508234
5793000,0.540238
5794000,0.510129
5795000,0.526035
5796000,0.501066
5797000,0.524648
5798000,0.529913
5799000,0.568703
5800000,0.528504
5801000,0.541831
5802000,0.525303
5803000,0.531512
5804000,0.513732
5805000,0.536424
5806000,0.511691
5807000,0.535363
5808000,0.537832
5809000,0.52648
5810000,0.531354
5811000,0.537444
5812000,0.516614
5813000,0.546548
5814000,0.50309
5815000,0.58029
5816000,0.537897
5817000,0.565719
5818000,0.543543
5819000,0.539723
5820000,0.532909
5821000,0.504309
5822000,0.557522
5823000,0.540704
5824000,0.481081
5825000,0.5128
5826000,0.548687
5827000,0.498694
5828000,0.553175
5829000,0.523817
5830000,0.518252
5831000,0.569364
5832000,0.528615
5833000,0.526283
5834000,0.516233
5835000,0.524797
5836000,0.534516
5837000,0.553396
5838000,0.52879
5839000,0.529174
5840000,0.547939
5841000,0.559495
5842000,0.558114
5843000,0.555719
5844000,0.537018
5845000,0.542583
5846000,0.527931
5847000,0.526254
5848000,0.50833
5849000,0.542789
5850000,0.511359
5851000,0.510204
5852000,0.559626
5853000,0.493975
5854000,0.526316
5855000,0.53071
5856000,0.55234
5857000,0.558583
5858000,0.52126
5859000,0.526743
5860000,0.539178
5861000,0.519903
5862000,0.562106
5863000,0.537632
5864000,0.528066
5865000,0.543797
5866000,0.526695
5867000,0.561529
5868000,0.538405
5869000,0.53048
5870000,0.530592
5871000,0.487516
5872000,0.5604
5873000,0.582232
5874000,0.567592
5875000,0.524435
5876000,0.554967
5877000,0.49864
5878000,0.583648
5879000,0.529545
5880000,0.508976
5881000,0.520819
5882000,0.517348
5883000,0.530667
5884000,0.51907
5885000,0.529725
5886000,0.515936
5887000,0.534182
5888000,0.575102
5889000,0.506695
5890000,0.544316
5891000,0.490476
5892000,0.543225
5893000,0.548716
5894000,0.525709
5895000,0.522661
5896000,0.539864
5897000,0.541488
5898000,0.547623
5899000,0.531475
5900000,0.566552
5901000,0.524939
5902000,0.524492
5903000,0.549775
5904000,0.534964
5905000,0.54242
5906000,0.53111
5907000,0.575038
5908000,0.558998
5909000,0.521036
5910000,0.532474
5911000,0.520931
5912000,0.518536
5913000,0.552408
5914000,0.535523
5915000,0.542401
5916000,0.564696
5917000,0.546052
5918000,0.551808
5919000,0.555157
5920000,0.549389
5921000,0.523978
5922000,0.527826
5923000,0.54292
5924000,0.553411
5925000,0.518068
5926000,0.555178
5927000,0.5339
5928000,0.535914
5929000,0.539834
5930000,0.498742
5931000,0.557775
5932000,0.501777
5933000,0.538657
5934000,0.534299
5935000,0.543098
5936000,0.529926
5937000,0.511902
5938000,0.529709
5939000,0.507766
5940000,0.576636
5941000,0.543325
5942000,0.497838
5943000,0.561306
5944000,0.552762
5945000,0.558431
5946000,0.549089
5947000,0.529632
5948000,0.545095
5949000,0.522698
5950000,0.536843
5951000,0.533512
5952000,0.507278
5953000,0.518447
5954000,0.489224
5955000,0.571256
5956000,0.553036
5957000,0.561367
5958000,0.539327
5959000,0.530172
5960000,0.517752
5961000,0.523666
5962000,0.518799
5963000,0.546172
5964000,0.521395
5965000,0.552928
5966000,0.546997
5967000,0.547536
5968000,0.523207
5969000,0.536427
5970000,0.554786
5971000,0.529885
5972000,0.551478
5973000,0.545819
5974000,0.538373
5975000,0.544432
5976000,0.546928
5977000,0.529002
5978000,0.52234
5979000,0.511748
5980000,0.517259
5981000,0.559126
5982000,0.576188
5983000,0.586562
5984000,0.517728
5985000,0.539374
5986000,0.503386
5987000,0.554022
5988000,0.528348
5989000,0.547087
5990000,0.551646
5991000,0.55764
5992000,0.536548
5993000,0.562433
5994000,0.559023
5995000,0.549187
5996000,0.541052
5997000,0.534763
5998000,0.537805
5999000,0.516773
6000000,0.52907
6001000,0.51998
6002000,0.52539
6003000,0.570438
6004000,0.555598
6005000,0.536496
6006000,0.587679
6007000,0.543971
6008000,0.508067
6009000,0.535286
6010000,0.515856
6011000,0.531052
6012000,0.565181
6013000,0.548465
6014000,0.535462
6015000,0.538069
6016000,0.519048
6017000,0.545032
6018000,0.559681
6019000,0.572967
6020000,0.563735
6021000,0.566603
6022000,0.499083
6023000,0.535406
6024000,0.5275
6025000,0.544308
6026000,0.564641
6027000,0.531489
6028000,0.533596
6029000,0.517015
6030000,0.550464
6031000,0.540323
6032000,0.548607
6033000,0.558164
6034000,0.53049
6035000,0.532898
6036000,0.529947
6037000,0.537117
6038000,0.536231
6039000,0.537514
6040000,0.514966
6041000,0.51681
6042000,0.534419
6043000,0.573609
6044000,0.525072
6045000,0.560215
6046000,0.501115
6047000,0.515838
6048000,0.529157
6049000,0.534925
6050000,0.536685
6051000,0.527979
6052000,0.524102
6053000,0.566119
6054000,0.484344
6055000,0.555146
6056000,0.516491
6057000,0.553335
6058000,0.552301
6059000,0.537577
6060000,0.522991
6061000,0.551008
6062000,0.530868
6063000,0.48832
6064000,0.508093
6065000,0.527392
6066000,0.5207
6067000,0.514561
6068000,0.535784
6069000,0.5024
6070000,0.476382
6071000,0.531572
6072000,0.500417
6073000,0.513613
6074000,0.484691
6075000,0.544822
6076000,0.510951
6077000,0.494214
6078000,0.556177
6079000,0.543828
6080000,0.547685
6081000,0.541865
6082000,0.54537
6083000,0.507681
6084000,0.514244
6085000,0.52644
6086000,0.516437
6087000,0.54605
6088000,0.574093
6089000,0.576161
6090000,0.57003
6091000,0.538676
6092000,0.575783
6093000,0.560006
6094000,0.51488
6095000,0.550992
6096000,0.571414
6097000,0.563229
6098000,0.579808
6099000,0.525304
6100000,0.531614
6101000,0.542248
6102000,0.502828
6103000,0.498458
6104000,0.534071
6105000,0.543048
6106000,0.52416
6107000,0.531964
6108000,0.547303
6109000,0.521852
6110000,0.536159
6111000,0.537822
6112000,0.522025
6113000,0.55878
6114000,0.510373
6115000,0.529043
6116000,0.535805
6117000,0.568764
6118000,0.527111
6119000,0.529007
6120000,0.525836
6121000,0.53212
6122000,0.537672
6123000,0.544455
6124000,0.567085
6125000,0.55036
6126000,0.547119
6127000,0.521801
6128000,0.559434
6129000,0.500171
6130000,0.532805
6131000,0.542427
6132000,0.518505
6133000,0.511524
6134000,0.543537
6135000,0.507038
6136000,0.523174
6137000,0.583687
6138000,0.540757
6139000,0.539409
6140000,0.584078
6141000,0.55483
6142000,0.565993
6143000,0.529221
6144000,0.546428
6145000,0.519056
6146000,0.569984
6147000,0.531819
6148000,0.518297
6149000,0.558749
6150000,0.551867
6151000,0.547414
6152000,0.541873
6153000,0.538483
6154000,0.543152
6155000,0.54274
6156000,0.545448
6157000,0.53978
6158000,0.528166
6159000,0.542828
6160000,0.551537
6161000,0.545361
6162000,0.563289
6163000,0.505075
6164000,0.580698
6165000,0.524748
6166000,0.493075
6167000,0.511479
6168000,0.560813
6169000,0.540321
6170000,0.530004
6171000,0.554366
6172000,0.523047
6173000,0.552394
6174000,0.54638
6175000,0.55602
6176000,0.519755
6177000,0.532212
6178000,0.5166
6179000,0.543078
6180000,0.536959
6181000,0.546909
6182000,0.540852
6183000,0.552878
6184000,0.531114
6185000,0.534056
6186000,0.559479
6187000,0.508792
6188000,0.524065
6189000,0.498041
6190000,0.522598
6191000,0.494807
6192000,0.529144
6193000,0.477622
6194000,0.537738
6195000,0.502833
6196000,0.522669
6197000,0.534661
6198000,0.543967
6199000,0.543746
6200000,0.5205
6201000,0.539565
6202000,0.530428
6203000,0.534178
6204000,0.541554
6205000,0.526155
6206000,0.520077
6207000,0.545866
6208000,0.49944
6209000,0.563423
6210000,0.512708
6211000,0.540305
6212000,0.534535
6213000,0.536374
6214000,0.54086
6215000,0.552614
6216000,0.536127
6217000,0.53507
6218000,0.562294
6219000,0.534236
6220000,0.510354
6221000,0.555011
6222000,0.552671
6223000,0.553989
6224000,0.54261
6225000,0.507354
6226000,0.51104
6227000,0.532124
6228000,0.556643
6229000,0.530076
6230000,0.498789
6231000,0.552623
6232000,0.591008
6233000,0.549919
6234000,0.531384
6235000,0.543562
6236000,0.501167
6237000,0.509627
6238000,0.527088
6239000,0.519371
6240000,0.508052
6241000,0.529055
6242000,0.519671
6243000,0.595949
6244000,0.544435
6245000,0.52739
6246000,0.516778
6247000,0.543912
6248000,0.533805
6249000,0.546908
6250000,0.495439
6251000,0.537933
6252000,0.55439
6253000,0.520972
6254000,0.562529
6255000,0.566561
6256000,0.567276
6257000,0.520559
6258000,0.516013
6259000,0.562924
6260000,0.541802
6261000,0.527061
6262000,0.568941
6263000,0.565813
6264000,0.562169
6265000,0.55201
6266000,0.502475
6267000,0.5547
6268000,0.531345
6269000,0.527871
6270000,0.583031
6271000,0.547476
6272000,0.53624
6273000,0.542905
6274000,0.543717
6275000,0.537962
6276000,0.514386
6277000,0.54723
6278000,0.532654
6279000,0.526556
6280000,0.550326
6281000,0.573176
6282000,0.5585
6283000,0.52879
6284000,0.527879
6285000,0.5479
6286000,0.540902
6287000,0.538715
6288000,0.512352
6289000,0.551747
6290000,0.534335
6291000,0.53564
6292000,0.563917
6293000,0.544558
6294000,0.514243
6295000,0.524107
6296000,0.541167
6297000,0.525536
6298000,0.519951
6299000,0.563585
6300000,0.55714
6301000,0.519909
6302000,0.5518
6303000,0.511336
6304000,0.568507
6305000,0.564167
6306000,0.549473
6307000,0.535243
6308000,0.552835
6309000,0.552813
6310000,0.529245
6311000,0.550661
6312000,0.524036
6313000,0.548256
6314000,0.510499
6315000,0.56471
6316000,0.544037
6317000,0.538464
6318000,0.565583
6319000,0.481814
6320000,0.529066
6321000,0.528332
6322000,0.547013
6323000,0.563961
6324000,0.538944
6325000,0.51208
6326000,0.555066
6327000,0.511784
6328000,0.531286
6329000,0.556669
6330000,0.522746
6331000,0.554802
6332000,0.513368
6333000,0.521543
6334000,0.525665
6335000,0.541348
6336000,0.544114
6337000,0.521819
6338000,0.528573
6339000,0.522114
6340000,0.526055
6341000,0.547882
6342000,0.561009
6343000,0.53503
6344000,0.546646
6345000,0.52589
6346000,0.536361
6347000,0.523071
6348000,0.498469
6349000,0.554694
6350000,0.532996
6351000,0.560268
6352000,0.553553
6353000,0.4914
6354000,0.525721
6355000,0.536323
6356000,0.528627
6357000,0.522498
6358000,0.559063
6359000,0.507232
6360000,0.574428
6361000,0.528988
6362000,0.553795
6363000,0.534817
6364000,0.541055
6365000,0.530755
6366000,0.540338
6367000,0.510995
6368000,0.547495
6369000,0.550547
6370000,0.544128
6371000,0.574339
6372000,0.550044
6373000,0.541747
6374000,0.521802
6375000,0.552053
6376000,0.525222
6377000,0.57013
6378000,0.535086
6379000,0.54477
6380000,0.54149
6381000,0.594585
6382000,0.553387
6383000,0.509392
6384000,0.541701
6385000,0.510086
6386000,0.533977
6387000,0.534156
6388000,0.550433
6389000,0.545645
6390000,0.535087
6391000,0.562578
6392000,0.543611
6393000,0.488232
6394000,0.549237
6395000,0.50317
6396000,0.537235
6397000,0.519125
6398000,0.525416
6399000,0.514342
6400000,0.56663
6401000,0.557962
6402000,0.535847
6403000,0.511996
6404000,0.540838
6405000,0.524838
6406000,0.571454
6407000,0.550107
6408000,0.520588
6409000,0.548142
6410000,0.549639
6411000,0.539154
6412000,0.529231
6413000,0.582653
6414000,0.55209
6415000,0.55566
6416000,0.548484
6417000,0.51677
6418000,0.544426
6419000,0.496684
6420000,0.55606
6421000,0.504229
6422000,0.522363
6423000,0.525677
6424000,0.563905
6425000,0.538141
6426000,0.530182
6427000,0.550341
6428000,0.551962
6429000,0.511157
6430000,0.521878
6431000,0.524964
6432000,0.538006
6433000,0.548518
6434000,0.535567
6435000,0.520467
6436000,0.559965
6437000,0.566165
6438000,0.51705
6439000,0.530739
6440000,0.550679
6441000,0.544424
6442000,0.538035
6443000,0.473359
6444000,0.546033
6445000,0.529929
6446000,0.492564
6447000,0.523443
6448000,0.549266
6449000,0.521521
6450000,0.550273
6451000,0.495921
6452000,0.54495
6453000,0.521973
6454000,0.532126
6455000,0.538844
6456000,0.541654
6457000,0.535323
6458000,0.530404
6459000,0.523988
6460000,0.555425
6461000,0.548742
6462000,0.549401
6463000,0.566787
6464000,0.543763
6465000,0.522456
6466000,0.557644
6467000,0.549325
6468000,0.525894
6469000,0.551008
6470000,0.513734
6471000,0.514458
6472000,0.526327
6473000,0.540792
6474000,0.508895
6475000,0.540394
6476000,0.544936
6477000,0.496376
6478000,0.55157
6479000,0.57367
6480000,0.560378
6481000,0.571532
6482000,0.558592
6483000,0.533548
6484000,0.536123
6485000,0.60094
6486000,0.528223
6487000,0.540062
6488000,0.531339
6489000,0.524742
6490000,0.548879
6491000,0.539387
6492000,0.503135
6493000,0.56425
6494000,0.559531
6495000,0.487025
6496000,0.505977
6497000,0.553987
6498000,0.523857
6499000,0.526247
6500000,0.537202
6501000,0.526485
6502000,0.527518
6503000,0.530482
6504000,0.530052
6505000,0.546624
6506000,0.522528
6507000,0.539635
6508000,0.547362
6509000,0.562392
6510000,0.565535
6511000,0.526115
6512000,0.497175
6513000,0.579197
6514000,0.546033
6515000,0.488023
6516000,0.540858
6517000,0.543277
6518000,0.577093
6519000,0.550662
6520000,0.527779
6521000,0.545719
6522000,0.556329
6523000,0.526899
6524000,0.552498
6525000,0.525907
6526000,0.562461
6527000,0.550301
6528000,0.544223
6529000,0.538328
6530000,0.530465
6531000,0.544615
6532000,0.553803
6533000,0.553763
6534000,0.570842
6535000,0.525561
6536000,0.543818
6537000,0.51834
6538000,0.543628
6539000,0.498972
6540000,0.543987
6541000,0.542657
6542000,0.546998
6543000,0.565855
6544000,0.589801
6545000,0.575473
6546000,0.531304
6547000,0.533524
6548000,0.574145
6549000,0.54807
6550000,0.533478
6551000,0.553475
6552000,0.547182
6553000,0.548122
6554000,0.545668
6555000,0.560731
6556000,0.550785
6557000,0.528546
6558000,0.56241
6559000,0.588755
6560000,0.554728
6561000,0.530247
6562000,0.564909
6563000,0.574798
6564000,0.542206
6565000,0.54343
6566000,0.53261
6567000,0.548915
6568000,0.549481
6569000,0.535569
6570000,0.535567
6571000,0.565804
6572000,0.52645
6573000,0.525459
6574000,0.551129
6575000,0.560732
6576000,0.535005
6577000,0.561769
6578000,0.563013
6579000,0.513487
6580000,0.5142
6581000,0.557828
6582000,0.514907
6583000,0.549223
6584000,0.5736
6585000,0.56991
6586000,0.519531
6587000,0.567555
6588000,0.527459
6589000,0.541809
6590000,0.54454
6591000,0.549971
6592000,0.557604
6593000,0.517511
6594000,0.524765
6595000,0.5347
6596000,0.529302
6597000,0.537198
6598000,0.545405
6599000,0.545565
6600000,0.556348
6601000,0.562073
6602000,0.553337
6603000,0.53328
6604000,0.559214
6605000,0.514768
6606000,0.529313
6607000,0.542285
6608000,0.562878
6609000,0.536231
6610000,0.548697
6611000,0.498129
6612000,0.541382
6613000,0.526838
6614000,0.534911
6615000,0.522977
6616000,0.529914
6617000,0.497977
6618000,0.569331
6619000,0.511088
6620000,0.544242
6621000,0.574715
6622000,0.543287
6623000,0.528676
6624000,0.554486
6625000,0.538719
6626000,0.547404
6627000,0.540869
6628000,0.570372
6629000,0.529618
6630000,0.536494
6631000,0.536766
6632000,0.504256
6633000,0.523369
6634000,0.544167
6635000,0.523662
6636000,0.530945
6637000,0.566574
6638000,0.518636
6639000,0.602232
6640000,0.578617
6641000,0.550629
6642000,0.539316
6643000,0.55919
6644000,0.559075
6645000,0.528951
6646000,0.51254
6647000,0.518392
6648000,0.533019
6649000,0.52617
6650000,0.536253
6651000,0.532429
6652000,0.560357
6653000,0.531779
6654000,0.568288
6655000,0.524053
6656000,0.550495
6657000,0.54531
6658000,0.524604
6659000,0.533917
6660000,0.501957
6661000,0.547644
6662000,0.549506
6663000,0.525886
6664000,0.55403
6665000,0.531364
6666000,0.529436
6667000,0.557902
6668000,0.533643
6669000,0.536078
6670000,0.514778
6671000,0.557655
6672000,0.585863
6673000,0.475073
6674000,0.529209
6675000,0.538846
6676000,0.531765
6677000,0.492543
6678000,0.550717
6679000,0.527512
6680000,0.53522
6681000,0.516777
6682000,0.535725
6683000,0.565341
6684000,0.545855
6685000,0.554627
6686000,0.551368
6687000,0.525794
6688000,0.515459
6689000,0.530705
6690000,0.539029
6691000,0.527347
6692000,0.531101
6693000,0.561662
6694000,0.521805
6695000,0.566745
6696000,0.502708
6697000,0.561772
6698000,0.516023
6699000,0.557948
6700000,0.549293
6701000,0.522651
6702000,0.518953
6703000,0.565476
6704000,0.597136
6705000,0.50729
6706000,0.53303
6707000,0.516517
6708000,0.546401
6709000,0.517968
6710000,0.56127
6711000,0.544253
6712000,0.57394
6713000,0.507188
6714000,0.525735
6715000,0.495563
6716000,0.545508
6717000,0.573169
6718000,0.546443
6719000,0.510867
6720000,0.531245
6721000,0.558403
6722000,0.522922
6723000,0.535239
6724000,0.526471
6725000,0.569316
6726000,0.527923
6727000,0.551547
6728000,0.575283
6729000,0.536019
6730000,0.54638
6731000,0.553596
6732000,0.548191
6733000,0.513911
6734000,0.542837
6735000,0.560586
6736000,0.527527
6737000,0.534449
6738000,0.529162
6739000,0.615069
6740000,0.50282
6741000,0.522067
6742000,0.543465
6743000,0.563208
6744000,0.546068
6745000,0.550343
6746000,0.475727
6747000,0.532108
6748000,0.549802
6749000,0.540124
6750000,0.572127
6751000,0.506872
6752000,0.54672
6753000,0.550012
6754000,0.513716
6755000,0.541187
6756000,0.502162
6757000,0.538705
6758000,0.589904
6759000,0.548646
6760000,0.567936
6761000,0.575027
6762000,0.525157
6763000,0.539608
6764000,0.585617
6765000,0.548909
6766000,0.542831
6767000,0.527733
6768000,0.540645
6769000,0.53785
6770000,0.530138
6771000,0.518635
6772000,0.548898
6773000,0.543195
6774000,0.515872
6775000,0.539248
6776000,0.52145
6777000,0.551482
6778000,0.54718
6779000,0.554974
6780000,0.56587
6781000,0.54565
6782000,0.527337
6783000,0.516881
6784000,0.592087
6785000,0.53741
6786000,0.548369
6787000,0.522867
6788000,0.53292
6789000,0.547197
6790000,0.554048
6791000,0.549804
6792000,0.547517
6793000,0.527556
6794000,0.567624
6795000,0.51856
6796000,0.529143
6797000,0.516607
6798000,0.535113
6799000,0.561597
6800000,0.512373
6801000,0.536047
6802000,0.541118
6803000,0.536995
6804000,0.547405
6805000,0.544477
6806000,0.487229
6807000,0.555519
6808000,0.534678
6809000,0.501249
6810000,0.517818
6811000,0.541504
6812000,0.550623
6813000,0.529444
6814000,0.475141
6815000,0.530585
6816000,0.547486
6817000,0.509331
6818000,0.541044
6819000,0.572392
6820000,0.538547
6821000,0.519356
6822000,0.562488
6823000,0.569225
6824000,0.544793
6825000,0.53139
6826000,0.547093
6827000,0.543873
6828000,0.548634
6829000,0.563261
6830000,0.513961
6831000,0.528067
6832000,0.529592
6833000,0.572764
6834000,0.540712
6835000,0.53958
6836000,0.545366
6837000,0.531205
6838000,0.57967
6839000,0.547661
6840000,0.523949
6841000,0.563387
6842000,0.53848
6843000,0.524056
6844000,0.550926
6845000,0.532463
6846000,0.545941
6847000,0.544172
6848000,0.538821
6849000,0.552641
6850000,0.556608
6851000,0.546253
6852000,0.555565
6853000,0.547126
6854000,0.537388
6855000,0.550287
6856000,0.538783
6857000,0.534369
6858000,0.535256
6859000,0.510759
6860000,0.513015
6861000,0.518625
6862000,0.552278
6863000,0.566013
6864000,0.513716
6865000,0.505913
6866000,0.53223
6867000,0.557866
6868000,0.538207
6869000,0.554337
6870000,0.520644
6871000,0.534952
6872000,0.541044
6873000,0.574184
6874000,0.520507
6875000,0.533491
6876000,0.497821
6877000,0.531396
6878000,0.578835
6879000,0.568205
6880000,0.548506
6881000,0.531762
6882000,0.530285
6883000,0.542441
6884000,0.539015
6885000,0.541567
6886000,0.547288
6887000,0.570441
6888000,0.526753
6889000,0.542219
6890000,0.547527
6891000,0.57637
6892000,0.518356
6893000,0.542652
6894000,0.504735
6895000,0.531058
6896000,0.537221
6897000,0.546596
6898000,0.54418
6899000,0.570647
6900000,0.566047
6901000,0.548657
6902000,0.557229
6903000,0.541027
6904000,0.505751
6905000,0.528615
6906000,0.546878
6907000,0.539306
6908000,0.539131
6909000,0.571056
6910000,0.553934
6911000,0.529761
6912000,0.516613
6913000,0.508018
6914000,0.5126
6915000,0.522474
6916000,0.530509
6917000,0.566595
6918000,0.569922
6919000,0.536648
6920000,0.603049
6921000,0.561445
6922000,0.53101
6923000,0.54521
6924000,0.551024
6925000,0.532049
6926000,0.527686
6927000,0.554456
6928000,0.578572
6929000,0.538529
6930000,0.527011
6931000,0.556182
6932000,0.55599
6933000,0.553537
6934000,0.544751
6935000,0.538507
6936000,0.557013
6937000,0.518802
6938000,0.540499
6939000,0.520447
6940000,0.555973
6941000,0.530939
6942000,0.543631
6943000,0.519582
6944000,0.536869
6945000,0.529352
6946000,0.532073
6947000,0.536941
6948000,0.560842
6949000,0.549917
6950000,0.55058
6951000,0.531481
6952000,0.533987
6953000,0.534989
6954000,0.51834
6955000,0.56928
6956000,0.532583
6957000,0.546852
6958000,0.561292
6959000,0.516002
6960000,0.533765
6961000,0.583649
6962000,0.540948
6963000,0.574181
6964000,0.522838
6965000,0.541928
6966000,0.552032
6967000,0.5432
6968000,0.493062
6969000,0.528954
6970000,0.532075
6971000,0.558371
6972000,0.561586
6973000,0.533367
6974000,0.525111
6975000,0.546
6976000,0.522078
6977000,0.523489
6978000,0.51407
6979000,0.516044
6980000,0.509455
6981000,0.549046
6982000,0.530023
6983000,0.56502
6984000,0.562697
6985000,0.544444
6986000,0.503256
6987000,0.552241
6988000,0.533571
6989000,0.572604
6990000,0.553719
6991000,0.530703
6992000,0.512726
6993000,0.517967
6994000,0.540023
6995000,0.511324
6996000,0.527894
6997000,0.542644
6998000,0.548133
6999000,0.541019
7000000,0.521197
7001000,0.525056
7002000,0.527684
7003000,0.500802
7004000,0.526727
7005000,0.586955
7006000,0.554949
7007000,0.53734
7008000,0.544962
7009000,0.552289
7010000,0.526351
7011000,0.498668
7012000,0.540837
7013000,0.559046
7014000,0.541326
7015000,0.533712
7016000,0.523341
7017000,0.533963
7018000,0.527933
7019000,0.516531
7020000,0.527199
7021000,0.517351
7022000,0.551157
7023000,0.537945
7024000,0.533689
7025000,0.550649
7026000,0.535662
7027000,0.565088
7028000,0.53091
7029000,0.5271
7030000,0.586933
7031000,0.506664
7032000,0.517057
7033000,0.528474
7034000,0.552766
7035000,0.535616
7036000,0.522653
7037000,0.526766
7038000,0.522959
7039000,0.532401
7040000,0.518329
7041000,0.54312
7042000,0.507056
7043000,0.532062
7044000,0.54556
7045000,0.562527
7046000,0.55281
7047000,0.56365
7048000,0.512729
7049000,0.526865
7050000,0.565877
7051000,0.536861
7052000,0.548049
7053000,0.527877
7054000,0.51441
7055000,0.587254
7056000,0.548533
7057000,0.526882
7058000,0.533325
7059000,0.513175
7060000,0.538316
7061000,0.524249
7062000,0.551368
7063000,0.557966
7064000,0.532224
7065000,0.507887
7066000,0.534911
7067000,0.562546
7068000,0.524516
7069000,0.494161
7070000,0.533342
7071000,0.544947
7072000,0.520904
7073000,0.572689
7074000,0.550136
7075000,0.556776
7076000,0.559687
7077000,0.538453
7078000,0.552281
7079000,0.548137
7080000,0.540837
7081000,0.536937
7082000,0.535017
7083000,0.55926
7084000,0.545048
7085000,0.540945
7086000,0.533911
7087000,0.532122
7088000,0.534208
7089000,0.506669
7090000,0.538854
7091000,0.547943
7092000,0.55018
7093000,0.563934
7094000,0.546074
7095000,0.544236
7096000,0.527424
7097000,0.590631
7098000,0.523026
7099000,0.550064
7100000,0.545307
7101000,0.499598
7102000,0.539479
7103000,0.509097
7104000,0.549183
7105000,0.548035
7106000,0.555975
7107000,0.559118
7108000,0.561109
7109000,0.543232
7110000,0.532424
7111000,0.556455
7112000,0.546901
7113000,0.54755
7114000,0.539328
7115000,0.524626
7116000,0.556023
7117000,0.544008
7118000,0.561737
7119000,0.531652
7120000,0.543039
7121000,0.553869
7122000,0.542207
7123000,0.54379
7124000,0.545701
7125000,0.581298
7126000,0.537577
7127000,0.558967
7128000,0.511121
7129000,0.519023
7130000,0.557466
7131000,0.550681
7132000,0.532071
7133000,0.575968
7134000,0.516802
7135000,0.567466
7136000,0.548554
7137000,0.565215
7138000,0.547871
7139000,0.508898
7140000,0.549195
7141000,0.514637
7142000,0.518146
7143000,0.547061
7144000,0.498952
7145000,0.531299
7146000,0.521158
7147000,0.577271
7148000,0.537689
7149000,0.556347
7150000,0.536236
7151000,0.533083
7152000,0.549751
7153000,0.499626
7154000,0.548721
7155000,0.535432
7156000,0.539551
7157000,0.538965
7158000,0.542296
7159000,0.529102
7160000,0.513125
7161000,0.576057
7162000,0.523749
7163000,0.550752
7164000,0.508341
7165000,0.580926
7166000,0.526129
7167000,0.541934
7168000,0.542625
7169000,0.560297
7170000,0.539719
7171000,0.532358
7172000,0.549208
7173000,0.506374
7174000,0.496062
7175000,0.53814
7176000,0.516487
7177000,0.561883
7178000,0.500452
7179000,0.51063
7180000,0.534606
7181000,0.561751
7182000,0.52152
7183000,0.538462
7184000,0.543946
7185000,0.527339
7186000,0.583981
7187000,0.500409
7188000,0.537715
7189000,0.536618
7190000,0.540305
7191000,0.589287
7192000,0.53747
7193000,0.54779
7194000,0.553412
7195000,0.539371
7196000,0.549833
7197000,0.544775
7198000,0.546932
7199000,0.529857
7200000,0.527967
7201000,0.513011
7202000,0.550625
7203000,0.55016
7204000,0.515371
7205000,0.538135
7206000,0.537639
7207000,0.503778
7208000,0.517995
7209000,0.521929
7210000,0.535348
7211000,0.535493
7212000,0.515195
7213000,0.530477
7214000,0.522949
7215000,0.575546
7216000,0.556649
7217000,0.588703
7218000,0.577205
7219000,0.48847
7220000,0.508487
7221000,0.525923
7222000,0.563746
7223000,0.567097
7224000,0.546853
7225000,0.580507
7226000,0.54532
7227000,0.525402
7228000,0.55139
7229000,0.518998
7230000,0.557409
7231000,0.540153
7232000,0.537658
7233000,0.524851
7234000,0.50852
7235000,0.523769
7236000,0.547487
7237000,0.556045
7238000,0.540877
7239000,0.586126
7240000,0.560537
7241000,0.555011
7242000,0.535186
7243000,0.543242
7244000,0.582416
7245000,0.578624
7246000,0.542277
7247000,0.559604
7248000,0.58809
7249000,0.538986
7250000,0.583147
7251000,0.532408
7252000,0.556678
7253000,0.551027
7254000,0.553465
7255000,0.55078
7256000,0.514302
7257000,0.5559
7258000,0.535244
7259000,0.546641
7260000,0.512723
7261000,0.532517
7262000,0.518646
7263000,0.542137
7264000,0.484861
7265000,0.54396
7266000,0.566717
7267000,0.538194
7268000,0.556063
7269000,0.547703
7270000,0.50084
7271000,0.538108
7272000,0.517665
7273000,0.503525
7274000,0.558605
7275000,0.550369
7276000,0.546665
7277000,0.539107
7278000,0.520216
7279000,0.541222
7280000,0.55482
7281000,0.564552
7282000,0.530607
7283000,0.500895
7284000,0.516368
7285000,0.565305
7286000,0.536565
7287000,0.524989
7288000,0.517754
7289000,0.551739
7290000,0.578583
7291000,0.504297
7292000,0.530148
7293000,0.532567
7294000,0.559557
7295000,0.521667
7296000,0.528834
7297000,0.542836
7298000,0.532719
7299000,0.529314
7300000,0.553292
7301000,0.545098
7302000,0.544386
7303000,0.529073
7304000,0.5248
7305000,0.552511
7306000,0.545577
7307000,0.505412
7308000,0.546792
7309000,0.502324
7310000,0.541949
7311000,0.57055
7312000,0.524601
7313000,0.563133
7314000,0.525811
7315000,0.521469
7316000,0.546353
7317000,0.562484
7318000,0.586045
7319000,0.514795
7320000,0.555921
7321000,0.508582
7322000,0.552109
7323000,0.547851
7324000,0.580055
7325000,0.53338
7326000,0.555186
7327000,0.513126
7328000,0.533056
7329000,0.538241
7330000,0.558897
7331000,0.548159
7332000,0.55445
7333000,0.544632
7334000,0.563575
7335000,0.533346
7336000,0.556017
7337000,0.533649
7338000,0.561104
7339000,0.52341
7340000,0.536979
7341000,0.582445
7342000,0.540618
7343000,0.509683
7344000,0.520985
7345000,0.515732
7346000,0.536483
7347000,0.53433
7348000,0.567173
7349000,0.514085
7350000,0.515385
7351000,0.526777
7352000,0.513679
7353000,0.514388
7354000,0.499101
7355000,0.563531
7356000,0.578804
7357000,0.548382
7358000,0.51779
7359000,0.524718
7360000,0.513983
7361000,0.561097
7362000,0.555221
7363000,0.579631
7364000,0.539118
7365000,0.543539
7366000,0.548238
7367000,0.564929
7368000,0.552037
7369000,0.534625
7370000,0.551623
7371000,0.543921
7372000,0.518342
7373000,0.533872
7374000,0.545914
7375000,0.526963
7376000,0.558216
7377000,0.555139
7378000,0.506525
7379000,0.504454
7380000,0.539249
7381000,0.562241
7382000,0.546676
7383000,0.556391
7384000,0.545622
7385000,0.546776
7386000,0.54076
7387000,0.572403
7388000,0.554731
7389000,0.550466
7390000,0.523782
7391000,0.5506
7392000,0.54925
7393000,0.558071
7394000,0.511752
7395000,0.577329
7396000,0.526732
7397000,0.521206
7398000,0.545064
7399000,0.568607
7400000,0.562092
7401000,0.562702
7402000,0.514193
7403000,0.560628
7404000,0.523414
7405000,0.539299
7406000,0.555889
7407000,0.555086
7408000,0.600818
7409000,0.532498
7410000,0.519956
7411000,0.506541
7412000,0.525597
7413000,0.54967
7414000,0.540469
7415000,0.563843
7416000,0.511926
7417000,0.564661
7418000,0.524958
7419000,0.567472
7420000,0.533861
7421000,0.529964
7422000,0.518942
7423000,0.504241
7424000,0.56849
7425000,0.555435
7426000,0.531914
7427000,0.515145
7428000,0.509922
7429000,0.5576
7430000,0.555517
7431000,0.531508
7432000,0.55901
7433000,0.530617
7434000,0.534639
7435000,0.571788
7436000,0.587027
7437000,0.529111
7438000,0.56103
7439000,0.542475
7440000,0.550454
7441000,0.530962
7442000,0.548232
7443000,0.522599
7444000,0.540587
7445000,0.537264
7446000,0.500419
7447000,0.58156
7448000,0.57259
7449000,0.545729
7450000,0.529447
7451000,0.522149
7452000,0.545746
7453000,0.533033
7454000,0.537274
7455000,0.546097
7456000,0.530744
7457000,0.527138
7458000,0.511545
7459000,0.543818
7460000,0.581631
7461000,0.537435
7462000,0.55884
7463000,0.533709
7464000,0.532434
7465000,0.495139
7466000,0.526824
7467000,0.525421
7468000,0.493589
7469000,0.50069
7470000,0.528163
7471000,0.506184
7472000,0.510996
7473000,0.529637
7474000,0.569858
7475000,0.540223
7476000,0.525133
7477000,0.518598
7478000,0.526861
7479000,0.528705
7480000,0.515195
7481000,0.499557
7482000,0.546351
7483000,0.550785
7484000,0.527051
7485000,0.518638
7486000,0.507308
7487000,0.544471
7488000,0.587514
7489000,0.529489
7490000,0.517778
7491000,0.498594
7492000,0.527647
7493000,0.532423
7494000,0.511797
7495000,0.541574
7496000,0.500797
7497000,0.504873
7498000,0.543618
7499000,0.55182
7500000,0.495347
7501000,0.527843
7502000,0.538084
7503000,0.539117
7504000,0.51409
7505000,0.541603
7506000,0.568952
7507000,0.502117
7508000,0.527403
7509000,0.539995
7510000,0.524005
7511000,0.526522
7512000,0.562716
7513000,0.571128
7514000,0.503291
7515000,0.552526
7516000,0.504134
7517000,0.513945
7518000,0.52489
7519000,0.54003
7520000,0.522063
7521000,0.501108
7522000,0.552366
7523000,0.543478
7524000,0.497897
7525000,0.534389
7526000,0.544771
7527000,0.52819
7528000,0.534477
7529000,0.521498
7530000,0.518012
7531000,0.517401
7532000,0.559212
7533000,0.511824
7534000,0.526847
7535000,0.521294
7536000,0.545667
7537000,0.537378
7538000,0.543538
7539000,0.527803
7540000,0.545476
7541000,0.558647
7542000,0.517206
7543000,0.53385
7544000,0.576545
7545000,0.508859
7546000,0.554028
7547000,0.525168
7548000,0.52641
7549000,0.510922
7550000,0.526787
7551000,0.549128
7552000,0.552553
7553000,0.527257
7554000,0.55191
7555000,0.505191
7556000,0.562815
7557000,0.492343
7558000,0.504781
7559000,0.544926
7560000,0.547979
7561000,0.515734
7562000,0.521031
7563000,0.516016
7564000,0.530762
7565000,0.561657
7566000,0.519369
7567000,0.520365
7568000,0.549715
7569000,0.552389
7570000,0.56221
7571000,0.552607
7572000,0.522184
7573000,0.521105
7574000,0.523246
7575000,0.552964
7576000,0.556412
7577000,0.531728
7578000,0.568799
7579000,0.56379
7580000,0.531885
7581000,0.494572
7582000,0.543711
7583000,0.521147
7584000,0.521119
7585000,0.557657
7586000,0.539927
7587000,0.587352
7588000,0.557593
7589000,0.529235
7590000,0.543857
7591000,0.524061
7592000,0.497778
7593000,0.557263
7594000,0.530686
7595000,0.528687
7596000,0.495759
7597000,0.537797
7598000,0.548045
7599000,0.566719
7600000,0.533505
7601000,0.535504
7602000,0.515508
7603000,0.57312
7604000,0.5416
7605000,0.547025
7606000,0.480243
7607000,0.546375
7608000,0.515957
7609000,0.545293
7610000,0.511511
7611000,0.534776
7612000,0.531265
7613000,0.561735
7614000,0.537809
7615000,0.54931
7616000,0.582491
7617000,0.544174
7618000,0.560323
7619000,0.542519
7620000,0.555641
7621000,0.564344
7622000,0.507296
7623000,0.536254
7624000,0.549503
7625000,0.558951
7626000,0.512655
7627000,0.543952
7628000,0.521466
7629000,0.557449
7630000,0.554146
7631000,0.5773
7632000,0.50473
7633000,0.56799
7634000,0.558047
7635000,0.559808
7636000,0.529878
7637000,0.530685
7638000,0.533724
7639000,0.548706
7640000,0.507997
7641000,0.544245
7642000,0.511722
7643000,0.497064
7644000,0.520573
7645000,0.575991
7646000,0.546734
7647000,0.56087
7648000,0.554178
7649000,0.555719
7650000,0.509055
7651000,0.533417
7652000,0.514421
7653000,0.509113
7654000,0.521583
7655000,0.522967
7656000,0.536667
7657000,0.578207
7658000,0.556167
7659000,0.551879
7660000,0.52149
7661000,0.550717
7662000,0.54415
7663000,0.5363
7664000,0.550263
7665000,0.559225
7666000,0.53511
7667000,0.543837
7668000,0.53724
7669000,0.535712
7670000,0.570712
7671000,0.525541
7672000,0.527057
7673000,0.533392
7674000,0.532659
7675000,0.521411
7676000,0.524536
7677000,0.542944
7678000,0.54762
7679000,0.513554
7680000,0.521934
7681000,0.545743
7682000,0.530618
7683000,0.528196
7684000,0.533987
7685000,0.514826
7686000,0.538225
7687000,0.542194
7688000,0.546726
7689000,0.546232
7690000,0.569735
7691000,0.511649
7692000,0.571158
7693000,0.527264
7694000,0.535649
7695000,0.52501
7696000,0.515579
7697000,0.552942
7698000,0.580937
7699000,0.545256
7700000,0.502952
7701000,0.518791
7702000,0.546251
7703000,0.541912
7704000,0.529323
7705000,0.507019
7706000,0.528401
7707000,0.545615
7708000,0.536948
7709000,0.561897
7710000,0.565557
7711000,0.551758
7712000,0.539954
7713000,0.535472
7714000,0.530248
7715000,0.549506
7716000,0.558834
7717000,0.53298
7718000,0.527256
7719000,0.550546
7720000,0.531306
7721000,0.530252
7722000,0.532159
7723000,0.537015
7724000,0.566824
7725000,0.52012
7726000,0.510736
7727000,0.511616
7728000,0.545623
7729000,0.543074
7730000,0.500373
7731000,0.545382
7732000,0.551306
7733000,0.553354
7734000,0.537813
7735000,0.514511
7736000,0.526814
7737000,0.535999
7738000,0.50724
7739000,0.553603
7740000,0.564686
7741000,0.531223
7742000,0.533173
7743000,0.54638
7744000,0.529054
7745000,0.52298
7746000,0.531423
7747000,0.547344
7748000,0.53629
7749000,0.532929
7750000,0.543241
7751000,0.510139
7752000,0.589973
7753000,0.562693
7754000,0.520032
7755000,0.534763
7756000,0.519739
7757000,0.526971
7758000,0.52897
7759000,0.538872
7760000,0.525454
7761000,0.519778
7762000,0.516845
7763000,0.513944
7764000,0.536201
7765000,0.579513
7766000,0.547349
7767000,0.529512
7768000,0.50004
7769000,0.50553
7770000,0.528725
7771000,0.53579
7772000,0.570791
7773000,0.568227
7774000,0.535147
7775000,0.567152
7776000,0.539002
7777000,0.545105
7778000,0.549707
7779000,0.503383
7780000,0.512572
7781000,0.518825
7782000,0.543606
7783000,0.500484
7784000,0.545871
7785000,0.534555
7786000,0.550918
7787000,0.498418
7788000,0.525883
7789000,0.518398
7790000,0.5321
7791000,0.54325
7792000,0.547397
7793000,0.522643
7794000,0.521017
7795000,0.551537
7796000,0.530482
7797000,0.487939
7798000,0.537022
7799000,0.537613
7800000,0.56351
7801000,0.491815
7802000,0.538931
7803000,0.552453
7804000,0.535594
7805000,0.525075
7806000,0.56567
7807000,0.495575
7808000,0.524078
7809000,0.548086
7810000,0.477358
7811000,0.52027
7812000,0.566249
7813000,0.527823
7814000,0.522171
7815000,0.564931
7816000,0.54003
7817000,0.553752
7818000,0.577419
7819000,0.516966
7820000,0.54462
7821000,0.499327
7822000,0.544617
7823000,0.513149
7824000,0.546293
7825000,0.547232
7826000,0.519351
7827000,0.520794
7828000,0.540071
7829000,0.551428
7830000,0.500668
7831000,0.547807
7832000,0.554757
7833000,0.535045
7834000,0.543343
7835000,0.541759
7836000,0.498026
7837000,0.515255
7838000,0.530947
7839000,0.577295
7840000,0.577563
7841000,0.528118
7842000,0.532003
7843000,0.524645
7844000,0.548743
7845000,0.529625
7846000,0.502912
7847000,0.529519
7848000,0.560861
7849000,0.548294
7850000,0.553334
7851000,0.565632
7852000,0.57908
7853000,0.518678
7854000,0.5255
7855000,0.511122
7856000,0.52827
7857000,0.530238
7858000,0.536196
7859000,0.536573
7860000,0.549935
7861000,0.525013
7862000,0.511711
7863000,0.523345
7864000,0.51837
7865000,0.552102
7866000,0.570002
7867000,0.522102
7868000,0.528842
7869000,0.563035
7870000,0.551994
7871000,0.542267
7872000,0.531731
7873000,0.514696
7874000,0.538039
7875000,0.511263
7876000,0.514346
7877000,0.51588
7878000,0.55287
7879000,0.538851
7880000,0.502392
7881000,0.546568
7882000,0.580791
7883000,0.519669
7884000,0.512492
7885000,0.540337
7886000,0.523943
7887000,0.555345
7888000,0.524442
7889000,0.548311
7890000,0.548985
7891000,0.557267
7892000,0.561726
7893000,0.526819
7894000,0.541171
7895000,0.552808
7896000,0.555393
7897000,0.561992
7898000,0.560972
7899000,0.556389
7900000,0.548568
7901000,0.509647
7902000,0.520087
7903000,0.530978
7904000,0.542436
7905000,0.551566
7906000,0.521955
7907000,0.51926
7908000,0.530525
7909000,0.552676
7910000,0.566136
7911000,0.525348
7912000,0.522314
7913000,0.540147
7914000,0.564877
7915000,0.500216
7916000,0.560917
7917000,0.535762
7918000,0.525219
7919000,0.580706
7920000,0.570458
7921000,0.491011
7922000,0.537916
7923000,0.530442
7924000,0.529655
7925000,0.555577
7926000,0.524958
7927000,0.563055
7928000,0.544576
7929000,0.565086
7930000,0.52257
7931000,0.509326
7932000,0.510816
7933000,0.541675
7934000,0.545255
7935000,0.546985
7936000,0.538056
7937000,0.513324
7938000,0.515661
7939000,0.547866
7940000,0.529223
7941000,0.538729
7942000,0.539097
7943000,0.567411
7944000,0.544435
7945000,0.582909
7946000,0.51813
7947000,0.53539
7948000,0.530722
7949000,0.540968
7950000,0.541491
7951000,0.564087
7952000,0.546528
7953000,0.538431
7954000,0.507361
7955000,0.526641
7956000,0.538535
7957000,0.545668
7958000,0.558461
7959000,0.559158
7960000,0.556421
7961000,0.516975
7962000,0.550384
7963000,0.527034
7964000,0.566212
7965000,0.540335
7966000,0.525233
7967000,0.535217
7968000,0.542453
7969000,0.570745
7970000,0.525723
7971000,0.559183
7972000,0.596145
7973000,0.551242
7974000,0.53405
7975000,0.522752
7976000,0.540924
7977000,0.548756
7978000,0.532143
7979000,0.587854
7980000,0.527554
7981000,0.528463
7982000,0.524042
7983000,0.497787
7984000,0.545568
7985000,0.536823
7986000,0.541645
7987000,0.543139
7988000,0.547115
7989000,0.559672
7990000,0.586354
7991000,0.584217
7992000,0.540381
7993000,0.496093
7994000,0.514437
7995000,0.540401
7996000,0.524793
7997000,0.524852
7998000,0.551304
7999000,0.533397
8000000,0.54987
8001000,0.525991
8002000,0.514712
8003000,0.531224
8004000,0.539689
8005000,0.570564
8006000,0.543074
8007000,0.509721
8008000,0.516843
8009000,0.501423
8010000,0.54126
8011000,0.481256
8012000,0.545811
8013000,0.557313
8014000,0.468855
8015000,0.55066
8016000,0.526957
8017000,0.49985
8018000,0.507145
8019000,0.527116
8020000,0.543279
8021000,0.541991
8022000,0.553516
8023000,0.566963
8024000,0.529047
8025000,0.537625
8026000,0.519896
8027000,0.53795
8028000,0.539375
8029000,0.538257
8030000,0.515651
8031000,0.540358
8032000,0.569332
8033000,0.527222
8034000,0.545521
8035000,0.540069
8036000,0.54145
8037000,0.572049
8038000,0.53045
8039000,0.553038
8040000,0.536387
8041000,0.509619
8042000,0.565707
8043000,0.530815
8044000,0.545895
8045000,0.50293
8046000,0.581734
8047000,0.512592
8048000,0.558208
8049000,0.525584
8050000,0.534164
8051000,0.578438
8052000,0.557511
8053000,0.543741
8054000,0.512931
8055000,0.541822
8056000,0.542013
8057000,0.556522
8058000,0.559564
8059000,0.495339
8060000,0.564831
8061000,0.569017
8062000,0.515923
8063000,0.545231
8064000,0.51991
8065000,0.552435
8066000,0.528977
8067000,0.549408
8068000,0.549344
8069000,0.542531
8070000,0.538098
8071000,0.521242
8072000,0.533354
8073000,0.544069
8074000,0.526463
8075000,0.571461
8076000,0.555256
8077000,0.501252
8078000,0.550785
8079000,0.53874
8080000,0.551154
8081000,0.506385
8082000,0.513668
8083000,0.513291
8084000,0.546013
8085000,0.563764
8086000,0.555429
8087000,0.554415
8088000,0.541522
8089000,0.550487
8090000,0.526039
8091000,0.533746
8092000,0.535763
8093000,0.533945
8094000,0.529727
8095000,0.572991
8096000,0.544657
8097000,0.521165
8098000,0.536579
8099000,0.57101
8100000,0.531958
8101000,0.552612
8102000,0.529758
8103000,0.566762
8104000,0.540558
8105000,0.52997
8106000,0.533321
8107000,0.513744
8108000,0.514498
8109000,0.50014
8110000,0.56127
8111000,0.546274
8112000,0.526002
8113000,0.54756
8114000,0.539776
8115000,0.537502
8116000,0.543555
8117000,0.514914
8118000,0.523957
8119000,0.524517
8120000,0.536267
8121000,0.571694
8122000,0.503321
8123000,0.540078
8124000,0.527805
8125000,0.531453
8126000,0.558394
8127000,0.540987
8128000,0.567714
8129000,0.541176
8130000,0.537068
8131000,0.567709
8132000,0.552713
8133000,0.510526
8134000,0.541293
8135000,0.532679
8136000,0.495541
8137000,0.529388
8138000,0.524727
8139000,0.502027
8140000,0.561581
8141000,0.540193
8142000,0.558407
8143000,0.524547
8144000,0.547746
8145000,0.541332
8146000,0.512673
8147000,0.522445
8148000,0.536607
8149000,0.516474
8150000,0.551605
8151000,0.545812
8152000,0.558655
8153000,0.526452
8154000,0.57333
8155000,0.566395
8156000,0.558119
8157000,0.565588
8158000,0.559132
8159000,0.5412
8160000,0.557429
8161000,0.569476
8162000,0.567002
8163000,0.555728
8164000,0.520233
8165000,0.558734
8166000,0.519473
8167000,0.522629
8168000,0.556698
8169000,0.536715
8170000,0.544565
8171000,0.546071
8172000,0.544702
8173000,0.521636
8174000,0.542419
8175000,0.58381
8176000,0.515226
8177000,0.550421
8178000,0.551102
8179000,0.568923
8180000,0.541452
8181000,0.552044
8182000,0.546442
8183000,0.498939
8184000,0.566211
8185000,0.561128
8186000,0.537825
8187000,0.555011
8188000,0.542083
8189000,0.536994
8190000,0.48848
8191000,0.5286
8192000,0.524787
8193000,0.548131
8194000,0.516908
8195000,0.54949
8196000,0.511417
8197000,0.531985
8198000,0.549969
8199000,0.529129
8200000,0.572164
8201000,0.568017
8202000,0.550048
8203000,0.528007
8204000,0.573223
8205000,0.514415
8206000,0.559049
8207000,0.563646
8208000,0.548166
8209000,0.535292
8210000,0.54087
8211000,0.540185
8212000,0.542299
8213000,0.516888
8214000,0.558408
8215000,0.525771
8216000,0.539397
8217000,0.518371
8218000,0.562033
8219000,0.506299
8220000,0.533452
8221000,0.570135
8222000,0.51982
8223000,0.536385
8224000,0.545243
8225000,0.514368
8226000,0.536178
8227000,0.523588
8228000,0.573384
8229000,0.553098
8230000,0.579007
8231000,0.534097
8232000,0.539459
8233000,0.526997
8234000,0.5144
8235000,0.54965
8236000,0.511754
8237000,0.531226
8238000,0.547747
8239000,0.517052
8240000,0.567632
8241000,0.517051
8242000,0.553851
8243000,0.556829
8244000,0.517059
8245000,0.558878
8246000,0.582994
8247000,0.515766
8248000,0.525227
8249000,0.543873
8250000,0.531576
8251000,0.527573
8252000,0.556558
8253000,0.523874
8254000,0.565008
8255000,0.564511
8256000,0.516676
8257000,0.553447
8258000,0.532752
8259000,0.532406
8260000,0.543823
8261000,0.529673
8262000,0.568955
8263000,0.541724
8264000,0.534982
8265000,0.509792
8266000,0.543421
8267000,0.562703
8268000,0.574814
8269000,0.567154
8270000,0.533858
8271000,0.507109
8272000,0.530178
8273000,0.539216
8274000,0.536341
8275000,0.558762
8276000,0.528826
8277000,0.527568
8278000,0.527032
8279000,0.522561
8280000,0.523129
8281000,0.527345
8282000,0.549123
8283000,0.549742
8284000,0.523269
8285000,0.53011
8286000,0.536466
8287000,0.529066
8288000,0.518987
8289000,0.525218
8290000,0.523758
8291000,0.535914
8292000,0.521008
8293000,0.549719
8294000,0.566034
8295000,0.556347
8296000,0.505017
8297000,0.529267
8298000,0.543379
8299000,0.520701
8300000,0.559073
8301000,0.550355
8302000,0.534987
8303000,0.563298
8304000,0.520409
8305000,0.506465
8306000,0.543622
8307000,0.527075
8308000,0.555791
8309000,0.544615
8310000,0.533739
8311000,0.555029
8312000,0.556429
8313000,0.556751
8314000,0.507399
8315000,0.521613
8316000,0.530866
8317000,0.544036
8318000,0.529222
8319000,0.568969
8320000,0.534348
8321000,0.562558
8322000,0.508915
8323000,0.562978
8324000,0.573437
8325000,0.537516
8326000,0.530516
8327000,0.53541
8328000,0.568733
8329000,0.516787
8330000,0.5166
8331000,0.534325
8332000,0.544805
8333000,0.552549
8334000,0.539968
8335000,0.51009
8336000,0.548252
8337000,0.554257
8338000,0.555315
8339000,0.537367
8340000,0.582351
8341000,0.551793
8342000,0.515361
8343000,0.549534
8344000,0.535642
8345000,0.516187
8346000,0.517284
8347000,0.487924
8348000,0.528214
8349000,0.519857
8350000,0.561304
8351000,0.570778
8352000,0.509478
8353000,0.52472
8354000,0.560836
8355000,0.510017
8356000,0.535238
8357000,0.509069
8358000,0.545757
8359000,0.522567
8360000,0.508689
8361000,0.526043
8362000,0.511356
8363000,0.51722
8364000,0.496959
8365000,0.515835
8366000,0.531183
8367000,0.501729
8368000,0.526038
8369000,0.4768
8370000,0.520673
8371000,0.503185
8372000,0.507324
8373000,0.553933
8374000,0.561974
8375000,0.575338
8376000,0.534965
8377000,0.533331
8378000,0.582839
8379000,0.537692
8380000,0.562389
8381000,0.531376
8382000,0.50607
8383000,0.564317
8384000,0.526956
8385000,0.553769
8386000,0.55645
8387000,0.576138
8388000,0.548506
8389000,0.551949
8390000,0.534674
8391000,0.575547
8392000,0.530288
8393000,0.532806
8394000,0.525455
8395000,0.504972
8396000,0.547704
8397000,0.54995
8398000,0.589455
8399000,0.54789
8400000,0.549192
8401000,0.543276
8402000,0.545705
8403000,0.550269
8404000,0.507737
8405000,0.537593
8406000,0.508838
8407000,0.527061
8408000,0.538695
8409000,0.503248
8410000,0.547955
8411000,0.560894
8412000,0.545276
8413000,0.537618
8414000,0.533554
8415000,0.528479
8416000,0.545743
8417000,0.512827
8418000,0.561762
8419000,0.514855
8420000,0.559937
8421000,0.538379
8422000,0.521098
8423000,0.547096
8424000,0.523526
8425000,0.55501
8426000,0.54848
8427000,0.550982
8428000,0.51864
8429000,0.564886
8430000,0.497582
8431000,0.529818
8432000,0.524326
8433000,0.53849
8434000,0.552462
8435000,0.534291
8436000,0.550469
8437000,0.518403
8438000,0.559792
8439000,0.534047
8440000,0.537252
8441000,0.55763
8442000,0.597927
8443000,0.532412
8444000,0.555799
8445000,0.572605
8446000,0.532697
8447000,0.55347
8448000,0.56327
8449000,0.548556
8450000,0.548176
8451000,0.535
8452000,0.532022
8453000,0.540044
8454000,0.552135
8455000,0.517321
8456000,0.537235
8457000,0.516589
8458000,0.514739
8459000,0.549968
8460000,0.561728
8461000,0.554151
8462000,0.552772
8463000,0.536588
8464000,0.570828
8465000,0.507525
8466000,0.546753
8467000,0.539311
8468000,0.534712
8469000,0.538123
8470000,0.576753
8471000,0.493671
8472000,0.483907
8473000,0.548716
8474000,0.513786
8475000,0.528661
8476000,0.513365
8477000,0.54827
8478000,0.524199
8479000,0.544512
8480000,0.537652
8481000,0.53808
8482000,0.550621
8483000,0.546827
8484000,0.541225
8485000,0.539271
8486000,0.554696
8487000,0.536195
8488000,0.514799
8489000,0.550411
8490000,0.548375
8491000,0.537444
8492000,0.571555
8493000,0.493372
8494000,0.544929
8495000,0.566989
8496000,0.552942
8497000,0.510061
8498000,0.596697
8499000,0.573872
8500000,0.562122
8501000,0.556051
8502000,0.532105
8503000,0.49605
8504000,0.527798
8505000,0.542085
8506000,0.557149
8507000,0.550589
8508000,0.558646
8509000,0.54009
8510000,0.523446
8511000,0.526088
8512000,0.532595
8513000,0.540239
8514000,0.523346
8515000,0.523516
8516000,0.505961
8517000,0.568949
8518000,0.494707
8519000,0.558094
8520000,0.568214
8521000,0.5142
8522000,0.53138
8523000,0.523388
8524000,0.505732
8525000,0.56856
8526000,0.526724
8527000,0.518492
8528000,0.527734
8529000,0.528764
8530000,0.5169
8531000,0.52974
8532000,0.513541
8533000,0.554515
8534000,0.571223
8535000,0.530673
8536000,0.531965
8537000,0.509403
8538000,0.526155
8539000,0.514947
8540000,0.53402
8541000,0.558158
8542000,0.515865
8543000,0.542126
8544000,0.547223
8545000,0.526092
8546000,0.53952
8547000,0.538741
8548000,0.525591
8549000,0.541966
8550000,0.532784
8551000,0.547797
8552000,0.507097
8553000,0.539663
8554000,0.554158
8555000,0.543172
8556000,0.547036
8557000,0.52294
8558000,0.556062
8559000,0.557934
8560000,0.558182
8561000,0.552106
8562000,0.523121
8563000,0.515712
8564000,0.506445
8565000,0.523682
8566000,0.541697
8567000,0.522095
8568000,0.549946
8569000,0.537174
8570000,0.515023
8571000,0.562003
8572000,0.590898
8573000,0.545042
8574000,0.540372
8575000,0.522707
8576000,0.499063
8577000,0.530867
8578000,0.550945
8579000,0.542833
8580000,0.557928
8581000,0.512879
8582000,0.490377
8583000,0.532582
8584000,0.517345
8585000,0.497855
8586000,0.534817
8587000,0.526195
8588000,0.523628
8589000,0.529359
8590000,0.535782
8591000,0.560505
8592000,0.526077
8593000,0.547913
8594000,0.542286
8595000,0.555966
8596000,0.535968
8597000,0.546635
8598000,0.56001
8599000,0.561738
8600000,0.542329
8601000,0.539618
8602000,0.527213
8603000,0.523073
8604000,0.530029
8605000,0.525205
8606000,0.558479
8607000,0.556709
8608000,0.555246
8609000,0.559587
8610000,0.54468
8611000,0.549808
8612000,0.52728
8613000,0.521136
8614000,0.533664
8615000,0.529035
8616000,0.521646
8617000,0.50858
8618000,0.523652
8619000,0.548862
8620000,0.521537
8621000,0.542035
8622000,0.557088
8623000,0.570854
8624000,0.533036
8625000,0.562404
8626000,0.549848
8627000,0.533392
8628000,0.517874
8629000,0.548406
8630000,0.534413
8631000,0.554452
8632000,0.518859
8633000,0.573269
8634000,0.514481
8635000,0.531898
8636000,0.581585
8637000,0.556641
8638000,0.551188
8639000,0.544115
8640000,0.500754
8641000,0.569553
8642000,0.523814
8643000,0.572065
8644000,0.518855
8645000,0.528087
8646000,0.527771
8647000,0.565374
8648000,0.54886
8649000,0.541944
8650000,0.515734
8651000,0.536384
8652000,0.535888
8653000,0.557846
8654000,0.530378
8655000,0.535805
8656000,0.55203
8657000,0.554502
8658000,0.528694
8659000,0.555515
8660000,0.530228
8661000,0.583148
8662000,0.57644
8663000,0.558604
8664000,0.556164
8665000,0.546214
8666000,0.504092
8667000,0.595153
8668000,0.523243
8669000,0.545915
8670000,0.55791
8671000,0.514316
8672000,0.556244
8673000,0.527879
8674000,0.5778
8675000,0.567516
8676000,0.549692
8677000,0.545758
8678000,0.56683
8679000,0.537554
8680000,0.519866
8681000,0.551836
8682000,0.526344
8683000,0.548334
8684000,0.553059
8685000,0.534557
8686000,0.517687
8687000,0.557847
8688000,0.51771
8689000,0.539102
8690000,0.548277
8691000,0.547481
8692000,0.506713
8693000,0.523452
8694000,0.527572
8695000,0.548533
8696000,0.53136
8697000,0.579316
8698000,0.516076
8699000,0.556141
8700000,0.551521
8701000,0.548881
8702000,0.553383
8703000,0.553817
8704000,0.545431
8705000,0.57971
8706000,0.595209
8707000,0.506546
8708000,0.51664
8709000,0.56339
8710000,0.538002
8711000,0.572203
8712000,0.55533
8713000,0.56773
8714000,0.571194
8715000,0.544855
8716000,0.517755
8717000,0.520217
8718000,0.541502
8719000,0.511138
8720000,0.555904
8721000,0.53228
8722000,0.533413
8723000,0.547158
8724000,0.547304
8725000,0.55384
8726000,0.574501
8727000,0.529153
8728000,0.518124
8729000,0.544932
8730000,0.53792
8731000,0.538996
8732000,0.549668
8733000,0.527411
8734000,0.547251
8735000,0.519753
8736000,0.500855
8737000,0.550045
8738000,0.570283
8739000,0.563668
8740000,0.518947
8741000,0.54219
8742000,0.561836
8743000,0.508831
8744000,0.53519
8745000,0.500901
8746000,0.539436
8747000,0.528115
8748000,0.551771
8749000,0.549972
8750000,0.528887
8751000,0.561322
8752000,0.557085
8753000,0.528394
8754000,0.563023
8755000,0.529422
8756000,0.51935
8757000,0.54364
8758000,0.558078
8759000,0.547711
8760000,0.567055
8761000,0.586604
8762000,0.525723
8763000,0.500869
8764000,0.563321
8765000,0.542837
8766000,0.515438
8767000,0.563892
8768000,0.556054
8769000,0.559526
8770000,0.544327
8771000,0.557862
8772000,0.51709
8773000,0.505039
8774000,0.520102
8775000,0.539222
8776000,0.561034
8777000,0.547449
8778000,0.538031
8779000,0.546545
8780000,0.558378
8781000,0.553977
8782000,0.540765
8783000,0.553568
8784000,0.556829
8785000,0.544718
8786000,0.559281
8787000,0.509899
8788000,0.539928
8789000,0.523793
8790000,0.571371
8791000,0.528209
8792000,0.52892
8793000,0.556834
8794000,0.493669
8795000,0.518531
8796000,0.537936
8797000,0.529393
8798000,0.533259
8799000,0.556108
8800000,0.525386
8801000,0.506189
8802000,0.524231
8803000,0.520628
8804000,0.539072
8805000,0.513011
8806000,0.557697
8807000,0.531423
8808000,0.5462
8809000,0.527771
8810000,0.537974
8811000,0.512242
8812000,0.548927
8813000,0.52684
8814000,0.52862
8815000,0.508783
8816000,0.527448
8817000,0.520249
8818000,0.576242
8819000,0.518098
8820000,0.506082
8821000,0.557287
8822000,0.530265
8823000,0.55147
8824000,0.578236
8825000,0.528962
8826000,0.491198
8827000,0.535361
8828000,0.5397
8829000,0.547067
8830000,0.56807
8831000,0.557566
8832000,0.536456
8833000,0.538127
8834000,0.576624
8835000,0.562222
8836000,0.499941
8837000,0.557529
8838000,0.526434
8839000,0.535995
8840000,0.542109
8841000,0.551798
8842000,0.556544
8843000,0.5511
8844000,0.539815
8845000,0.540699
8846000,0.493153
8847000,0.527209
8848000,0.560248
8849000,0.530545
8850000,0.574856
8851000,0.579901
8852000,0.548571
8853000,0.550389
8854000,0.473744
8855000,0.529024
8856000,0.550705
8857000,0.537036
8858000,0.589453
8859000,0.550953
8860000,0.563161
8861000,0.545163
8862000,0.530136
8863000,0.517421
8864000,0.541972
8865000,0.554187
8866000,0.539093
8867000,0.530243
8868000,0.536128
8869000,0.523385
8870000,0.525192
8871000,0.582958
8872000,0.533833
8873000,0.520791
8874000,0.505879
8875000,0.530635
8876000,0.550394
8877000,0.542056
8878000,0.53834
8879000,0.567297
8880000,0.534722
8881000,0.556808
8882000,0.491598
8883000,0.53093
8884000,0.545382
8885000,0.548858
8886000,0.506859
8887000,0.509773
8888000,0.554861
8889000,0.527899
8890000,0.527854
8891000,0.560634
8892000,0.548285
8893000,0.562127
8894000,0.490553
8895000,0.496901
8896000,0.534855
8897000,0.555247
8898000,0.526802
8899000,0.513631
8900000,0.53064
8901000,0.516074
8902000,0.538834
8903000,0.556345
8904000,0.511657
8905000,0.539202
8906000,0.526035
8907000,0.549047
8908000,0.547809
8909000,0.503372
8910000,0.534876
8911000,0.522063
8912000,0.516951
8913000,0.529277
8914000,0.53111
8915000,0.573119
8916000,0.501717
8917000,0.53747
8918000,0.533095
8919000,0.556441
8920000,0.541857
8921000,0.527639
8922000,0.557748
8923000,0.551311
8924000,0.539778
8925000,0.546712
8926000,0.520962
8927000,0.538184
8928000,0.547683
8929000,0.526398
8930000,0.554261
8931000,0.55761
8932000,0.537493
8933000,0.541527
8934000,0.535096
8935000,0.535609
8936000,0.543129
8937000,0.543018
8938000,0.542077
8939000,0.530088
8940000,0.539962
8941000,0.550945
8942000,0.520149
8943000,0.499277
8944000,0.501902
8945000,0.529155
8946000,0.567256
8947000,0.558949
8948000,0.475111
8949000,0.553332
8950000,0.529189
8951000,0.540307
8952000,0.521584
8953000,0.54672
8954000,0.506137
8955000,0.538148
8956000,0.51416
8957000,0.549813
8958000,0.535702
8959000,0.514309
8960000,0.543913
8961000,0.521182
8962000,0.572337
8963000,0.542157
8964000,0.523445
8965000,0.554453
8966000,0.549532
8967000,0.538426
8968000,0.523706
8969000,0.52284
8970000,0.539799
8971000,0.5382
8972000,0.503142
8973000,0.510276
8974000,0.552437
8975000,0.543113
8976000,0.513796
8977000,0.5705
8978000,0.524175
8979000,0.536767
8980000,0.53493
8981000,0.544751
8982000,0.584578
8983000,0.576933
8984000,0.539978
8985000,0.544219
8986000,0.551308
8987000,0.539087
8988000,0.554571
8989000,0.567111
8990000,0.560799
8991000,0.538341
8992000,0.539869
8993000,0.562521
8994000,0.53556
8995000,0.51065
8996000,0.58201
8997000,0.513694
8998000,0.548603
8999000,0.580731
9000000,0.535348
9001000,0.552499
9002000,0.565933
9003000,0.546346
9004000,0.560728
9005000,0.547036
9006000,0.552616
9007000,0.569427
9008000,0.537683
9009000,0.526562
9010000,0.532739
9011000,0.522109
9012000,0.530926
9013000,0.555022
9014000,0.546257
9015000,0.522129
9016000,0.541257
9017000,0.531661
9018000,0.530747
9019000,0.510749
9020000,0.497609
9021000,0.568258
9022000,0.511661
9023000,0.509695
9024000,0.60408
9025000,0.542394
9026000,0.517167
9027000,0.549708
9028000,0.55473
9029000,0.557531
9030000,0.54821
9031000,0.538038
9032000,0.519645
9033000,0.546236
9034000,0.539599
9035000,0.535094
9036000,0.543554
9037000,0.542961
9038000,0.572461
9039000,0.538106
9040000,0.558737
9041000,0.553437
9042000,0.498606
9043000,0.552509
9044000,0.556815
9045000,0.566175
9046000,0.553518
9047000,0.558238
9048000,0.488105
9049000,0.538431
9050000,0.536811
9051000,0.54635
9052000,0.579247
9053000,0.540219
9054000,0.542552
9055000,0.538047
9056000,0.531537
9057000,0.528586
9058000,0.534093
9059000,0.509053
9060000,0.55513
9061000,0.539628
9062000,0.528764
9063000,0.540824
9064000,0.570328
9065000,0.522943
9066000,0.54774
9067000,0.551817
9068000,0.551147
9069000,0.557545
9070000,0.532153
9071000,0.545522
9072000,0.564734
9073000,0.519791
9074000,0.567255
9075000,0.549838
9076000,0.518394
9077000,0.538785
9078000,0.537074
9079000,0.52809
9080000,0.496034
9081000,0.535871
9082000,0.560297
9083000,0.545509
9084000,0.517193
9085000,0.566316
9086000,0.550947
9087000,0.555661
9088000,0.52771
9089000,0.559705
9090000,0.527151
9091000,0.544867
9092000,0.514454
9093000,0.542954
9094000,0.600398
9095000,0.560205
9096000,0.546824
9097000,0.521301
9098000,0.528657
9099000,0.529132
9100000,0.502359
9101000,0.540963
9102000,0.529546
9103000,0.549578
9104000,0.532747
9105000,0.518838
9106000,0.527458
9107000,0.512135
9108000,0.531658
9109000,0.545822
9110000,0.516921
9111000,0.566018
9112000,0.528451
9113000,0.520948
9114000,0.534475
9115000,0.533368
9116000,0.574902
9117000,0.533048
9118000,0.519062
9119000,0.547218
9120000,0.517582
9121000,0.51012
9122000,0.548993
9123000,0.514888
9124000,0.563992
9125000,0.524662
9126000,0.543342
9127000,0.551856
9128000,0.509492
9129000,0.526968
9130000,0.524033
9131000,0.528539
9132000,0.547529
9133000,0.534544
9134000,0.535324
9135000,0.527404
9136000,0.530125
9137000,0.549074
9138000,0.519654
9139000,0.518549
9140000,0.505859
9141000,0.507806
9142000,0.546629
9143000,0.536734
9144000,0.537436
9145000,0.520172
9146000,0.562955
9147000,0.552751
9148000,0.497302
9149000,0.54722
9150000,0.548284
9151000,0.539972
9152000,0.546881
9153000,0.548007
9154000,0.518221
9155000,0.530152
9156000,0.546487
9157000,0.542256
9158000,0.509349
9159000,0.559777
9160000,0.527934
9161000,0.561478
9162000,0.514859
9163000,0.552486
9164000,0.542256
9165000,0.503839
9166000,0.50918
9167000,0.564257
9168000,0.528087
9169000,0.533935
9170000,0.504586
9171000,0.529407
9172000,0.549967
9173000,0.542685
9174000,0.580207
9175000,0.555076
9176000,0.527443
9177000,0.510281
9178000,0.549586
9179000,0.577822
9180000,0.51762
9181000,0.523703
9182000,0.538718
9183000,0.497518
9184000,0.555107
9185000,0.536982
9186000,0.565732
9187000,0.54154
9188000,0.524149
9189000,0.532987
9190000,0.523661
9191000,0.521683
9192000,0.530071
9193000,0.556828
9194000,0.530886
9195000,0.508087
9196000,0.522923
9197000,0.54956
9198000,0.546733
9199000,0.58763
9200000,0.558019
9201000,0.552364
9202000,0.52706
9203000,0.527
9204000,0.554655
9205000,0.572792
9206000,0.541813
9207000,0.53262
9208000,0.548587
9209000,0.507534
9210000,0.537491
9211000,0.524095
9212000,0.548713
9213000,0.516519
9214000,0.531564
9215000,0.521653
9216000,0.545576
9217000,0.541095
9218000,0.511382
9219000,0.566422
9220000,0.527039
9221000,0.534097
9222000,0.46976
9223000,0.525199
9224000,0.491642
9225000,0.520516
9226000,0.538186
9227000,0.5368
9228000,0.521464
9229000,0.499247
9230000,0.540295
9231000,0.531671
9232000,0.515955
9233000,0.519664
9234000,0.536508
9235000,0.531961
9236000,0.568787
9237000,0.489203
9238000,0.529375
9239000,0.569446
9240000,0.533056
9241000,0.586393
9242000,0.505996
9243000,0.54984
9244000,0.538244
9245000,0.522034
9246000,0.526266
9247000,0.554269
9248000,0.530702
9249000,0.527868
9250000,0.555131
9251000,0.556033
9252000,0.571978
9253000,0.554063
9254000,0.55071
9255000,0.50902
9256000,0.540166
9257000,0.5387
9258000,0.539595
9259000,0.531219
9260000,0.545528
9261000,0.547979
9262000,0.548862
9263000,0.50599
9264000,0.557575
9265000,0.523703
9266000,0.570898
9267000,0.546311
9268000,0.550234
9269000,0.540609
9270000,0.545752
9271000,0.517793
9272000,0.560019
9273000,0.551214
9274000,0.498634
9275000,0.550023
9276000,0.54571
9277000,0.569142
9278000,0.566483
9279000,0.518841
9280000,0.549723
9281000,0.543741
9282000,0.555939
9283000,0.55078
9284000,0.494342
9285000,0.499528
9286000,0.527272
9287000,0.531243
9288000,0.533126
9289000,0.580473
9290000,0.543012
9291000,0.557708
9292000,0.526264
9293000,0.536076
9294000,0.506022
9295000,0.55166
9296000,0.548658
9297000,0.546192
9298000,0.526179
9299000,0.497851
9300000,0.568491
9301000,0.51527
9302000,0.521496
9303000,0.535386
9304000,0.526595
9305000,0.558895
9306000,0.52559
9307000,0.53978
9308000,0.532942
9309000,0.513804
9310000,0.501921
9311000,0.56696
9312000,0.517543
9313000,0.549466
9314000,0.521329
9315000,0.574331
9316000,0.555187
9317000,0.550992
9318000,0.534263
9319000,0.537328
9320000,0.520376
9321000,0.52188
9322000,0.579167
9323000,0.560795
9324000,0.538848
9325000,0.536118
9326000,0.547175
9327000,0.523343
9328000,0.544434
9329000,0.567564
9330000,0.564904
9331000,0.530116
9332000,0.555233
9333000,0.560234
9334000,0.563722
9335000,0.548018
9336000,0.548297
9337000,0.584162
9338000,0.545601
9339000,0.540458
9340000,0.565869
9341000,0.56123
9342000,0.534624
9343000,0.502102
9344000,0.530885
9345000,0.503516
9346000,0.537629
9347000,0.545015
9348000,0.507206
9349000,0.499386
9350000,0.550669
9351000,0.547526
9352000,0.563852
9353000,0.531835
9354000,0.56462
9355000,0.547611
9356000,0.547183
9357000,0.547061
9358000,0.514707
9359000,0.508631
9360000,0.525097
9361000,0.548574
9362000,0.544425
9363000,0.578564
9364000,0.539812
9365000,0.491914
9366000,0.539829
9367000,0.529119
9368000,0.54224
9369000,0.551254
9370000,0.556158
9371000,0.536895
9372000,0.532476
9373000,0.556864
9374000,0.524543
9375000,0.562964
9376000,0.525074
9377000,0.525154
9378000,0.495297
9379000,0.515374
9380000,0.537961
9381000,0.544693
9382000,0.542912
9383000,0.529615
9384000,0.525787
9385000,0.56549
9386000,0.571574
9387000,0.547558
9388000,0.528673
9389000,0.547469
9390000,0.539011
9391000,0.559321
9392000,0.526477
9393000,0.571556
9394000,0.562308
9395000,0.559982
9396000,0.50576
9397000,0.541763
9398000,0.523193
9399000,0.568673
9400000,0.585023
9401000,0.513843
9402000,0.533589
9403000,0.567297
9404000,0.526463
9405000,0.571309
9406000,0.520025
9407000,0.507666
9408000,0.549815
9409000,0.542117
9410000,0.541616
9411000,0.514761
9412000,0.575611
9413000,0.538185
9414000,0.506137
9415000,0.515532
9416000,0.549837
9417000,0.522131
9418000,0.59584
9419000,0.538435
9420000,0.526515
9421000,0.581054
9422000,0.568563
9423000,0.562587
9424000,0.494969
9425000,0.563005
9426000,0.4934
9427000,0.535262
9428000,0.518235
9429000,0.559019
9430000,0.521183
9431000,0.560501
9432000,0.542902
9433000,0.573165
9434000,0.534912
9435000,0.527457
9436000,0.56003
9437000,0.551898
9438000,0.562801
9439000,0.539248
9440000,0.551612
9441000,0.55978
9442000,0.48789
9443000,0.502166
9444000,0.525368
9445000,0.502573
9446000,0.527581
9447000,0.524368
9448000,0.536566
9449000,0.572441
9450000,0.537372
9451000,0.55917
9452000,0.52216
9453000,0.529232
9454000,0.497468
9455000,0.570841
9456000,0.516943
9457000,0.566855
9458000,0.54517
9459000,0.556543
9460000,0.534924
9461000,0.548254
9462000,0.526459
9463000,0.541793
9464000,0.533614
9465000,0.565003
9466000,0.514327
9467000,0.542927
9468000,0.51438
9469000,0.556627
9470000,0.540475
9471000,0.538431
9472000,0.545887
9473000,0.529707
9474000,0.543161
9475000,0.56972
9476000,0.575512
9477000,0.532746
9478000,0.523871
9479000,0.52992
9480000,0.499839
9481000,0.547684
9482000,0.515712
9483000,0.5362
9484000,0.520319
9485000,0.545952
9486000,0.545808
9487000,0.517884
9488000,0.543718
9489000,0.560864
9490000,0.516806
9491000,0.533139
9492000,0.51379
9493000,0.521337
9494000,0.506825
9495000,0.538176
9496000,0.539497
9497000,0.527947
9498000,0.518587
9499000,0.555128
9500000,0.519175
9501000,0.572548
9502000,0.520423
9503000,0.527167
9504000,0.537946
9505000,0.531245
9506000,0.532458
9507000,0.529169
9508000,0.555396
9509000,0.515504
9510000,0.545837
9511000,0.504125
9512000,0.552403
9513000,0.523644
9514000,0.539759
9515000,0.512516
9516000,0.531832
9517000,0.565104
9518000,0.535321
9519000,0.550043
9520000,0.540676
9521000,0.53981
9522000,0.581826
9523000,0.525372
9524000,0.570214
9525000,0.499879
9526000,0.53225
9527000,0.540896
9528000,0.507581
9529000,0.530748
9530000,0.526837
9531000,0.524
9532000,0.538178
9533000,0.534059
9534000,0.553437
9535000,0.546826
9536000,0.505279
9537000,0.579849
9538000,0.509628
9539000,0.550995
9540000,0.561732
9541000,0.542262
9542000,0.524445
9543000,0.551445
9544000,0.54897
9545000,0.51701
9546000,0.539437
9547000,0.562559
9548000,0.517599
9549000,0.532495
9550000,0.542671
9551000,0.517815
9552000,0.52766
9553000,0.532589
9554000,0.592628
9555000,0.540812
9556000,0.537949
9557000,0.542075
9558000,0.53065
9559000,0.566562
9560000,0.556815
9561000,0.539008
9562000,0.5172
9563000,0.499858
9564000,0.55545
9565000,0.508636
9566000,0.53313
9567000,0.553449
9568000,0.563943
9569000,0.55815
9570000,0.544365
9571000,0.563096
9572000,0.527072
9573000,0.582523
9574000,0.545261
9575000,0.5489
9576000,0.544086
9577000,0.527139
9578000,0.515113
9579000,0.52201
9580000,0.569571
9581000,0.545207
9582000,0.541298
9583000,0.50995
9584000,0.55468
9585000,0.510319
9586000,0.545539
9587000,0.569902
9588000,0.554456
9589000,0.514704
9590000,0.507551
9591000,0.524773
9592000,0.567556
9593000,0.529516
9594000,0.500563
9595000,0.534873
9596000,0.512593
9597000,0.541444
9598000,0.547182
9599000,0.549673
9600000,0.534909
9601000,0.533612
9602000,0.512105
9603000,0.535605
9604000,0.535228
9605000,0.545668
9606000,0.514866
9607000,0.533048
9608000,0.534046
9609000,0.537444
9610000,0.525293
9611000,0.550425
9612000,0.561273
9613000,0.540621
9614000,0.554534
9615000,0.538519
9616000,0.523242
9617000,0.49787
9618000,0.527586
9619000,0.530193
9620000,0.559276
9621000,0.543721
9622000,0.541402
9623000,0.576463
9624000,0.526791
9625000,0.539532
9626000,0.513516
9627000,0.539658
9628000,0.571778
9629000,0.548685
9630000,0.560611
9631000,0.545198
9632000,0.531101
9633000,0.520825
9634000,0.528128
9635000,0.567103
9636000,0.520226
9637000,0.544445
9638000,0.565622
9639000,0.53445
9640000,0.534598
9641000,0.560904
9642000,0.548757
9643000,0.527373
9644000,0.485672
9645000,0.53708
9646000,0.550976
9647000,0.511577
9648000,0.533772
9649000,0.520719
9650000,0.534519
9651000,0.542855
9652000,0.535798
9653000,0.532652
9654000,0.524936
9655000,0.541121
9656000,0.546966
9657000,0.538333
9658000,0.570676
9659000,0.538177
9660000,0.558457
9661000,0.578535
9662000,0.51618
9663000,0.546306
9664000,0.50772
9665000,0.52805
9666000,0.554345
9667000,0.526832
9668000,0.562424
9669000,0.530424
9670000,0.546162
9671000,0.512341
9672000,0.530328
9673000,0.539164
9674000,0.489565
9675000,0.492714
9676000,0.542169
9677000,0.518077
9678000,0.507962
9679000,0.563348
9680000,0.520695
9681000,0.544854
9682000,0.578872
9683000,0.524212
9684000,0.526737
9685000,0.518365
9686000,0.532055
9687000,0.532974
9688000,0.567091
9689000,0.534391
9690000,0.582194
9691000,0.536392
9692000,0.542505
9693000,0.520693
9694000,0.551975
9695000,0.538701
9696000,0.571284
9697000,0.51127
9698000,0.572363
9699000,0.553695
9700000,0.564226
9701000,0.513556
9702000,0.559482
9703000,0.559672
9704000,0.553941
9705000,0.516926
9706000,0.547832
9707000,0.533825
9708000,0.473157
9709000,0.55991
9710000,0.517301
9711000,0.534967
9712000,0.551177
9713000,0.563855
9714000,0.544311
9715000,0.533646
9716000,0.556948
9717000,0.512111
9718000,0.540128
9719000,0.553807
9720000,0.532669
9721000,0.54055
9722000,0.519646
9723000,0.517844
9724000,0.517242
9725000,0.508206
9726000,0.546652
9727000,0.535341
9728000,0.541515
9729000,0.531848
9730000,0.537297
9731000,0.581277
9732000,0.547546
9733000,0.530278
9734000,0.532496
9735000,0.544226
9736000,0.576344
9737000,0.523596
9738000,0.500048
9739000,0.555483
9740000,0.549162
9741000,0.541787
9742000,0.576219
9743000,0.513552
9744000,0.564714
9745000,0.544287
9746000,0.536711
9747000,0.5505
9748000,0.556797
9749000,0.509367
9750000,0.52774
9751000,0.518269
9752000,0.552048
9753000,0.520301
9754000,0.570835
9755000,0.517658
9756000,0.534572
9757000,0.520574
9758000,0.53251
9759000,0.517878
9760000,0.550289
9761000,0.526144
9762000,0.505729
9763000,0.51811
9764000,0.548435
9765000,0.562971
9766000,0.542993
9767000,0.517115
9768000,0.542023
9769000,0.541445
9770000,0.555236
9771000,0.568998
9772000,0.532582
9773000,0.546691
9774000,0.534411
9775000,0.601569
9776000,0.554948
9777000,0.565274
9778000,0.536893
9779000,0.566958
9780000,0.506654
9781000,0.539921
9782000,0.513789
9783000,0.54812
9784000,0.517212
9785000,0.552454
9786000,0.577134
9787000,0.545775
9788000,0.531305
9789000,0.580257
9790000,0.506763
9791000,0.549377
9792000,0.537793
9793000,0.535724
9794000,0.542465
9795000,0.516305
9796000,0.531878
9797000,0.506963
9798000,0.536985
9799000,0.491879
9800000,0.558812
9801000,0.562078
9802000,0.550348
9803000,0.507758
9804000,0.564311
9805000,0.52777
9806000,0.532525
9807000,0.553062
9808000,0.53861
9809000,0.544975
9810000,0.560974
9811000,0.544676
9812000,0.565159
9813000,0.55638
9814000,0.508045
9815000,0.508191
9816000,0.542369
9817000,0.545119
9818000,0.565081
9819000,0.522648
9820000,0.50025
9821000,0.516502
9822000,0.538575
9823000,0.550976
9824000,0.494043
9825000,0.551039
9826000,0.516428
9827000,0.53912
9828000,0.556035
9829000,0.563099
9830000,0.506585
9831000,0.508821
9832000,0.511635
9833000,0.538208
9834000,0.525154
9835000,0.538532
9836000,0.546101
9837000,0.555627
9838000,0.532542
9839000,0.5227
9840000,0.50963
9841000,0.549726
9842000,0.549453
9843000,0.540013
9844000,0.519742
9845000,0.532561
9846000,0.531801
9847000,0.536422
9848000,0.523145
9849000,0.52319
9850000,0.540186
9851000,0.53004
9852000,0.56582
9853000,0.548666
9854000,0.532205
9855000,0.546584
9856000,0.52276
9857000,0.53209
9858000,0.544718
9859000,0.545247
9860000,0.520585
9861000,0.555678
9862000,0.575759
9863000,0.56241
9864000,0.545012
9865000,0.550864
9866000,0.536507
9867000,0.5339
9868000,0.546235
9869000,0.525495
9870000,0.525208
9871000,0.55066
9872000,0.503005
9873000,0.562492
9874000,0.522029
9875000,0.55153
9876000,0.514907
9877000,0.527523
9878000,0.531914
9879000,0.575809
9880000,0.506774
9881000,0.545958
9882000,0.540543
9883000,0.527669
9884000,0.506337
9885000,0.547103
9886000,0.538821
9887000,0.50473
9888000,0.517228
9889000,0.499905
9890000,0.53739
9891000,0.520914
9892000,0.495412
9893000,0.521305
9894000,0.563928
9895000,0.514416
9896000,0.507571
9897000,0.553657
9898000,0.529753
9899000,0.562785
9900000,0.55885
9901000,0.532842
9902000,0.498606
9903000,0.535218
9904000,0.534769
9905000,0.521922
9906000,0.51942
9907000,0.50527
9908000,0.540185
9909000,0.535106
9910000,0.543313
9911000,0.528815
9912000,0.520528
9913000,0.523765
9914000,0.53871
9915000,0.513455
9916000,0.531844
9917000,0.50216
9918000,0.534091
9919000,0.523279
9920000,0.543408
9921000,0.512267
9922000,0.55099
9923000,0.512854
9924000,0.524392
9925000,0.50897
9926000,0.562568
9927000,0.541358
9928000,0.56532
9929000,0.571451
9930000,0.548087
9931000,0.557683
9932000,0.53023
9933000,0.54626
9934000,0.547163
9935000,0.502905
9936000,0.519072
9937000,0.529366
9938000,0.528071
9939000,0.536014
9940000,0.509538
9941000,0.550288
9942000,0.562119
9943000,0.496296
9944000,0.548363
9945000,0.541704
9946000,0.524318
9947000,0.549037
9948000,0.570617
9949000,0.575831
9950000,0.558835
9951000,0.53493
9952000,0.554146
9953000,0.525817
9954000,0.55384
9955000,0.519365
9956000,0.576698
9957000,0.534012
9958000,0.558933
9959000,0.54658
9960000,0.555117
9961000,0.571511
9962000,0.572484
9963000,0.53683
9964000,0.537157
9965000,0.530293
9966000,0.573922
9967000,0.537976
9968000,0.533552
9969000,0.497312
9970000,0.545145
9971000,0.580384
9972000,0.565424
9973000,0.557599
9974000,0.529752
9975000,0.515235
9976000,0.538636
9977000,0.563909
9978000,0.542229
9979000,0.524943
9980000,0.487277
9981000,0.518344
9982000,0.493839
9983000,0.565105
9984000,0.510224
9985000,0.533974
9986000,0.527483
9987000,0.542501
9988000,0.550323
9989000,0.505892
9990000,0.511394
9991000,0.537296
9992000,0.503956
9993000,0.514018
9994000,0.514765
9995000,0.554218
9996000,0.546548
9997000,0.528368
9998000,0.575929
9999000,0.573502
10000000,0.543985
10001000,0.522953
10002000,0.557906
10003000,0.512954
10004000,0.507176
10005000,0.552591
10006000,0.545118
10007000,0.588306
10008000,0.539176
10009000,0.538866
10010000,0.528997
10011000,0.557219
10012000,0.522827
10013000,0.506214
10014000,0.519423
10015000,0.516938
10016000,0.585365
10017000,0.531205
10018000,0.564632
10019000,0.503351
10020000,0.491846
10021000,0.535835
10022000,0.538033
10023000,0.528828
10024000,0.516439
10025000,0.54632
10026000,0.516006
10027000,0.562931
10028000,0.522616
10029000,0.506761
10030000,0.555259
10031000,0.56068
10032000,0.54584
10033000,0.523372
10034000,0.55729
10035000,0.519764
10036000,0.533501
10037000,0.472044
10038000,0.507776
10039000,0.527829
10040000,0.502422
10041000,0.536447
10042000,0.505774
10043000,0.496514
10044000,0.518793
10045000,0.542228
10046000,0.525377
10047000,0.508703
10048000,0.524568
10049000,0.541274
10050000,0.552345
10051000,0.535477
10052000,0.501742
10053000,0.540462
10054000,0.529641
10055000,0.552199
10056000,0.523784
10057000,0.545148
10058000,0.539054
10059000,0.55289
10060000,0.521961
10061000,0.543217
10062000,0.513468
10063000,0.556555
10064000,0.548149
10065000,0.55362
10066000,0.527901
10067000,0.496409
10068000,0.566661
10069000,0.542784
10070000,0.54765
10071000,0.554717
10072000,0.585464
10073000,0.504123
10074000,0.549008
10075000,0.524298
10076000,0.56952
10077000,0.50908
10078000,0.564042
10079000,0.548917
10080000,0.496898
10081000,0.530402
10082000,0.526645
10083000,0.520263
10084000,0.512627
10085000,0.52549
10086000,0.551032
10087000,0.536469
10088000,0.549495
10089000,0.547302
10090000,0.554662
10091000,0.523953
10092000,0.499872
10093000,0.517917
10094000,0.562314
10095000,0.540917
10096000,0.509056
10097000,0.582022
10098000,0.514258
10099000,0.55409
10100000,0.554157
10101000,0.546726
10102000,0.523213
10103000,0.512998
10104000,0.524283
10105000,0.570824
10106000,0.554459
10107000,0.504045
10108000,0.524602
10109000,0.524488
10110000,0.572983
10111000,0.540811
10112000,0.516808
10113000,0.55459
10114000,0.551925
10115000,0.522592
10116000,0.569316
10117000,0.546783
10118000,0.52177
10119000,0.531976
10120000,0.556387
10121000,0.592693
10122000,0.538656
10123000,0.557657
10124000,0.546107
10125000,0.516088
10126000,0.547737
10127000,0.495721
10128000,0.465498
10129000,0.510257
10130000,0.53558
10131000,0.548662
10132000,0.533736
10133000,0.506599
10134000,0.509064
10135000,0.534449
10136000,0.545112
10137000,0.554756
10138000,0.553517
10139000,0.546286
10140000,0.544701
10141000,0.559095
10142000,0.560273
10143000,0.543659
10144000,0.506507
10145000,0.537086
10146000,0.529315
10147000,0.540162
10148000,0.518758
10149000,0.508552
10150000,0.505482
10151000,0.506152
10152000,0.541871
10153000,0.566095
10154000,0.551267
10155000,0.528908
10156000,0.526152
10157000,0.529433
10158000,0.530655
10159000,0.541533
10160000,0.530485
10161000,0.535622
10162000,0.556796
10163000,0.573338
10164000,0.552974
10165000,0.538784
10166000,0.540062
10167000,0.540563
10168000,0.56759
10169000,0.566319
10170000,0.542774
10171000,0.531981
10172000,0.571063
10173000,0.550078
10174000,0.527248
10175000,0.522746
10176000,0.527894
10177000,0.544884
10178000,0.539228
10179000,0.545817
10180000,0.494952
10181000,0.530369
10182000,0.575082
10183000,0.541512
10184000,0.542686
10185000,0.48827
10186000,0.549525
10187000,0.542742
10188000,0.521273
10189000,0.497542
10190000,0.546612
10191000,0.532921
10192000,0.539263
10193000,0.574856
10194000,0.540413
10195000,0.528286
10196000,0.534703
10197000,0.57409
10198000,0.548065
10199000,0.560278
10200000,0.543473
10201000,0.533029
10202000,0.543176
10203000,0.510874
10204000,0.548817
10205000,0.523993
10206000,0.545617
10207000,0.544803
10208000,0.531508
10209000,0.535662
10210000,0.504387
10211000,0.559514
10212000,0.509846
10213000,0.507669
10214000,0.520028
10215000,0.536292
10216000,0.554761
10217000,0.533646
10218000,0.527725
10219000,0.513489
10220000,0.534981
10221000,0.540321
10222000,0.574221
10223000,0.529755
10224000,0.5484
10225000,0.552096
10226000,0.510263
10227000,0.551736
10228000,0.52957
10229000,0.527261
10230000,0.523984
10231000,0.540122
10232000,0.542881
10233000,0.543253
10234000,0.528196
10235000,0.568187
10236000,0.544093
10237000,0.565536
10238000,0.510773
10239000,0.555426
10240000,0.518725
10241000,0.50539
10242000,0.517913
10243000,0.568963
10244000,0.491841
10245000,0.552261
10246000,0.537494
10247000,0.549207
10248000,0.541861
10249000,0.555093
10250000,0.565418
10251000,0.54877
10252000,0.534227
10253000,0.552304
10254000,0.516375
10255000,0.496431
10256000,0.51774
10257000,0.506191
10258000,0.533446
10259000,0.533055
10260000,0.538714
10261000,0.552963
10262000,0.541099
10263000,0.525641
10264000,0.524377
10265000,0.499656
10266000,0.557168
10267000,0.503788
10268000,0.540775
10269000,0.539181
10270000,0.526734
10271000,0.5447
10272000,0.529465
10273000,0.526692
10274000,0.544752
10275000,0.586489
10276000,0.51804
10277000,0.515941
10278000,0.566874
10279000,0.540767
10280000,0.555545
10281000,0.541471
10282000,0.467308
10283000,0.538615
10284000,0.504351
10285000,0.505047
10286000,0.538927
10287000,0.520462
10288000,0.526918
10289000,0.528255
10290000,0.597732
10291000,0.529805
10292000,0.513953
10293000,0.590863
10294000,0.561737
10295000,0.526892
10296000,0.543088
10297000,0.584321
10298000,0.538253
10299000,0.548323
10300000,0.526537
10301000,0.526015
10302000,0.509335
10303000,0.550117
10304000,0.563024
10305000,0.54718
10306000,0.523601
10307000,0.533641
10308000,0.522031
10309000,0.511775
10310000,0.567069
10311000,0.523405
10312000,0.558926
10313000,0.558521
10314000,0.528173
10315000,0.49976
10316000,0.533223
10317000,0.531625
10318000,0.524871
10319000,0.523631
10320000,0.536004
10321000,0.546244
10322000,0.543656
10323000,0.521137
10324000,0.574022
10325000,0.534447
10326000,0.530317
10327000,0.529493
10328000,0.51855
10329000,0.546656
10330000,0.537756
10331000,0.495167
10332000,0.535165
10333000,0.524487
10334000,0.497494
10335000,0.519842
10336000,0.516705
10337000,0.515637
10338000,0.573693
10339000,0.589877
10340000,0.537568
10341000,0.5655
10342000,0.544977
10343000,0.558342
10344000,0.561497
10345000,0.532604
10346000,0.574214
10347000,0.507776
10348000,0.545187
10349000,0.498001
10350000,0.552764
10351000,0.535882
10352000,0.531873
10353000,0.540765
10354000,0.555058
10355000,0.521056
10356000,0.581346
10357000,0.538037
10358000,0.555026
10359000,0.552111
10360000,0.536914
10361000,0.515448
10362000,0.557242
10363000,0.535887
10364000,0.54685
10365000,0.526795
10366000,0.539736
10367000,0.579058
10368000,0.507196
10369000,0.554462
10370000,0.570724
10371000,0.520849
10372000,0.537517
10373000,0.520356
10374000,0.535394
10375000,0.518884
10376000,0.547649
10377000,0.53766
10378000,0.546393
10379000,0.538614
10380000,0.533577
10381000,0.533673
10382000,0.582775
10383000,0.502328
10384000,0.571505
10385000,0.52687
10386000,0.549972
10387000,0.541435
10388000,0.528886
10389000,0.496165
10390000,0.549246
10391000,0.551741
10392000,0.539523
10393000,0.522438
10394000,0.50129
10395000,0.552488
10396000,0.537039
10397000,0.564973
10398000,0.539152
10399000,0.537294
10400000,0.52787
10401000,0.562995
10402000,0.531361
10403000,0.545048
10404000,0.530063
10405000,0.572246
10406000,0.521237
10407000,0.532235
10408000,0.54615
10409000,0.52532
10410000,0.522409
10411000,0.553159
10412000,0.531984
10413000,0.534236
10414000,0.54121
10415000,0.513853
10416000,0.553387
10417000,0.520203
10418000,0.559707
10419000,0.509817
10420000,0.528852
10421000,0.508565
10422000,0.50458
10423000,0.573921
10424000,0.504493
10425000,0.537512
10426000,0.542124
10427000,0.570504
10428000,0.559597
10429000,0.537287
10430000,0.502707
10431000,0.507293
10432000,0.515078
10433000,0.521612
10434000,0.558526
10435000,0.55627
10436000,0.544985
10437000,0.549803
10438000,0.560717
10439000,0.502736
10440000,0.542119
10441000,0.55509
10442000,0.514163
10443000,0.544375
10444000,0.514035
10445000,0.541116
10446000,0.554047
10447000,0.539439
10448000,0.527631
10449000,0.547701
10450000,0.519633
10451000,0.505876
10452000,0.560811
10453000,0.560787
10454000,0.544133
10455000,0.528235
10456000,0.550945
10457000,0.53954
10458000,0.564164
10459000,0.520222
10460000,0.556032
10461000,0.560747
10462000,0.485961
10463000,0.540686
10464000,0.515811
10465000,0.523633
10466000,0.558804
10467000,0.487473
10468000,0.543133
10469000,0.511932
10470000,0.540644
10471000,0.538307
10472000,0.527232
10473000,0.526333
10474000,0.532374
10475000,0.498975
10476000,0.505209
10477000,0.520341
10478000,0.53157
10479000,0.536106
10480000,0.502579
10481000,0.545285
10482000,0.564517
10483000,0.524501
10484000,0.530622
10485000,0.546151
10486000,0.534667
10487000,0.546884
10488000,0.539468
10489000,0.570262
10490000,0.555566
10491000,0.530887
10492000,0.577976
10493000,0.521408
10494000,0.554825
10495000,0.571754
10496000,0.495828
10497000,0.568783
10498000,0.554624
10499000,0.540485
10500000,0.56556
10501000,0.559625
10502000,0.530981
10503000,0.536482
10504000,0.531962
10505000,0.556974
10506000,0.509581
10507000,0.547511
10508000,0.563297
10509000,0.550166
10510000,0.532333
10511000,0.555478
10512000,0.531613
10513000,0.52123
10514000,0.505402
10515000,0.499253
10516000,0.531296
10517000,0.504559
10518000,0.547815
10519000,0.529775
10520000,0.524838
10521000,0.569096
10522000,0.545761
10523000,0.538684
10524000,0.570771
10525000,0.554814
10526000,0.592837
10527000,0.555789
10528000,0.580535
10529000,0.577933
10530000,0.56192
10531000,0.53344
10532000,0.535147
10533000,0.569133
10534000,0.565134
10535000,0.538869
10536000,0.57011
10537000,0.555709
10538000,0.52836
10539000,0.513926
10540000,0.566815
10541000,0.570322
10542000,0.534392
10543000,0.544626
10544000,0.551591
10545000,0.523314
10546000,0.561887
10547000,0.530822
10548000,0.544042
10549000,0.535524
10550000,0.525286
10551000,0.489217
10552000,0.519079
10553000,0.542628
10554000,0.512803
10555000,0.515378
10556000,0.52259
10557000,0.560331
10558000,0.548741
10559000,0.523217
10560000,0.535267
10561000,0.556221
10562000,0.59181
10563000,0.559191
10564000,0.541914
10565000,0.518348
10566000,0.5648
10567000,0.552632
10568000,0.529648
10569000,0.520627
10570000,0.558769
10571000,0.567497
10572000,0.545877
10573000,0.527306
10574000,0.550613
10575000,0.529288
10576000,0.560266
10577000,0.5529
10578000,0.557613
10579000,0.563227
10580000,0.513615
10581000,0.529712
10582000,0.501894
10583000,0.568766
10584000,0.565651
10585000,0.548396
10586000,0.5362
10587000,0.541124
10588000,0.594679
10589000,0.534758
10590000,0.543722
10591000,0.527919
10592000,0.528609
10593000,0.516395
10594000,0.485234
10595000,0.553509
10596000,0.556035
10597000,0.530421
10598000,0.555853
10599000,0.534469
10600000,0.551228
10601000,0.566141
10602000,0.510766
10603000,0.513435
10604000,0.533478
10605000,0.535777
10606000,0.543755
10607000,0.524863
10608000,0.52523
10609000,0.563017
10610000,0.567741
10611000,0.548246
10612000,0.542071
10613000,0.550677
10614000,0.559519
10615000,0.509789
10616000,0.497652
10617000,0.564339
10618000,0.504535
10619000,0.553266
10620000,0.534527
10621000,0.518347
10622000,0.515735
10623000,0.568171
10624000,0.537603
10625000,0.562247
10626000,0.591945
10627000,0.54863
10628000,0.527507
10629000,0.547576
10630000,0.519642
10631000,0.562891
10632000,0.521996
10633000,0.541652
10634000,0.519773
10635000,0.559204
10636000,0.547315
10637000,0.527168
10638000,0.554387
10639000,0.554871
10640000,0.524611
10641000,0.533425
10642000,0.519171
10643000,0.51774
10644000,0.525164
10645000,0.513359
10646000,0.514422
10647000,0.53949
10648000,0.533839
10649000,0.550626
10650000,0.554069
10651000,0.545238
10652000,0.565091
10653000,0.518803
10654000,0.558864
10655000,0.571232
10656000,0.57426
10657000,0.518694
10658000,0.514938
10659000,0.553581
10660000,0.546777
10661000,0.543683
10662000,0.557718
10663000,0.552303
10664000,0.539183
10665000,0.57507
10666000,0.539276
10667000,0.522244
10668000,0.552773
10669000,0.562492
10670000,0.545042
10671000,0.518608
10672000,0.569117
10673000,0.530803
10674000,0.555764
10675000,0.553538
10676000,0.535404
10677000,0.530684
10678000,0.527533
10679000,0.54146
10680000,0.552757
10681000,0.573274
10682000,0.574592
10683000,0.537771
10684000,0.531643
10685000,0.530163
10686000,0.533951
10687000,0.508028
10688000,0.555057
10689000,0.529933
10690000,0.547357
10691000,0.538106
10692000,0.535494
10693000,0.532573
10694000,0.55789
10695000,0.528955
10696000,0.580477
10697000,0.528249
10698000,0.52897
10699000,0.462038
10700000,0.555998
10701000,0.536217
10702000,0.57102
10703000,0.558992
10704000,0.540356
10705000,0.549372
10706000,0.578424
10707000,0.54743
10708000,0.519359
10709000,0.548611
10710000,0.546334
10711000,0.51418
10712000,0.551664
10713000,0.511067
10714000,0.510762
10715000,0.55958
10716000,0.510347
10717000,0.539991
10718000,0.541749
10719000,0.525229
10720000,0.544142
10721000,0.534508
10722000,0.529181
10723000,0.524951
10724000,0.547239
10725000,0.536591
10726000,0.541716
10727000,0.549375
10728000,0.534459
10729000,0.535858
10730000,0.510046
10731000,0.519652
10732000,0.567964
10733000,0.52465
10734000,0.547742
10735000,0.541528
10736000,0.527157
10737000,0.540854
10738000,0.545421
10739000,0.529365
10740000,0.548887
10741000,0.483381
10742000,0.536631
10743000,0.517254
10744000,0.533099
10745000,0.513445
10746000,0.560293
10747000,0.525535
10748000,0.542241
10749000,0.558185
10750000,0.575859
10751000,0.586446
10752000,0.555081
10753000,0.56728
10754000,0.544921
10755000,0.528899
10756000,0.522595
10757000,0.505989
10758000,0.525738
10759000,0.547318
10760000,0.530272
10761000,0.527185
10762000,0.559974
10763000,0.513597
10764000,0.572906
10765000,0.53307
10766000,0.541102
10767000,0.5441
10768000,0.504352
10769000,0.525233
10770000,0.546473
10771000,0.535647
10772000,0.556676
10773000,0.519527
10774000,0.531791
10775000,0.534652
10776000,0.513835
10777000,0.570454
10778000,0.512599
10779000,0.574777
10780000,0.545157
10781000,0.520219
10782000,0.538239
10783000,0.567962
10784000,0.55455
10785000,0.538506
10786000,0.527677
10787000,0.523245
10788000,0.556145
10789000,0.523258
10790000,0.55571
10791000,0.547015
10792000,0.534593
10793000,0.54653
10794000,0.546154
10795000,0.512708
10796000,0.561388
10797000,0.546166
10798000,0.530603
10799000,0.554522
10800000,0.565453
10801000,0.516188
10802000,0.554844
10803000,0.569289
10804000,0.504292
10805000,0.525745
10806000,0.551163
10807000,0.522464
10808000,0.570198
10809000,0.526512
10810000,0.530828
10811000,0.538384
10812000,0.580776
10813000,0.535394
10814000,0.563002
10815000,0.523086
10816000,0.519861
10817000,0.542245
10818000,0.533474
10819000,0.518902
10820000,0.516239
10821000,0.535646
10822000,0.533692
10823000,0.53819
10824000,0.538021
10825000,0.512607
10826000,0.505936
10827000,0.53878
10828000,0.533973
10829000,0.490765
10830000,0.521719
10831000,0.551093
10832000,0.490343
10833000,0.500998
10834000,0.539418
10835000,0.520312
10836000,0.523983
10837000,0.538007
10838000,0.555109
10839000,0.536849
10840000,0.501541
10841000,0.481082
10842000,0.542313
10843000,0.511909
10844000,0.552304
10845000,0.564274
10846000,0.530501
10847000,0.531476
10848000,0.553794
10849000,0.536475
10850000,0.545085
10851000,0.558934
10852000,0.530484
10853000,0.537382
10854000,0.550777
10855000,0.531188
10856000,0.551482
10857000,0.509362
10858000,0.538828
10859000,0.541684
10860000,0.538865
10861000,0.52051
10862000,0.543565
10863000,0.563268
10864000,0.527193
10865000,0.541384
10866000,0.549091
10867000,0.520109
10868000,0.549513
10869000,0.547175
10870000,0.56386
10871000,0.576497
10872000,0.531488
10873000,0.484742
10874000,0.544308
10875000,0.529712
10876000,0.544795
10877000,0.521528
10878000,0.577164
10879000,0.53483
10880000,0.523602
10881000,0.542061
10882000,0.543443
10883000,0.572936
10884000,0.50953
10885000,0.565368
10886000,0.523478
10887000,0.5435
10888000,0.518484
10889000,0.526227
10890000,0.534393
10891000,0.538232
10892000,0.543902
10893000,0.515086
10894000,0.551624
10895000,0.56042
10896000,0.534117
10897000,0.525047
10898000,0.528136
10899000,0.504387
10900000,0.531274
10901000,0.54007
10902000,0.538801
10903000,0.526685
10904000,0.550884
10905000,0.5458
10906000,0.578379
10907000,0.562534
10908000,0.52061
10909000,0.53473
10910000,0.559084
10911000,0.565013
10912000,0.507498
10913000,0.510474
10914000,0.513402
10915000,0.531109
10916000,0.530189
10917000,0.50497
10918000,0.532064
10919000,0.571609
10920000,0.526809
10921000,0.519584
10922000,0.508032
10923000,0.541729
10924000,0.513476
10925000,0.541438
10926000,0.515457
10927000,0.52109
10928000,0.517501
10929000,0.516951
10930000,0.513742
10931000,0.524774
10932000,0.506845
10933000,0.563301
10934000,0.506397
10935000,0.555714
10936000,0.538616
10937000,0.526602
10938000,0.557697
10939000,0.52555
10940000,0.527711
10941000,0.532963
10942000,0.521998
10943000,0.540579
10944000,0.549681
10945000,0.531966
10946000,0.525576
10947000,0.552702
10948000,0.563232
10949000,0.540621
10950000,0.536929
10951000,0.549551
10952000,0.581343
10953000,0.563574
10954000,0.560478
10955000,0.549353
10956000,0.537569
10957000,0.555863
10958000,0.534933
10959000,0.542895
10960000,0.529994
10961000,0.535621
10962000,0.531875
10963000,0.53302
10964000,0.517302
10965000,0.544969
10966000,0.545533
10967000,0.480896
10968000,0.507455
10969000,0.523338
10970000,0.518758
10971000,0.544978
10972000,0.542418
10973000,0.500249
10974000,0.559444
10975000,0.498098
10976000,0.519595
10977000,0.508293
10978000,0.537989
10979000,0.508386
10980000,0.539161
10981000,0.506001
10982000,0.519841
10983000,0.570676
10984000,0.536041
10985000,0.560665
10986000,0.534027
10987000,0.54696
10988000,0.56787
10989000,0.585569
10990000,0.591698
10991000,0.523939
10992000,0.516651
10993000,0.54079
10994000,0.526596
10995000,0.582643
10996000,0.541526
10997000,0.512718
10998000,0.497127
10999000,0.554817
11000000,0.532073
11001000,0.528267
11002000,0.54728
11003000,0.556626
11004000,0.521372
11005000,0.498161
11006000,0.566957
11007000,0.532261
11008000,0.557382
11009000,0.571461
11010000,0.549652
11011000,0.57367
11012000,0.520185
11013000,0.522953
11014000,0.513174
11015000,0.52191
11016000,0.521091
11017000,0.524463
11018000,0.529754
11019000,0.567471
11020000,0.485592
11021000,0.545395
11022000,0.577264
11023000,0.518016
11024000,0.539745
11025000,0.493576
11026000,0.561471
11027000,0.535394
11028000,0.537189
11029000,0.532544
11030000,0.575607
11031000,0.527508
11032000,0.499685
11033000,0.545211
11034000,0.535065
11035000,0.554111
11036000,0.556284
11037000,0.554847
11038000,0.535725
11039000,0.538131
11040000,0.538667
11041000,0.537276
11042000,0.492337
11043000,0.545252
11044000,0.530381
11045000,0.577702
11046000,0.552951
11047000,0.560385
11048000,0.51568
11049000,0.52308
11050000,0.525705
11051000,0.540868
11052000,0.571314
11053000,0.543098
11054000,0.579894
11055000,0.524408
11056000,0.490359
11057000,0.558948
11058000,0.538634
11059000,0.515839
11060000,0.516008
11061000,0.535033
11062000,0.571719
11063000,0.511188
11064000,0.536647
11065000,0.545415
11066000,0.547993
11067000,0.562314
11068000,0.543312
11069000,0.509986
11070000,0.541705
11071000,0.525036
11072000,0.556102
11073000,0.5222
11074000,0.560411
11075000,0.538467
11076000,0.52441
11077000,0.531172
11078000,0.545096
11079000,0.544353
11080000,0.50459
11081000,0.534397
11082000,0.496095
11083000,0.556568
11084000,0.515571
11085000,0.527725
11086000,0.547333
11087000,0.501312
11088000,0.508931
11089000,0.521561
11090000,0.573984
11091000,0.525364
11092000,0.494538
11093000,0.544811
11094000,0.559493
11095000,0.538748
11096000,0.548562
11097000,0.541822
11098000,0.507244
11099000,0.542561
11100000,0.552435
11101000,0.563469
11102000,0.569641
11103000,0.555864
11104000,0.530373
11105000,0.570774
11106000,0.551792
11107000,0.541461
11108000,0.549795
11109000,0.540849
11110000,0.533891
11111000,0.574422
11112000,0.512096
11113000,0.525541
11114000,0.531598
11115000,0.477877
11116000,0.539919
11117000,0.498039
11118000,0.560939
11119000,0.53135
11120000,0.527534
11121000,0.523111
11122000,0.522998
11123000,0.546371
11124000,0.516441
11125000,0.51725
11126000,0.576431
11127000,0.520515
11128000,0.523884
11129000,0.542158
11130000,0.515423
11131000,0.519846
11132000,0.537698
11133000,0.504368
11134000,0.543482
11135000,0.52051
11136000,0.543176
11137000,0.485661
11138000,0.537372
11139000,0.543369
11140000,0.509003
11141000,0.504082
11142000,0.530102
11143000,0.495772
11144000,0.552366
11145000,0.558225
11146000,0.523917
11147000,0.539008
11148000,0.515818
11149000,0.514799
11150000,0.516066
11151000,0.547358
11152000,0.515292
11153000,0.517506
11154000,0.537853
11155000,0.5042
11156000,0.540888
11157000,0.539883
11158000,0.525155
11159000,0.547421
11160000,0.545717
11161000,0.530487
11162000,0.537718
11163000,0.558292
11164000,0.562547
11165000,0.540738
11166000,0.516769
11167000,0.522547
11168000,0.502434
11169000,0.497645
11170000,0.522536
11171000,0.49921
11172000,0.545095
11173000,0.553465
11174000,0.584772
11175000,0.536965
11176000,0.520957
11177000,0.523564
11178000,0.525114
11179000,0.524777
11180000,0.577946
11181000,0.568426
11182000,0.558243
11183000,0.515892
11184000,0.533834
11185000,0.509309
11186000,0.501772
11187000,0.542325
11188000,0.542301
11189000,0.54965
11190000,0.520141
11191000,0.530351
11192000,0.522981
11193000,0.529414
11194000,0.548014
11195000,0.502789
11196000,0.525274
11197000,0.548877
11198000,0.528847
11199000,0.522068
11200000,0.523726
11201000,0.539813
11202000,0.519216
11203000,0.512015
11204000,0.522052
11205000,0.536674
11206000,0.596272
11207000,0.516713
11208000,0.577453
11209000,0.538568
11210000,0.531388
11211000,0.547014
11212000,0.578071
11213000,0.52249
11214000,0.571265
11215000,0.545711
11216000,0.534309
11217000,0.535583
11218000,0.540067
11219000,0.50817
11220000,0.573812
11221000,0.54667
11222000,0.529905
11223000,0.529368
11224000,0.501534
11225000,0.535962
11226000,0.524613
11227000,0.567779
11228000,0.543089
11229000,0.525584
11230000,0.529963
11231000,0.525684
11232000,0.542852
11233000,0.5462
11234000,0.505047
11235000,0.547148
11236000,0.537958
11237000,0.509096
11238000,0.494901
11239000,0.520692
11240000,0.453167
11241000,0.51247
11242000,0.494084
11243000,0.587739
11244000,0.50675
11245000,0.494209
11246000,0.546064
11247000,0.547383
11248000,0.542819
11249000,0.541804
11250000,0.53632
11251000,0.571553
11252000,0.531702
11253000,0.526071
11254000,0.537268
11255000,0.537332
11256000,0.522246
11257000,0.520681
11258000,0.541088
11259000,0.51734
11260000,0.537057
11261000,0.514493
11262000,0.50844
11263000,0.535222
11264000,0.50913
11265000,0.494467
11266000,0.551846
11267000,0.51955
11268000,0.533256
11269000,0.536043
11270000,0.548896
11271000,0.516485
11272000,0.55007
11273000,0.525876
11274000,0.547979
11275000,0.544044
11276000,0.562632
11277000,0.516916
11278000,0.57642
11279000,0.567166
11280000,0.531415
11281000,0.536183
11282000,0.567381
11283000,0.511125
11284000,0.549094
11285000,0.531246
11286000,0.519574
11287000,0.531861
11288000,0.522043
11289000,0.563167
11290000,0.549126
11291000,0.562051
11292000,0.521037
11293000,0.536519
11294000,0.589297
11295000,0.523883
11296000,0.534815
11297000,0.563269
11298000,0.567176
11299000,0.508319
11300000,0.585576
11301000,0.568983
11302000,0.571004
11303000,0.591006
11304000,0.537815
11305000,0.535075
11306000,0.526695
11307000,0.552097
11308000,0.556044
11309000,0.532253
11310000,0.5211
11311000,0.533584
11312000,0.555504
11313000,0.55346
11314000,0.524265
11315000,0.54614
11316000,0.544208
11317000,0.535765
11318000,0.547252
11319000,0.54917
11320000,0.564428
11321000,0.5211
11322000,0.564927
11323000,0.51782
11324000,0.537783
11325000,0.521323
11326000,0.501569
11327000,0.528405
11328000,0.555297
11329000,0.50188
11330000,0.543354
11331000,0.537539
11332000,0.503667
11333000,0.526329
11334000,0.560061
11335000,0.528426
11336000,0.515425
11337000,0.538806
11338000,0.556853
11339000,0.551111
11340000,0.535346
11341000,0.553311
11342000,0.579464
11343000,0.535985
11344000,0.519689
11345000,0.520915
11346000,0.523596
11347000,0.518884
11348000,0.558033
11349000,0.493491
11350000,0.505177
11351000,0.527816
11352000,0.572194
11353000,0.537314
11354000,0.506473
11355000,0.532892
11356000,0.546377
11357000,0.53767
11358000,0.483052
11359000,0.501638
11360000,0.54935
11361000,0.543132
11362000,0.577106
11363000,0.51074
11364000,0.49362
11365000,0.545857
11366000,0.539567
11367000,0.505624
11368000,0.533917
11369000,0.558587
11370000,0.548797
11371000,0.564366
11372000,0.504295
11373000,0.551765
11374000,0.549046
11375000,0.5105
11376000,0.533016
11377000,0.552594
11378000,0.582494
11379000,0.514346
11380000,0.539553
11381000,0.532706
11382000,0.557328
11383000,0.53159
11384000,0.555767
11385000,0.517378
11386000,0.548283
11387000,0.554361
11388000,0.563192
11389000,0.481177
11390000,0.520247
11391000,0.543218
11392000,0.5172
11393000,0.532412
11394000,0.527891
11395000,0.525898
11396000,0.550307
11397000,0.523571
11398000,0.511231
11399000,0.561191
11400000,0.536648
11401000,0.536194
11402000,0.551895
11403000,0.519336
11404000,0.532089
11405000,0.507147
11406000,0.533069
11407000,0.566802
11408000,0.542043
11409000,0.562764
11410000,0.549764
11411000,0.541737
11412000,0.547916
11413000,0.536426
11414000,0.547651
11415000,0.547645
11416000,0.581673
11417000,0.5234
11418000,0.530024
11419000,0.551688
11420000,0.514955
11421000,0.529448
11422000,0.552957
11423000,0.566373
11424000,0.554129
11425000,0.568381
11426000,0.546488
11427000,0.567094
11428000,0.537199
11429000,0.541585
11430000,0.562751
11431000,0.526441
11432000,0.526845
11433000,0.557703
11434000,0.561817
11435000,0.516528
11436000,0.544305
11437000,0.518544
11438000,0.54512
11439000,0.513145
11440000,0.51657
11441000,0.571742
11442000,0.56342
11443000,0.537629
11444000,0.548983
11445000,0.542299
11446000,0.506651
11447000,0.524519
11448000,0.532577
11449000,0.565908
11450000,0.526913
11451000,0.547883
11452000,0.517156
11453000,0.479442
11454000,0.540965
11455000,0.545178
11456000,0.539583
11457000,0.553356
11458000,0.542546
11459000,0.545477
11460000,0.530471
11461000,0.532593
11462000,0.546699
11463000,0.47376
11464000,0.530667
11465000,0.554822
11466000,0.564686
11467000,0.504197
11468000,0.572988
11469000,0.552163
11470000,0.523543
11471000,0.52905
11472000,0.544863
11473000,0.494163
11474000,0.554405
11475000,0.504469
11476000,0.545979
11477000,0.505435
11478000,0.555583
11479000,0.515324
11480000,0.536234
11481000,0.545277
11482000,0.530405
11483000,0.502015
11484000,0.531025
11485000,0.517077
11486000,0.509541
11487000,0.532839
11488000,0.530339
11489000,0.554493
11490000,0.474333
11491000,0.523779
11492000,0.498963
11493000,0.577252
11494000,0.561666
11495000,0.549733
11496000,0.53895
11497000,0.488129
11498000,0.510142
11499000,0.515146
11500000,0.54267
11501000,0.547212
11502000,0.523363
11503000,0.519138
11504000,0.564733
11505000,0.530079
11506000,0.552906
11507000,0.539524
11508000,0.516299
11509000,0.547888
11510000,0.551999
11511000,0.546419
11512000,0.535911
11513000,0.544698
11514000,0.534822
11515000,0.536103
11516000,0.55819
11517000,0.496841
11518000,0.52997
11519000,0.532718
11520000,0.553242
11521000,0.576243
11522000,0.513188
11523000,0.515851
11524000,0.551756
11525000,0.566389
11526000,0.570923
11527000,0.558893
11528000,0.552614
11529000,0.519602
11530000,0.524156
11531000,0.509187
11532000,0.558173
11533000,0.539518
11534000,0.554103
11535000,0.512739
11536000,0.555035
11537000,0.533255
11538000,0.517729
11539000,0.55708
11540000,0.597757
11541000,0.513456
11542000,0.566143
11543000,0.554016
11544000,0.536735
11545000,0.538423
11546000,0.500722
11547000,0.549483
11548000,0.535545
11549000,0.557208
11550000,0.536588
11551000,0.536855
11552000,0.550968
11553000,0.548653
11554000,0.529864
11555000,0.506931
11556000,0.557002
11557000,0.546463
11558000,0.520193
11559000,0.530446
11560000,0.516908
11561000,0.514707
11562000,0.551355
11563000,0.5385
11564000,0.595807
11565000,0.589978
11566000,0.526015
11567000,0.53392
11568000,0.551229
11569000,0.512183
11570000,0.528814
11571000,0.510055
11572000,0.549335
11573000,0.496577
11574000,0.538671
11575000,0.509223
11576000,0.547659
11577000,0.533822
11578000,0.543003
11579000,0.525298
11580000,0.578553
11581000,0.532394
11582000,0.544164
11583000,0.520399
11584000,0.579007
11585000,0.534143
11586000,0.566948
11587000,0.542792
11588000,0.546912
11589000,0.544253
11590000,0.527396
11591000,0.51676
11592000,0.53898
11593000,0.559377
11594000,0.513247
11595000,0.510265
11596000,0.56443
11597000,0.580391
11598000,0.524698
11599000,0.536573
11600000,0.544483
11601000,0.507851
11602000,0.52493
11603000,0.529979
11604000,0.54578
11605000,0.512267
11606000,0.515411
11607000,0.530648
11608000,0.587845
11609000,0.540001
11610000,0.552174
11611000,0.569655
11612000,0.557968
11613000,0.585615
11614000,0.519452
11615000,0.556754
11616000,0.546404
11617000,0.517835
11618000,0.535853
11619000,0.518783
11620000,0.547475
11621000,0.561323
11622000,0.556536
11623000,0.533402
11624000,0.547519
11625000,0.544444
11626000,0.561931
11627000,0.552534
11628000,0.504006
11629000,0.526647
11630000,0.541088
11631000,0.523987
11632000,0.50629
11633000,0.543344
11634000,0.540555
11635000,0.535777
11636000,0.523166
11637000,0.580203
11638000,0.573363
11639000,0.533655
11640000,0.560187
11641000,0.548622
11642000,0.566021
11643000,0.558485
11644000,0.55511
11645000,0.539407
11646000,0.499687
11647000,0.518551
11648000,0.521883
11649000,0.540471
11650000,0.536524
11651000,0.542046
11652000,0.55099
11653000,0.532055
11654000,0.55496
11655000,0.562096
11656000,0.539734
11657000,0.514397
11658000,0.541747
11659000,0.576054
11660000,0.521316
11661000,0.566221
11662000,0.576006
11663000,0.555683
11664000,0.517271
11665000,0.512979
11666000,0.528423
11667000,0.526447
11668000,0.533269
11669000,0.504468
11670000,0.56061
11671000,0.542731
11672000,0.560616
11673000,0.523776
11674000,0.532696
11675000,0.547464
11676000,0.554058
11677000,0.501648
11678000,0.538919
11679000,0.525841
11680000,0.531952
11681000,0.553571
11682000,0.559561
11683000,0.537385
11684000,0.596524
11685000,0.569967
11686000,0.532767
11687000,0.53757
11688000,0.527762
11689000,0.5164
11690000,0.546931
11691000,0.520852
11692000,0.532622
11693000,0.604676
11694000,0.522861
11695000,0.560707
11696000,0.52379
11697000,0.564326
11698000,0.529238
11699000,0.521703
11700000,0.565791
11701000,0.535305
11702000,0.536634
11703000,0.505828
11704000,0.535826
11705000,0.528381
11706000,0.556707
11707000,0.522047
11708000,0.511123
11709000,0.530331
11710000,0.535615
11711000,0.564352
11712000,0.492377
11713000,0.540325
11714000,0.52729
11715000,0.551703
11716000,0.5161
11717000,0.54838
11718000,0.501555
11719000,0.562561
11720000,0.52047
11721000,0.528626
11722000,0.523634
11723000,0.526282
11724000,0.553826
11725000,0.528139
11726000,0.553894
11727000,0.511789
11728000,0.545896
11729000,0.557329
11730000,0.523493
11731000,0.505396
11732000,0.526306
11733000,0.569697
11734000,0.553905
11735000,0.572145
11736000,0.536363
11737000,0.517218
11738000,0.564518
11739000,0.527049
11740000,0.521871
11741000,0.552395
11742000,0.539639
11743000,0.548697
11744000,0.533183
11745000,0.507833
11746000,0.486131
11747000,0.512379
11748000,0.515243
11749000,0.560393
11750000,0.53817
11751000,0.535439
11752000,0.541795
11753000,0.563143
11754000,0.554779
11755000,0.541711
11756000,0.514737
11757000,0.529962
11758000,0.519227
11759000,0.543848
11760000,0.505599
11761000,0.529752
11762000,0.518136
11763000,0.557721
11764000,0.548927
11765000,0.524956
11766000,0.518183
11767000,0.547457
11768000,0.551419
11769000,0.526677
11770000,0.537789
11771000,0.509645
11772000,0.553648
11773000,0.524398
11774000,0.534923
11775000,0.540946
11776000,0.492521
11777000,0.549038
11778000,0.556687
11779000,0.562128
11780000,0.534378
11781000,0.528664
11782000,0.527973
11783000,0.561581
11784000,0.56709
11785000,0.558438
11786000,0.519213
11787000,0.536439
11788000,0.533156
11789000,0.524595
11790000,0.543993
11791000,0.503038
11792000,0.538788
11793000,0.542917
11794000,0.575371
11795000,0.593218
11796000,0.533999
11797000,0.535101
11798000,0.530732
11799000,0.555105
11800000,0.54144
11801000,0.569734
11802000,0.549405
11803000,0.574183
11804000,0.577695
11805000,0.534551
11806000,0.516014
11807000,0.536154
11808000,0.529934
11809000,0.550835
11810000,0.567378
11811000,0.497967
11812000,0.488362
11813000,0.513551
11814000,0.5095
11815000,0.541696
11816000,0.558091
11817000,0.519977
11818000,0.527049
11819000,0.516364
11820000,0.541281
11821000,0.57842
11822000,0.589222
11823000,0.514469
11824000,0.560843
11825000,0.547953
11826000,0.498295
11827000,0.576896
11828000,0.546116
11829000,0.517503
11830000,0.532331
11831000,0.523365
11832000,0.528281
11833000,0.551038
11834000,0.56137
11835000,0.509197
11836000,0.53852
11837000,0.578576
11838000,0.535142
11839000,0.543227
11840000,0.470455
11841000,0.549666
11842000,0.526164
11843000,0.544492
11844000,0.517132
11845000,0.54727
11846000,0.521552
11847000,0.539261
11848000,0.533879
11849000,0.532966
11850000,0.574221
11851000,0.533694
11852000,0.517464
11853000,0.557801
11854000,0.544205
11855000,0.527066
11856000,0.517043
11857000,0.510045
11858000,0.54434
11859000,0.513494
11860000,0.516605
11861000,0.565619
11862000,0.580504
11863000,0.545087
11864000,0.546574
11865000,0.555056
11866000,0.514851
11867000,0.522977
11868000,0.521415
11869000,0.509349
11870000,0.548788
11871000,0.50464
11872000,0.510611
11873000,0.551007
11874000,0.558923
11875000,0.538138
11876000,0.566658
11877000,0.506459
11878000,0.568977
11879000,0.56096
11880000,0.53727
11881000,0.551151
11882000,0.551285
11883000,0.559494
11884000,0.546018
11885000,0.537803
11886000,0.575239
11887000,0.538118
11888000,0.555638
11889000,0.538551
11890000,0.597403
11891000,0.533967
11892000,0.509702
11893000,0.52697
11894000,0.523536
11895000,0.489731
11896000,0.535768
11897000,0.535924
11898000,0.510751
11899000,0.552263
11900000,0.513425
11901000,0.504996
11902000,0.53241
11903000,0.531999
11904000,0.518186
11905000,0.579765
11906000,0.587168
11907000,0.548934
11908000,0.542897
11909000,0.518418
11910000,0.537458
11911000,0.566251
11912000,0.52892
11913000,0.553383
11914000,0.5622
11915000,0.55366
11916000,0.557567
11917000,0.539931
11918000,0.508397
11919000,0.525363
11920000,0.545435
11921000,0.563108
11922000,0.537033
11923000,0.545811
11924000,0.565498
11925000,0.533173
11926000,0.535821
11927000,0.530657
11928000,0.514327
11929000,0.529648
11930000,0.522137
11931000,0.560425
11932000,0.528766
11933000,0.543743
11934000,0.490628
11935000,0.520115
11936000,0.554868
11937000,0.544891
11938000,0.547741
11939000,0.536642
11940000,0.539822
11941000,0.529618
11942000,0.549514
11943000,0.51505
11944000,0.541429
11945000,0.539117
11946000,0.489538
11947000,0.523809
11948000,0.542835
11949000,0.582687
11950000,0.529377
11951000,0.585627
11952000,0.538509
11953000,0.567368
11954000,0.516149
11955000,0.554959
11956000,0.562441
11957000,0.57306
11958000,0.544353
11959000,0.609108
11960000,0.564004
11961000,0.520718
11962000,0.541901
11963000,0.508922
11964000,0.514637
11965000,0.525656
11966000,0.551015
11967000,0.523684
11968000,0.553387
11969000,0.520628
11970000,0.528381
11971000,0.531178
11972000,0.538274
11973000,0.538076
11974000,0.52058
11975000,0.51392
11976000,0.526985
11977000,0.477687
11978000,0.547251
11979000,0.558647
11980000,0.541737
11981000,0.561814
11982000,0.566962
11983000,0.551401
11984000,0.551857
11985000,0.551356
11986000,0.551538
11987000,0.536481
11988000,0.53534
11989000,0.535487
11990000,0.5685
11991000,0.525023
11992000,0.548881
11993000,0.538116
11994000,0.506771
11995000,0.512345
11996000,0.509418
11997000,0.526395
11998000,0.546866
11999000,0.523679
12000000,0.480628
12001000,0.584021
12002000,0.55342
12003000,0.552027
12004000,0.573233
12005000,0.565619
12006000,0.567124
12007000,0.526285
12008000,0.555167
12009000,0.534684
12010000,0.555494
12011000,0.579093
12012000,0.530655
12013000,0.525693
12014000,0.522864
12015000,0.500116
12016000,0.548559
12017000,0.499904
12018000,0.535597
12019000,0.553086
12020000,0.511868
12021000,0.546603
12022000,0.562374
12023000,0.571196
12024000,0.531068
12025000,0.503259
12026000,0.563622
12027000,0.549138
12028000,0.501162
12029000,0.511252
12030000,0.552859
12031000,0.533627
12032000,0.553482
12033000,0.498906
12034000,0.53076
12035000,0.583527
12036000,0.503398
12037000,0.560498
12038000,0.52412
12039000,0.528762
12040000,0.547664
12041000,0.543602
12042000,0.524419
12043000,0.574316
12044000,0.553869
12045000,0.52102
12046000,0.542991
12047000,0.520254
12048000,0.51549
12049000,0.521886
12050000,0.541425
12051000,0.51529
12052000,0.498539
12053000,0.538535
12054000,0.520229
12055000,0.511898
12056000,0.530081
12057000,0.554075
12058000,0.557982
12059000,0.520654
12060000,0.539412
12061000,0.514469
12062000,0.537584
12063000,0.525469
12064000,0.551501
12065000,0.527087
12066000,0.557379
12067000,0.531953
12068000,0.556638
12069000,0.535217
12070000,0.526131
12071000,0.559
12072000,0.530067
12073000,0.542771
12074000,0.53915
12075000,0.556264
12076000,0.556191
12077000,0.531564
12078000,0.54203
12079000,0.516607
12080000,0.543516
12081000,0.533537
12082000,0.503546
12083000,0.55666
12084000,0.535357
12085000,0.528177
12086000,0.513056
12087000,0.519238
12088000,0.552341
12089000,0.533621
12090000,0.523257
12091000,0.532605
12092000,0.522554
12093000,0.546121
12094000,0.531819
12095000,0.550024
12096000,0.526081
12097000,0.561176
12098000,0.529278
12099000,0.505691
12100000,0.590436
12101000,0.546242
12102000,0.538002
12103000,0.542772
12104000,0.571498
12105000,0.516171
12106000,0.508458
12107000,0.527144
12108000,0.549306
12109000,0.524508
12110000,0.553474
12111000,0.513293
12112000,0.519863
12113000,0.543412
12114000,0.541918
12115000,0.54259
12116000,0.503979
12117000,0.547772
12118000,0.566255
12119000,0.524379
12120000,0.550735
12121000,0.57382
12122000,0.491099
12123000,0.528195
12124000,0.538311
12125000,0.571855
12126000,0.545473
12127000,0.510963
12128000,0.568472
12129000,0.55992
12130000,0.549798
12131000,0.556392
12132000,0.556758
12133000,0.523968
12134000,0.552761
12135000,0.553153
12136000,0.528788
12137000,0.575058
12138000,0.538021
12139000,0.523793
12140000,0.561373
12141000,0.56715
12142000,0.522035
12143000,0.551089
12144000,0.538062
12145000,0.542022
12146000,0.515737
12147000,0.519503
12148000,0.583086
12149000,0.533487
12150000,0.549416
12151000,0.542571
12152000,0.543978
12153000,0.5134
12154000,0.49635
12155000,0.504003
12156000,0.529411
12157000,0.575229
12158000,0.535844
12159000,0.498972
12160000,0.55879
12161000,0.545991
12162000,0.565224
12163000,0.515075
12164000,0.526692
12165000,0.521099
12166000,0.55265
12167000,0.548491
12168000,0.529981
12169000,0.536808
12170000,0.567975
12171000,0.555981
12172000,0.574155
12173000,0.572571
12174000,0.531111
12175000,0.541685
12176000,0.542468
12177000,0.523124
12178000,0.573613
12179000,0.514783
12180000,0.539107
12181000,0.512883
12182000,0.550262
12183000,0.531145
12184000,0.535391
12185000,0.553526
12186000,0.54248
12187000,0.541652
12188000,0.539266
12189000,0.549547
12190000,0.522301
12191000,0.565241
12192000,0.548506
12193000,0.501324
12194000,0.55995
12195000,0.549442
12196000,0.53812
12197000,0.579126
12198000,0.549053
12199000,0.555207
12200000,0.568359
12201000,0.549434
12202000,0.59187
12203000,0.578489
12204000,0.533875
12205000,0.50155
12206000,0.534585
12207000,0.54142
12208000,0.530635
12209000,0.524429
12210000,0.524812
12211000,0.551801
12212000,0.518629
12213000,0.560713
12214000,0.532256
12215000,0.558076
12216000,0.558262
12217000,0.522983
12218000,0.527763
12219000,0.499346
12220000,0.542462
12221000,0.548612
12222000,0.512069
12223000,0.525384
12224000,0.579981
12225000,0.55851
12226000,0.572773
12227000,0.523816
12228000,0.550968
12229000,0.543415
12230000,0.561095
12231000,0.515347
12232000,0.518418
12233000,0.538915
12234000,0.532011
12235000,0.553694
12236000,0.551646
12237000,0.558864
12238000,0.585512
12239000,0.567239
12240000,0.541321
12241000,0.591847
12242000,0.512309
12243000,0.487698
12244000,0.518961
12245000,0.544889
12246000,0.523754
12247000,0.535445
12248000,0.534811
12249000,0.496403
12250000,0.541786
12251000,0.549278
12252000,0.538983
12253000,0.537867
12254000,0.525429
12255000,0.548859
12256000,0.547329
12257000,0.55332
12258000,0.558335
12259000,0.529732
12260000,0.554235
12261000,0.496511
12262000,0.538523
12263000,0.540602
12264000,0.529587
12265000,0.515068
12266000,0.557368
12267000,0.536705
12268000,0.533636
12269000,0.529494
12270000,0.555381
12271000,0.536353
12272000,0.509102
12273000,0.558236
12274000,0.591069
12275000,0.55029
12276000,0.52195
12277000,0.534053
12278000,0.517666
12279000,0.521722
12280000,0.524806
12281000,0.534855
12282000,0.525392
12283000,0.518039
12284000,0.546685
12285000,0.561338
12286000,0.518307
12287000,0.504525
12288000,0.526117
12289000,0.514548
12290000,0.495993
12291000,0.50783
12292000,0.540576
12293000,0.489533
12294000,0.567674
12295000,0.564022
12296000,0.547792
12297000,0.5506
12298000,0.537495
12299000,0.517467
12300000,0.528543
12301000,0.544217
12302000,0.523046
12303000,0.534339
12304000,0.587085
12305000,0.543022
12306000,0.52324
12307000,0.518801
12308000,0.519767
12309000,0.559931
12310000,0.540635
12311000,0.542084
12312000,0.530551
12313000,0.545484
12314000,0.520797
12315000,0.556796
12316000,0.510681
12317000,0.533739
12318000,0.549343
12319000,0.547233
12320000,0.517395
12321000,0.555333
12322000,0.555932
12323000,0.51025
12324000,0.522912
12325000,0.568573
12326000,0.589945
12327000,0.549222
12328000,0.584334
12329000,0.54457
12330000,0.565759
12331000,0.529382
12332000,0.511686
12333000,0.467362
12334000,0.538242
12335000,0.55526
12336000,0.51506
12337000,0.532223
12338000,0.539754
12339000,0.544231
12340000,0.541489
12341000,0.502321
12342000,0.566942
12343000,0.570934
12344000,0.541899
12345000,0.565956
12346000,0.527834
12347000,0.515682
12348000,0.569661
12349000,0.556974
12350000,0.591703
12351000,0.559545
12352000,0.529973
12353000,0.552628
12354000,0.561069
12355000,0.556551
12356000,0.547377
12357000,0.566747
12358000,0.530939
12359000,0.530519
12360000,0.546428
12361000,0.531153
12362000,0.515593
12363000,0.516199
12364000,0.568582
12365000,0.577372
12366000,0.521838
12367000,0.503372
12368000,0.525233
12369000,0.53046
12370000,0.527048
12371000,0.55529
12372000,0.541715
12373000,0.529067
12374000,0.551128
12375000,0.541129
12376000,0.527944
12377000,0.503035
12378000,0.530382
12379000,0.500206
12380000,0.525851
12381000,0.548281
12382000,0.515328
12383000,0.54947
12384000,0.527629
12385000,0.543512
12386000,0.536777
12387000,0.567548
12388000,0.548267
12389000,0.558445
12390000,0.522521
12391000,0.491747
12392000,0.537636
12393000,0.556808
12394000,0.536175
12395000,0.541092
12396000,0.546088
12397000,0.535758
12398000,0.490462
12399000,0.569661
12400000,0.566939
12401000,0.534152
12402000,0.573254
12403000,0.500567
12404000,0.546055
12405000,0.548598
12406000,0.49415
12407000,0.544355
12408000,0.549442
12409000,0.54791
12410000,0.528021
12411000,0.540466
12412000,0.534012
12413000,0.533583
12414000,0.512882
12415000,0.476739
12416000,0.528093
12417000,0.526679
12418000,0.498493
12419000,0.535959
12420000,0.548376
12421000,0.54352
12422000,0.497976
12423000,0.523726
12424000,0.537615
12425000,0.509038
12426000,0.551522
12427000,0.521274
12428000,0.535199
12429000,0.538956
12430000,0.517945
12431000,0.564601
12432000,0.511517
12433000,0.480413
12434000,0.543858
12435000,0.520076
12436000,0.514593
12437000,0.510613
12438000,0.538773
12439000,0.573075
12440000,0.544695
12441000,0.552454
12442000,0.538061
12443000,0.519084
12444000,0.535358
12445000,0.503329
12446000,0.537381
12447000,0.524865
12448000,0.57169
12449000,0.520169
12450000,0.524926
12451000,0.521045
12452000,0.557759
12453000,0.52079
12454000,0.533151
12455000,0.531566
12456000,0.537039
12457000,0.500062
12458000,0.51689
12459000,0.54378
12460000,0.528368
12461000,0.535176
12462000,0.507748
12463000,0.528453
12464000,0.579917
12465000,0.558625
12466000,0.556814
12467000,0.531334
12468000,0.52821
12469000,0.46725
12470000,0.50049
12471000,0.480836
12472000,0.55622
12473000,0.517934
12474000,0.518814
12475000,0.529267
12476000,0.526478
12477000,0.524499
12478000,0.513673
12479000,0.527465
12480000,0.538183
12481000,0.51068
12482000,0.522789
12483000,0.568174
12484000,0.521409
12485000,0.521243
12486000,0.531581
12487000,0.557322
12488000,0.523364
12489000,0.546368
12490000,0.51182
12491000,0.511558
12492000,0.538959
12493000,0.515382
12494000,0.542151
12495000,0.517929
12496000,0.563908
12497000,0.549968
12498000,0.524687
12499000,0.521371
12500000,0.516848
12501000,0.554874
12502000,0.53939
12503000,0.544681
12504000,0.518942
12505000,0.56555
12506000,0.566006
12507000,0.518849
12508000,0.512882
12509000,0.506011
12510000,0.548483
12511000,0.535533
12512000,0.528892
12513000,0.524963
12514000,0.535809
12515000,0.506521
12516000,0.52108
12517000,0.526
12518000,0.562152
12519000,0.542047
12520000,0.530581
12521000,0.487415
12522000,0.531307
12523000,0.564422
12524000,0.52372
12525000,0.537406
12526000,0.57932
12527000,0.538799
12528000,0.542225
12529000,0.578589
12530000,0.545392
12531000,0.546995
12532000,0.534131
12533000,0.554374
12534000,0.551677
12535000,0.536486
12536000,0.567599
12537000,0.490764
12538000,0.49254
12539000,0.530121
12540000,0.531457
12541000,0.554997
12542000,0.533269
12543000,0.574419
12544000,0.560913
12545000,0.544961
12546000,0.506393
12547000,0.533141
12548000,0.485697
12549000,0.539853
12550000,0.538702
12551000,0.532557
12552000,0.525324
12553000,0.510047
12554000,0.509705
12555000,0.487829
12556000,0.525127
12557000,0.516388
12558000,0.553347
12559000,0.56281
12560000,0.514174
12561000,0.490777
12562000,0.521349
12563000,0.567236
12564000,0.554111
12565000,0.577962
12566000,0.533406
12567000,0.510416
12568000,0.567567
12569000,0.527264
12570000,0.516576
12571000,0.531497
12572000,0.540147
12573000,0.545747
12574000,0.535457
12575000,0.528942
12576000,0.534624
12577000,0.534449
12578000,0.547594
12579000,0.534017
12580000,0.553832
12581000,0.543469
12582000,0.533777
12583000,0.513731
12584000,0.538167
12585000,0.534544
12586000,0.531745
12587000,0.542926
12588000,0.532883
12589000,0.545844
12590000,0.5528
12591000,0.544597
12592000,0.538363
12593000,0.52459
12594000,0.554835
12595000,0.531802
12596000,0.571394
12597000,0.546647
12598000,0.550095
12599000,0.566267
12600000,0.552827
12601000,0.513578
12602000,0.544567
12603000,0.53726
12604000,0.559748
12605000,0.498178
12606000,0.543849
12607000,0.486265
12608000,0.576259
12609000,0.51876
12610000,0.511726
12611000,0.491593
12612000,0.520555
12613000,0.535607
12614000,0.555131
12615000,0.539409
12616000,0.530079
12617000,0.504197
12618000,0.520315
12619000,0.541691
12620000,0.505063
12621000,0.57571
12622000,0.567497
12623000,0.568748
12624000,0.555903
12625000,0.502136
12626000,0.520998
12627000,0.538271
12628000,0.556767
12629000,0.550115
12630000,0.543151
12631000,0.532055
12632000,0.522012
12633000,0.5046
12634000,0.530664
12635000,0.568539
12636000,0.544274
12637000,0.558956
12638000,0.493562
12639000,0.521881
12640000,0.535191
12641000,0.550496
12642000,0.536472
12643000,0.536504
12644000,0.514297
12645000,0.559064
12646000,0.495208
12647000,0.550633
12648000,0.528726
12649000,0.569122
12650000,0.525027
12651000,0.530895
12652000,0.531819
12653000,0.53716
12654000,0.54604
12655000,0.523406
12656000,0.542431
12657000,0.526659
12658000,0.532074
12659000,0.522893
12660000,0.518174
12661000,0.513963
12662000,0.521098
12663000,0.548045
12664000,0.54406
12665000,0.527465
12666000,0.525273
12667000,0.532003
12668000,0.532046
12669000,0.547973
12670000,0.555855
12671000,0.540841
12672000,0.546319
12673000,0.518246
12674000,0.548941
12675000,0.491883
12676000,0.460144
12677000,0.506864
12678000,0.535561
12679000,0.546128
12680000,0.515037
12681000,0.515614
12682000,0.497138
12683000,0.501986
12684000,0.530313
12685000,0.545396
12686000,0.534247
12687000,0.514899
12688000,0.528906
12689000,0.546453
12690000,0.518678
12691000,0.520357
12692000,0.48364
12693000,0.513659
12694000,0.539648
12695000,0.513125
12696000,0.536062
12697000,0.558955
12698000,0.553068
12699000,0.562149
12700000,0.534203
12701000,0.54868
12702000,0.567496
12703000,0.539553
12704000,0.565621
12705000,0.580164
12706000,0.532828
12707000,0.545582
12708000,0.522374
12709000,0.53898
12710000,0.517709
12711000,0.532645
12712000,0.541043
12713000,0.530679
12714000,0.507606
12715000,0.534362
12716000,0.545866
12717000,0.542506
12718000,0.553885
12719000,0.567906
12720000,0.50713
12721000,0.497212
12722000,0.500792
12723000,0.496056
12724000,0.545653
12725000,0.512699
12726000,0.506748
12727000,0.514855
12728000,0.498836
12729000,0.559735
12730000,0.547342
12731000,0.538795
12732000,0.515609
12733000,0.50567
12734000,0.548431
12735000,0.537853
12736000,0.54925
12737000,0.523621
12738000,0.570929
12739000,0.529503
12740000,0.529766
12741000,0.566337
12742000,0.507999
12743000,0.543181
12744000,0.549413
12745000,0.542314
12746000,0.561222
12747000,0.539077
12748000,0.554563
12749000,0.522702
12750000,0.510971
12751000,0.511938
12752000,0.476112
12753000,0.505682
12754000,0.516853
12755000,0.508375
12756000,0.568495
12757000,0.483571
12758000,0.523873
12759000,0.520289
12760000,0.518475
12761000,0.539048
12762000,0.53014
12763000,0.49575
12764000,0.526051
12765000,0.537889
12766000,0.523625
12767000,0.572852
12768000,0.553522
12769000,0.542914
12770000,0.543989
12771000,0.542805
12772000,0.507134
12773000,0.518938
12774000,0.52341
12775000,0.519492
12776000,0.509359
12777000,0.544238
12778000,0.542273
12779000,0.531118
12780000,0.557364
12781000,0.500956
12782000,0.522278
12783000,0.500155
12784000,0.560029
12785000,0.546537
12786000,0.535954
12787000,0.543837
12788000,0.56663
12789000,0.532565
12790000,0.532634
12791000,0.527003
12792000,0.560353
12793000,0.535581
12794000,0.509314
12795000,0.515016
12796000,0.539904
12797000,0.5464
12798000,0.499076
12799000,0.528399
12800000,0.554447
12801000,0.538245
12802000,0.534977
12803000,0.512519
12804000,0.533035
12805000,0.503937
12806000,0.550521
12807000,0.541821
12808000,0.520184
12809000,0.529215
12810000,0.528463
12811000,0.566527
12812000,0.527367
12813000,0.531216
12814000,0.509212
12815000,0.569542
12816000,0.581847
12817000,0.522727
12818000,0.515432
12819000,0.536892
12820000,0.540185
12821000,0.524463
12822000,0.578637
12823000,0.529839
12824000,0.552775
12825000,0.532641
12826000,0.488654
12827000,0.51941
12828000,0.53791
12829000,0.560835
12830000,0.5382
12831000,0.514681
12832000,0.523685
12833000,0.508235
12834000,0.534668
12835000,0.541032
12836000,0.556766
12837000,0.489347
12838000,0.516678
12839000,0.537722
12840000,0.555253
12841000,0.534589
12842000,0.502384
12843000,0.550315
12844000,0.528528
12845000,0.53579
12846000,0.558632
12847000,0.567685
12848000,0.568526
12849000,0.550249
12850000,0.524321
12851000,0.544032
12852000,0.533921
12853000,0.505303
12854000,0.531843
12855000,0.562217
12856000,0.555874
12857000,0.507808
12858000,0.555471
12859000,0.512651
12860000,0.545704
12861000,0.521747
12862000,0.489472
12863000,0.55389
12864000,0.536066
12865000,0.524947
12866000,0.522486
12867000,0.543156
12868000,0.564166
12869000,0.541381
12870000,0.468942
12871000,0.503314
12872000,0.498003
12873000,0.5086
12874000,0.556851
12875000,0.505786
12876000,0.531977
12877000,0.552784
12878000,0.571223
12879000,0.520142
12880000,0.524805
12881000,0.542874
12882000,0.517686
12883000,0.552145
12884000,0.504518
12885000,0.506471
12886000,0.539467
12887000,0.50993
12888000,0.528724
12889000,0.534658
12890000,0.545617
12891000,0.519073
12892000,0.536611
12893000,0.494345
12894000,0.504728
12895000,0.547758
12896000,0.50797
12897000,0.529253
12898000,0.522142
12899000,0.587369
12900000,0.518878
12901000,0.549975
12902000,0.564153
12903000,0.541369
12904000,0.508233
12905000,0.5105
12906000,0.547267
12907000,0.519227
12908000,0.566037
12909000,0.542427
12910000,0.533251
12911000,0.493115
12912000,0.565527
12913000,0.54988
12914000,0.556698
12915000,0.574237
12916000,0.518077
12917000,0.5714
12918000,0.550655
12919000,0.522521
12920000,0.52079
12921000,0.542427
12922000,0.527927
12923000,0.560207
12924000,0.541515
12925000,0.562519
12926000,0.545081
12927000,0.537313
12928000,0.547918
12929000,0.540812
12930000,0.556919
12931000,0.513308
12932000,0.552396
12933000,0.531321
12934000,0.502674
12935000,0.514128
12936000,0.531873
12937000,0.499867
12938000,0.511147
12939000,0.502769
12940000,0.558095
12941000,0.561478
12942000,0.572935
12943000,0.507333
12944000,0.535052
12945000,0.51692
12946000,0.554885
12947000,0.504499
12948000,0.538659
12949000,0.495953
12950000,0.552194
12951000,0.527215
12952000,0.540559
12953000,0.516171
12954000,0.518991
12955000,0.492916
12956000,0.48845
12957000,0.551438
12958000,0.529227
12959000,0.506711
12960000,0.519298
12961000,0.504978
12962000,0.503198
12963000,0.490958
12964000,0.526543
12965000,0.544041
12966000,0.527035
12967000,0.521844
12968000,0.483434
12969000,0.492297
12970000,0.523663
12971000,0.518487
12972000,0.519451
12973000,0.540011
12974000,0.500464
12975000,0.503915
12976000,0.519935
12977000,0.514848
12978000,0.539413
12979000,0.51376
12980000,0.534589
12981000,0.52841
12982000,0.503559
12983000,0.54278
12984000,0.537421
12985000,0.519269
12986000,0.520174
12987000,0.509456
12988000,0.543889
12989000,0.512659
12990000,0.538314
12991000,0.540326
12992000,0.513924
12993000,0.540932
12994000,0.553769
12995000,0.508952
12996000,0.513874
12997000,0.502566
12998000,0.515738
12999000,0.516759
13000000,0.526546
13001000,0.537662
13002000,0.542152
13003000,0.522504
13004000,0.497497
13005000,0.558659
13006000,0.52942
13007000,0.535076
13008000,0.532721
13009000,0.546224
13010000,0.528012
13011000,0.518232
13012000,0.492443
13013000,0.547723
13014000,0.518149
13015000,0.553013
13016000,0.518039
13017000,0.568153
13018000,0.514088
13019000,0.519681
13020000,0.512227
13021000,0.486499
13022000,0.47651
13023000,0.51621
13024000,0.516216
13025000,0.49285
13026000,0.495543
13027000,0.488972
13028000,0.487625
13029000,0.540388
13030000,0.517228
13031000,0.523799
13032000,0.489179
13033000,0.498363
13034000,0.532567
13035000,0.499499
13036000,0.463917
13037000,0.549796
13038000,0.536369
13039000,0.532125
13040000,0.55131
13041000,0.486968
13042000,0.50622
13043000,0.493318
13044000,0.532759
13045000,0.519536
13046000,0.530186
13047000,0.550739
13048000,0.52694
13049000,0.568372
13050000,0.544132
13051000,0.508049
13052000,0.503909
13053000,0.542386
13054000,0.535834
13055000,0.485185
13056000,0.499576
13057000,0.511101
13058000,0.508269
13059000,0.49107
13060000,0.500837
13061000,0.530621
13062000,0.511621
13063000,0.490718
13064000,0.54634
13065000,0.499682
13066000,0.522633
13067000,0.526915
13068000,0.523678
13069000,0.531386
13070000,0.542197
13071000,0.544101
13072000,0.542898
13073000,0.52812
13074000,0.504738
13075000,0.498221
13076000,0.514012
13077000,0.538482
13078000,0.480721
13079000,0.518205
13080000,0.547795
13081000,0.486353
13082000,0.53769
13083000,0.507487
13084000,0.523274
13085000,0.517667
13086000,0.512796
13087000,0.525036
13088000,0.518329
13089000,0.515063
13090000,0.52274
13091000,0.529387
13092000,0.513415
13093000,0.470947
13094000,0.52076
13095000,0.482915
13096000,0.527353
13097000,0.523173
13098000,0.538885
13099000,0.518816
13100000,0.529322
13101000,0.508301
13102000,0.529992
13103000,0.536449
13104000,0.529108
13105000,0.51981
13106000,0.51479
13107000,0.524362
13108000,0.507221
13109000,0.47236
13110000,0.518654
13111000,0.537319
13112000,0.47349
13113000,0.539521
13114000,0.500711
13115000,0.511865
13116000,0.517486
13117000,0.519024
13118000,0.549947
13119000,0.538782
13120000,0.535212
13121000,0.486465
13122000,0.506771
13123000,0.518283
13124000,0.471313
13125000,0.516863
13126000,0.506682
13127000,0.489584
13128000,0.485732
13129000,0.505283
13130000,0.507345
13131000,0.528988
13132000,0.481012
13133000,0.548477
13134000,0.49709
13135000,0.515028
13136000,0.508871
13137000,0.520856
13138000,0.495308
13139000,0.48896
13140000,0.505888
13141000,0.497369
13142000,0.513719
13143000,0.468463
13144000,0.51049
13145000,0.494798
13146000,0.477474
13147000,0.525531
13148000,0.508538
13149000,0.541009
13150000,0.530763
13151000,0.520741
13152000,0.499721
13153000,0.476025
13154000,0.519505
13155000,0.527842
13156000,0.534693
13157000,0.494619
13158000,0.486495
13159000,0.514667
13160000,0.543291
13161000,0.482057
13162000,0.517448
13163000,0.507883
13164000,0.535752
13165000,0.506712
13166000,0.481018
13167000,0.503482
13168000,0.537733
13169000,0.49044
13170000,0.49748
13171000,0.531507
13172000,0.517337
13173000,0.530115
13174000,0.524138
13175000,0.510418
13176000,0.509743
13177000,0.487203
13178000,0.530599
13179000,0.490276
13180000,0.510146
13181000,0.488766
13182000,0.492041
13183000,0.4908
13184000,0.542725
13185000,0.507839
13186000,0.496976
13187000,0.528841
13188000,0.529777
13189000,0.514617
13190000,0.465185
13191000,0.474416
13192000,0.48855
13193000,0.506858
13194000,0.498915
13195000,0.471585
13196000,0.513547
13197000,0.520728
13198000,0.491152
13199000,0.495227
13200000,0.471463
13201000,0.539369
13202000,0.494143
13203000,0.484584
13204000,0.500808
13205000,0.523013
13206000,0.511863
13207000,0.519666
13208000,0.489838
13209000,0.510525
13210000,0.505553
13211000,0.506797
13212000,0.554871
13213000,0.483856
13214000,0.481151
13215000,0.496662
13216000,0.514523
13217000,0.492478
13218000,0.485759
13219000,0.515793
13220000,0.494165
13221000,0.506295
13222000,0.495496
13223000,0.534347
13224000,0.519356
13225000,0.50412
13226000,0.53128
13227000,0.52305
13228000,0.490392
13229000,0.499454
13230000,0.535123
13231000,0.529034
13232000,0.531439
13233000,0.511334
13234000,0.513279
13235000,0.514634
13236000,0.524765
13237000,0.510111
13238000,0.526653
13239000,0.532546
13240000,0.494766
13241000,0.518495
13242000,0.508628
13243000,0.455407
13244000,0.509907
13245000,0.511624
13246000,0.491395
13247000,0.514974
13248000,0.515203
13249000,0.518484
13250000,0.492505
13251000,0.508615
13252000,0.507744
13253000,0.487964
13254000,0.475006
13255000,0.498397
13256000,0.506468
13257000,0.482218
13258000,0.467413
13259000,0.498189
13260000,0.498758
13261000,0.497982
13262000,0.502252
13263000,0.521155
13264000,0.507569
13265000,0.541371
13266000,0.519171
13267000,0.462699
13268000,0.48749
13269000,0.504905
13270000,0.473148
13271000,0.511345
13272000,0.491004
13273000,0.51338
13274000,0.513843
13275000,0.535099
13276000,0.49226
13277000,0.515397
13278000,0.502966
13279000,0.48738
13280000,0.516331
13281000,0.543703
13282000,0.510717
13283000,0.476537
13284000,0.492158
13285000,0.502444
13286000,0.509972
13287000,0.477196
13288000,0.508867
13289000,0.457838
13290000,0.455749
13291000,0.478032
13292000,0.49818
13293000,0.48324
13294000,0.502889
13295000,0.449401
13296000,0.493764
13297000,0.510321
13298000,0.463034
13299000,0.489234
13300000,0.5054
13301000,0.502003
13302000,0.493442
13303000,0.512972
13304000,0.506975
13305000,0.519215
13306000,0.458426
13307000,0.493137
13308000,0.468491
13309000,0.47741
13310000,0.478937
13311000,0.473914
13312000,0.496391
13313000,0.498326
13314000,0.519602
13315000,0.471502
13316000,0.506037
13317000,0.487237
13318000,0.494548
13319000,0.478052
13320000,0.479978
13321000,0.515589
13322000,0.50914
13323000,0.479367
13324000,0.502723
13325000,0.478612
13326000,0.49207
13327000,0.485091
13328000,0.475033
13329000,0.503939
13330000,0.51756
13331000,0.490478
13332000,0.461142
13333000,0.475021
13334000,0.537765
13335000,0.473827
13336000,0.491564
13337000,0.504637
13338000,0.514065
13339000,0.475361
13340000,0.498744
13341000,0.487032
13342000,0.509132
13343000,0.517057
13344000,0.455001
13345000,0.482401
13346000,0.505869
13347000,0.504488
13348000,0.465201
13349000,0.512945
13350000,0.462844
13351000,0.474227
13352000,0.434223
13353000,0.498756
13354000,0.482549
13355000,0.499233
13356000,0.483616
13357000,0.505775
13358000,0.462035
13359000,0.44776
13360000,0.50574
13361000,0.471118
13362000,0.470705
13363000,0.486561
13364000,0.483008
13365000,0.511422
13366000,0.515081
13367000,0.491381
13368000,0.479168
13369000,0.482715
13370000,0.478308
13371000,0.49879
13372000,0.482488
13373000,0.460597
13374000,0.445517
13375000,0.513689
13376000,0.474639
13377000,0.48204
13378000,0.468602
13379000,0.485601
13380000,0.47165
13381000,0.519159
13382000,0.494969
13383000,0.514399
13384000,0.508304
13385000,0.507727
13386000,0.489065
13387000,0.47505
13388000,0.473693
13389000,0.48681
13390000,0.475527
13391000,0.467195
13392000,0.47229
13393000,0.477547
13394000,0.447647
13395000,0.453781
13396000,0.484593
13397000,0.484992
13398000,0.500979
13399000,0.497056
13400000,0.504245
13401000,0.478481
13402000,0.459303
13403000,0.476882
13404000,0.461882
13405000,0.452567
13406000,0.499558
13407000,0.459904
13408000,0.47876
13409000,0.461357
13410000,0.509268
13411000,0.451154
13412000,0.486028
13413000,0.489478
13414000,0.486084
13415000,0.480011
13416000,0.452813
13417000,0.499796
13418000,0.471628
13419000,0.484656
13420000,0.498203
13421000,0.461324
13422000,0.473012
13423000,0.487583
13424000,0.490364
13425000,0.448147
13426000,0.491412
13427000,0.47864
13428000,0.523474
13429000,0.460912
13430000,0.467298
13431000,0.476147
13432000,0.4525
13433000,0.490986
13434000,0.487991
13435000,0.488362
13436000,0.497069
13437000,0.461921
13438000,0.456183
13439000,0.459695
13440000,0.476434
13441000,0.476385
13442000,0.470769
13443000,0.490882
13444000,0.467938
13445000,0.453884
13446000,0.470712
13447000,0.471343
13448000,0.497863
13449000,0.450562
13450000,0.451662
13451000,0.487964
13452000,0.47
13453000,0.473765
13454000,0.421582
13455000,0.472191
13456000,0.475604
13457000,0.482632
13458000,0.449122
13459000,0.478285
13460000,0.48929
13461000,0.454786
13462000,0.463428
13463000,0.473895
13464000,0.477462
13465000,0.482264
13466000,0.472355
13467000,0.51657
13468000,0.464718
13469000,0.473735
13470000,0.467237
13471000,0.461765
13472000,0.481554
13473000,0.465541
13474000,0.437031
13475000,0.479238
13476000,0.447723
13477000,0.4804
13478000,0.473721
13479000,0.447158
13480000,0.438219
13481000,0.447789
13482000,0.450416
13483000,0.447527
13484000,0.487736
13485000,0.471127
13486000,0.453678
13487000,0.46055
13488000,0.462379
13489000,0.446093
13490000,0.44903
13491000,0.437503
13492000,0.484004
13493000,0.501517
13494000,0.494036
13495000,0.461754
13496000,0.434658
13497000,0.457199
13498000,0.477593
13499000,0.450109
13500000,0.433014
13501000,0.468108
13502000,0.468754
13503000,0.404225
13504000,0.452139
13505000,0.432054
13506000,0.442852
13507000,0.447702
13508000,0.452476
13509000,0.466924
13510000,0.460132
13511000,0.482076
13512000,0.467193
13513000,0.457333
13514000,0.456297
13515000,0.459884
13516000,0.451033
13517000,0.457273
13518000,0.46163
13519000,0.466648
13520000,0.472181
13521000,0.447936
13522000,0.462413
13523000,0.486302
13524000,0.483194
13525000,0.440821
13526000,0.452325
13527000,0.454542
13528000,0.486449
13529000,0.485459
13530000,0.462689
13531000,0.419728
13532000,0.465947
13533000,0.480117
13534000,0.459721
13535000,0.464895
13536000,0.48174
13537000,0.462127
13538000,0.467002
13539000,0.431552
13540000,0.445171
13541000,0.478141
13542000,0.472542
13543000,0.476748
13544000,0.411385
13545000,0.450421
13546000,0.444384
13547000,0.462074
13548000,0.465272
13549000,0.452309
13550000,0.489544
13551000,0.462619
13552000,0.464012
13553000,0.49377
13554000,0.431357
13555000,0.483199
13556000,0.464717
13557000,0.478771
13558000,0.454334
13559000,0.471976
13560000,0.464217
13561000,0.430838
13562000,0.44472
13563000,0.478119
13564000,0.468046
13565000,0.433459
13566000,0.460119
13567000,0.474553
13568000,0.489063
13569000,0.425599
13570000,0.423242
13571000,0.450122
13572000,0.452997
13573000,0.456025
13574000,0.438926
13575000,0.469217
13576000,0.459547
13577000,0.452912
13578000,0.45815
13579000,0.417632
13580000,0.446302
13581000,0.448493
13582000,0.474813
13583000,0.461129
13584000,0.446992
13585000,0.455641
13586000,0.462316
13587000,0.486276
13588000,0.470761
13589000,0.474779
13590000,0.449847
13591000,0.44685
13592000,0.454184
13593000,0.45078
13594000,0.44634
13595000,0.45418
13596000,0.426439
13597000,0.43221
13598000,0.457433
13599000,0.437283
13600000,0.466407
13601000,0.451326
13602000,0.438398
13603000,0.452411
13604000,0.398467
13605000,0.474442
13606000,0.467871
13607000,0.479523
13608000,0.467617
13609000,0.402527
13610000,0.466544
13611000,0.466967
13612000,0.464106
13613000,0.488931
13614000,0.456713
13615000,0.423279
13616000,0.452095
13617000,0.432053
13618000,0.45033
13619000,0.473842
13620000,0.456599
13621000,0.442992
13622000,0.45879
13623000,0.467285
13624000,0.455303
13625000,0.440962
13626000,0.442224
13627000,0.457448
13628000,0.446467
13629000,0.458851
13630000,0.484051
13631000,0.42492
13632000,0.444484
13633000,0.436979
13634000,0.451988
13635000,0.433889
13636000,0.42176
13637000,0.445255
13638000,0.483867
13639000,0.467629
13640000,0.474946
13641000,0.433789
13642000,0.449023
13643000,0.456095
13644000,0.44787
13645000,0.431446
13646000,0.470036
13647000,0.433833
13648000,0.449079
13649000,0.499309
13650000,0.4673
13651000,0.454519
13652000,0.43926
13653000,0.440484
13654000,0.431176
13655000,0.429263
13656000,0.455105
13657000,0.453308
13658000,0.425295
13659000,0.459256
13660000,0.449943
13661000,0.423342
13662000,0.444772
13663000,0.449803
13664000,0.433064
13665000,0.41918
13666000,0.438272
13667000,0.434564
13668000,0.419071
13669000,0.449662
13670000,0.419598
13671000,0.479449
13672000,0.439771
13673000,0.444563
13674000,0.434752
13675000,0.428956
13676000,0.40944
13677000,0.472062
13678000,0.435087
13679000,0.434508
13680000,0.4167
13681000,0.435736
13682000,0.425119
13683000,0.425949
13684000,0.442117
13685000,0.439223
13686000,0.451146
13687000,0.481594
13688000,0.427177
13689000,0.409463
13690000,0.424961
13691000,0.409913
13692000,0.427794
13693000,0.452001
13694000,0.416651
13695000,0.391784
13696000,0.429177
13697000,0.415538
13698000,0.428412
13699000,0.417503
13700000,0.455809
13701000,0.433805
13702000,0.450473
13703000,0.453671
13704000,0.443961
13705000,0.418082
13706000,0.420339
13707000,0.438731
13708000,0.430239
13709000,0.416224
13710000,0.418115
13711000,0.460105
13712000,0.429631
13713000,0.441433
13714000,0.440367
13715000,0.393133
13716000,0.407624
13717000,0.420791
13718000,0.394135
13719000,0.41556
13720000,0.42611
13721000,0.417675
13722000,0.411679
13723000,0.451075
13724000,0.420598
13725000,0.419158
13726000,0.419083
13727000,0.456507
13728000,0.407602
13729000,0.421728
13730000,0.411519
13731000,0.390842
13732000,0.436575
13733000,0.432548
13734000,0.389432
13735000,0.445477
13736000,0.421532
13737000,0.410418
13738000,0.424397
13739000,0.395776
13740000,0.427783
13741000,0.428985
13742000,0.372278
13743000,0.417911
13744000,0.409828
13745000,0.406826
13746000,0.399208
13747000,0.414768
13748000,0.436595
13749000,0.390092
13750000,0.424092
13751000,0.409799
13752000,0.429526
13753000,0.410242
13754000,0.437565
13755000,0.411801
13756000,0.40384
13757000,0.414427
13758000,0.403513
13759000,0.427911
13760000,0.384523
13761000,0.417948
13762000,0.422394
13763000,0.385141
13764000,0.37511
13765000,0.42335
13766000,0.432449
13767000,0.390373
13768000,0.404098
13769000,0.415192
13770000,0.41792
13771000,0.435455
13772000,0.429198
13773000,0.426483
13774000,0.439038
13775000,0.390274
13776000,0.415463
13777000,0.406077
13778000,0.413917
13779000,0.393273
13780000,0.434033
13781000,0.407665
13782000,0.394902
13783000,0.459946
13784000,0.421501
13785000,0.433731
13786000,0.370674
13787000,0.3671
13788000,0.388678
13789000,0.43332
13790000,0.388091
13791000,0.402159
13792000,0.41969
13793000,0.416597
13794000,0.394321
13795000,0.411101
13796000,0.413721
13797000,0.421652
13798000,0.411178
13799000,0.38117
13800000,0.410835
13801000,0.389198
13802000,0.374889
13803000,0.376287
13804000,0.409772
13805000,0.38973
13806000,0.420164
13807000,0.421311
13808000,0.407563
13809000,0.40948
13810000,0.420089
13811000,0.429245
13812000,0.411907
13813000,0.39068
13814000,0.384393
13815000,0.391857
13816000,0.390458
13817000,0.391471
13818000,0.399384
13819000,0.41739
13820000,0.419498
13821000,0.421502
13822000,0.386823
13823000,0.401149
13824000,0.375052
13825000,0.387446
13826000,0.375939
13827000,0.403111
13828000,0.420354
13829000,0.433554
13830000,0.396536
13831000,0.421066
13832000,0.436695
13833000,0.420318
13834000,0.386187
13835000,0.372128
13836000,0.448982
13837000,0.404026
13838000,0.418051
13839000,0.402078
13840000,0.403616
13841000,0.375934
13842000,0.399041
13843000,0.424365
13844000,0.403331
13845000,0.376722
13846000,0.397884
13847000,0.39315
13848000,0.406839
13849000,0.384898
13850000,0.432195
13851000,0.406076
13852000,0.412587
13853000,0.406003
13854000,0.38147
13855000,0.389423
13856000,0.402083
13857000,0.385205
13858000,0.399147
13859000,0.380173
13860000,0.384458
13861000,0.399677
13862000,0.396922
13863000,0.413879
13864000,0.390395
13865000,0.410905
13866000,0.4005
13867000,0.401318
13868000,0.367618
13869000,0.4058
13870000,0.377406
13871000,0.371397
13872000,0.368333
13873000,0.404447
13874000,0.386275
13875000,0.39553
13876000,0.374709
13877000,0.378564
13878000,0.389429
13879000,0.396591
13880000,0.42504
13881000,0.376795
13882000,0.374666
13883000,0.382894
13884000,0.357922
13885000,0.396975
13886000,0.4088
13887000,0.389468
13888000,0.368026
13889000,0.379138
13890000,0.385108
13891000,0.394671
13892000,0.424961
13893000,0.39342
13894000,0.380438
13895000,0.372292
13896000,0.375039
13897000,0.35603
13898000,0.375604
13899000,0.341001
13900000,0.388498
13901000,0.363821
13902000,0.37302
13903000,0.410891
13904000,0.391494
13905000,0.408282
13906000,0.367071
13907000,0.406553
13908000,0.381917
13909000,0.409534
13910000,0.398196
13911000,0.376605
13912000,0.359011
13913000,0.402845
13914000,0.398869
13915000,0.363135
13916000,0.378089
13917000,0.380308
13918000,0.370131
13919000,0.393042
13920000,0.362839
13921000,0.382025
13922000,0.384456
13923000,0.384518
13924000,0.358447
13925000,0.364594
13926000,0.379541
13927000,0.341973
13928000,0.384014
13929000,0.355646
13930000,0.35533
13931000,0.379213
13932000,0.386093
13933000,0.405352
13934000,0.366548
13935000,0.374632
13936000,0.368117
13937000,0.37155
13938000,0.367702
13939000,0.364776
13940000,0.391294
13941000,0.349434
13942000,0.390172
13943000,0.384225
13944000,0.362673
13945000,0.351872
13946000,0.374543
13947000,0.388205
13948000,0.398448
13949000,0.35527
13950000,0.364579
13951000,0.370055
13952000,0.374347
13953000,0.371274
13954000,0.357218
13955000,0.37976
13956000,0.376632
13957000,0.376615
13958000,0.412296
13959000,0.376457
13960000,0.375852
13961000,0.391663
13962000,0.347321
13963000,0.377166
13964000,0.36977
13965000,0.392527
13966000,0.38135
13967000,0.361155
13968000,0.390384
13969000,0.344672
13970000,0.35646
13971000,0.352486
13972000,0.368314
13973000,0.343714
13974000,0.39476
13975000,0.336023
13976000,0.36784
13977000,0.361708
13978000,0.37418
13979000,0.381092
13980000,0.34837
13981000,0.37417
13982000,0.369075
13983000,0.374034
13984000,0.361601
13985000,0.340306
13986000,0.360862
13987000,0.379098
13988000,0.343848
13989000,0.344414
13990000,0.335658
13991000,0.350488
13992000,0.347535
13993000,0.354614
13994000,0.350548
13995000,0.358226
13996000,0.370676
13997000,0.326749
13998000,0.33415
13999000,0.351704
14000000,0.333313
14001000,0.332397
14002000,0.334142
14003000,0.366814
14004000,0.345025
14005000,0.379517
14006000,0.351581
14007000,0.327592
14008000,0.341482
14009000,0.334415
14010000,0.358928
14011000,0.404625
14012000,0.368769
14013000,0.349691
14014000,0.342587
14015000,0.331249
14016000,0.335561
14017000,0.351909
14018000,0.332723
14019000,0.356137
14020000,0.340914
14021000,0.339858
14022000,0.3481
14023000,0.353584
14024000,0.351077
14025000,0.34683
14026000,0.354406
14027000,0.358952
14028000,0.331847
14029000,0.333331
14030000,0.363612
14031000,0.374359
14032000,0.353964
14033000,0.342401
14034000,0.360921
14035000,0.35968
14036000,0.355146
14037000,0.371109
14038000,0.340946
14039000,0.367467
14040000,0.367768
14041000,0.337627
14042000,0.353602
14043000,0.346442
14044000,0.351546
14045000,0.336652
14046000,0.340296
14047000,0.30476
14048000,0.337266
14049000,0.352978
14050000,0.347909
14051000,0.341272
14052000,0.34366
14053000,0.35789
14054000,0.344944
14055000,0.342613
14056000,0.363398
14057000,0.336121
14058000,0.351145
14059000,0.363246
14060000,0.330331
14061000,0.346768
14062000,0.318795
14063000,0.349979
14064000,0.330294
14065000,0.35414
14066000,0.356361
14067000,0.33796
14068000,0.323038
14069000,0.329683
14070000,0.353487
14071000,0.326306
14072000,0.342121
14073000,0.319122
14074000,0.324835
14075000,0.338254
14076000,0.348904
14077000,0.318413
14078000,0.334433
14079000,0.308651
14080000,0.336505
14081000,0.3261
14082000,0.366116
14083000,0.325857
14084000,0.330295
14085000,0.335656
14086000,0.336752
14087000,0.362563
14088000,0.346407
14089000,0.305248
14090000,0.328501
14091000,0.332575
14092000,0.332225
14093000,0.34818
14094000,0.326651
14095000,0.327454
14096000,0.339468
14097000,0.357692
14098000,0.317718
14099000,0.332083
14100000,0.331475
14101000,0.336071
14102000,0.337803
14103000,0.315196
14104000,0.344473
14105000,0.363783
14106000,0.343149
14107000,0.339257
14108000,0.320778
14109000,0.332387
14110000,0.347375
14111000,0.330541
14112000,0.351355
14113000,0.364724
14114000,0.370437
14115000,0.339281
14116000,0.339844
14117000,0.355032
14118000,0.33624
14119000,0.341386
14120000,0.326938
14121000,0.288386
14122000,0.33687
14123000,0.329627
14124000,0.338667
14125000,0.335395
14126000,0.323033
14127000,0.328511
14128000,0.309076
14129000,0.320792
14130000,0.303398
14131000,0.306877
14132000,0.320256
14133000,0.328486
14134000,0.327044
14135000,0.335745
14136000,0.302085
14137000,0.337217
14138000,0.312897
14139000,0.321073
14140000,0.338168
14141000,0.332271
14142000,0.295707
14143000,0.314323
14144000,0.303203
14145000,0.32951
14146000,0.312872
14147000,0.301798
14148000,0.32983
14149000,0.325008
14150000,0.320722
14151000,0.328147
14152000,0.314101
14153000,0.308603
14154000,0.315041
14155000,0.329196
14156000,0.313344
14157000,0.312124
14158000,0.320995
14159000,0.326778
14160000,0.304928
14161000,0.318748
14162000,0.300975
14163000,0.343098
14164000,0.323757
14165000,0.315537
14166000,0.322693
14167000,0.328255
14168000,0.321491
14169000,0.305121
14170000,0.303457
14171000,0.308379
14172000,0.316753
14173000,0.29408
14174000,0.315425
14175000,0.303968
14176000,0.307328
14177000,0.34338
14178000,0.336144
14179000,0.329226
14180000,0.332767
14181000,0.330491
14182000,0.289497
14183000,0.352932
14184000,0.321348
14185000,0.312962
14186000,0.292069
14187000,0.330335
14188000,0.330563
14189000,0.302006
14190000,0.31926
14191000,0.334919
14192000,0.352362
14193000,0.303212
14194000,0.306615
14195000,0.303445
14196000,0.323277
14197000,0.297273
14198000,0.314037
14199000,0.323204
14200000,0.314846
14201000,0.330762
14202000,0.31494
14203000,0.305016
14204000,0.322433
14205000,0.318517
14206000,0.333847
14207000,0.320749
14208000,0.314759
14209000,0.318207
14210000,0.300817
14211000,0.289719
14212000,0.302479
14213000,0.288901
14214000,0.288223
14215000,0.295627
14216000,0.30259
14217000,0.315828
14218000,0.308568
14219000,0.302963
14220000,0.297057
14221000,0.34027
14222000,0.322387
14223000,0.320957
14224000,0.276704
14225000,0.308591
14226000,0.315761
14227000,0.332604
14228000,0.294317
14229000,0.310675
14230000,0.295848
14231000,0.311431
14232000,0.315061
14233000,0.315103
14234000,0.319438
14235000,0.297744
14236000,0.288457
14237000,0.29949
14238000,0.30842
14239000,0.295119
14240000,0.30923
14241000,0.3304
14242000,0.30192
14243000,0.310239
14244000,0.299437
14245000,0.300046
14246000,0.300323
14247000,0.309787
14248000,0.334962
14249000,0.308063
14250000,0.303735
14251000,0.307107
14252000,0.295786
14253000,0.291823
14254000,0.286745
14255000,0.286436
14256000,0.304262
14257000,0.295409
14258000,0.300654
14259000,0.312306
14260000,0.298336
14261000,0.297062
14262000,0.304544
14263000,0.307944
14264000,0.293832
14265000,0.310738
14266000,0.295144
14267000,0.299063
14268000,0.287746
14269000,0.284369
14270000,0.29667
14271000,0.296461
14272000,0.295628
14273000,0.306422
14274000,0.311635
14275000,0.282111
14276000,0.297386
14277000,0.268683
14278000,0.307023
14279000,0.266542
14280000,0.26955
14281000,0.281681
14282000,0.279292
14283000,0.301226
14284000,0.303832
14285000,0.287586
14286000,0.267715
14287000,0.275042
14288000,0.282039
14289000,0.300447
14290000,0.293329
14291000,0.276219
14292000,0.278763
14293000,0.267615
14294000,0.294516
14295000,0.300711
14296000,0.282483
14297000,0.30031
14298000,0.284661
14299000,0.277184
14300000,0.277185
14301000,0.303625
14302000,0.304017
14303000,0.301968
14304000,0.290639
14305000,0.303755
14306000,0.294355
14307000,0.307945
14308000,0.311514
14309000,0.291239
14310000,0.300198
14311000,0.302499
14312000,0.308701
14313000,0.273059
14314000,0.266138
14315000,0.274938
14316000,0.272365
14317000,0.297297
14318000,0.276124
14319000,0.285828
14320000,0.311881
14321000,0.291768
14322000,0.305648
14323000,0.291883
14324000,0.298357
14325000,0.286944
14326000,0.278621
14327000,0.298475
14328000,0.270935
14329000,0.290958
14330000,0.282352
14331000,0.300247
14332000,0.297053
14333000,0.304777
14334000,0.291205
14335000,0.300367
14336000,0.293731
14337000,0.299394
14338000,0.27896
14339000,0.277601
14340000,0.3074
14341000,0.272668
14342000,0.285239
14343000,0.304378
14344000,0.281281
14345000,0.279216
14346000,0.265886
14347000,0.277204
14348000,0.273161
14349000,0.26956
14350000,0.294247
14351000,0.267314
14352000,0.265604
14353000,0.266691
14354000,0.258968
14355000,0.269124
14356000,0.282425
14357000,0.27452
14358000,0.281643
14359000,0.250879
14360000,0.276393
14361000,0.283182
14362000,0.299577
14363000,0.281924
14364000,0.285587
14365000,0.263983
14366000,0.265122
14367000,0.276814
14368000,0.278406
14369000,0.287077
14370000,0.281382
14371000,0.296119
14372000,0.276884
14373000,0.266728
14374000,0.280561
14375000,0.26239
14376000,0.29217
14377000,0.279674
14378000,0.262365
14379000,0.28736
14380000,0.271159
14381000,0.262716
14382000,0.284416
14383000,0.272394
14384000,0.257913
14385000,0.272008
14386000,0.262822
14387000,0.263971
14388000,0.27127
14389000,0.277061
14390000,0.282208
14391000,0.280488
14392000,0.280974
14393000,0.256835
14394000,0.277371
14395000,0.308599
14396000,0.253636
14397000,0.272072
14398000,0.294178
14399000,0.272164
14400000,0.273277
14401000,0.270789
14402000,0.263427
14403000,0.242378
14404000,0.269304
14405000,0.28586
14406000,0.279214
14407000,0.274569
14408000,0.256004
14409000,0.28587
14410000,0.25688
14411000,0.278716
14412000,0.262406
14413000,0.278974
14414000,0.264071
14415000,0.27004
14416000,0.267432
14417000,0.263188
14418000,0.275723
14419000,0.278938
14420000,0.246284
14421000,0.275508
14422000,0.27139
14423000,0.286838
14424000,0.28106
14425000,0.274245
14426000,0.265584
14427000,0.259756
14428000,0.263417
14429000,0.26219
14430000,0.267625
14431000,0.255901
14432000,0.259943
14433000,0.262071
14434000,0.250446
14435000,0.272308
14436000,0.256082
14437000,0.30137
14438000,0.288679
14439000,0.260171
14440000,0.269293
14441000,0.267506
14442000,0.250839
14443000,0.268268
14444000,0.264326
14445000,0.267543
14446000,0.258394
14447000,0.279509
14448000,0.25724
14449000,0.27431
14450000,0.263048
14451000,0.269688
14452000,0.260442
14453000,0.255235
14454000,0.273228
14455000,0.25748
14456000,0.240651
14457000,0.264618
14458000,0.261797
14459000,0.280264
14460000,0.275505
14461000,0.26089
14462000,0.26713
14463000,0.252166
14464000,0.261177
14465000,0.247933
14466000,0.249798
14467000,0.250031
14468000,0.267237
14469000,0.260031
14470000,0.246297
14471000,0.231821
14472000,0.241071
14473000,0.253529
14474000,0.246916
14475000,0.266375
14476000,0.263612
14477000,0.26742
14478000,0.255533
14479000,0.260531
14480000,0.257505
14481000,0.250464
14482000,0.246361
14483000,0.252391
14484000,0.239855
14485000,0.243474
14486000,0.253305
14487000,0.256724
14488000,0.235769
14489000,0.261875
14490000,0.267341
14491000,0.249102
14492000,0.245533
14493000,0.235263
14494000,0.253488
14495000,0.267484
14496000,0.240494
14497000,0.252591
14498000,0.249058
14499000,0.274406
14500000,0.260278
14501000,0.260499
14502000,0.251948
14503000,0.26187
14504000,0.244268
14505000,0.25305
14506000,0.249386
14507000,0.250638
14508000,0.241941
14509000,0.237011
14510000,0.245889
14511000,0.23527
14512000,0.254945
14513000,0.251882
14514000,0.259936
14515000,0.257938
14516000,0.23579
14517000,0.243872
14518000,0.245884
14519000,0.237333
14520000,0.231122
14521000,0.249289
14522000,0.251288
14523000,0.236222
14524000,0.243964
14525000,0.246007
14526000,0.25401
14527000,0.257222
14528000,0.24988
14529000,0.248334
14530000,0.25612
14531000,0.250498
14532000,0.241961
14533000,0.25318
14534000,0.245291
14535000,0.253188
14536000,0.245167
14537000,0.233139
14538000,0.229902
14539000,0.231475
14540000,0.251059
14541000,0.237236
14542000,0.231533
14543000,0.229558
14544000,0.224349
14545000,0.230291
14546000,0.241488
14547000,0.236811
14548000,0.231258
14549000,0.229229
14550000,0.245566
14551000,0.241569
14552000,0.239162
14553000,0.249512
14554000,0.24073
14555000,0.232221
14556000,0.222685
14557000,0.234992
14558000,0.230328
14559000,0.248415
14560000,0.23842
14561000,0.228917
14562000,0.233451
14563000,0.238503
14564000,0.243167
14565000,0.230121
14566000,0.241258
14567000,0.231908
14568000,0.243305
14569000,0.245154
14570000,0.23766
14571000,0.251349
14572000,0.235607
14573000,0.254763
14574000,0.244355
14575000,0.242233
14576000,0.24391
14577000,0.255678
14578000,0.239782
14579000,0.240716
14580000,0.254138
14581000,0.23224
14582000,0.24062
14583000,0.23878
14584000,0.243744
14585000,0.21264
14586000,0.226587
14587000,0.230242
14588000,0.224295
14589000,0.226489
14590000,0.214936
14591000,0.226515
14592000,0.230279
14593000,0.244943
14594000,0.249265
14595000,0.233634
14596000,0.225055
14597000,0.236706
14598000,0.233647
14599000,0.245989
14600000,0.234654
14601000,0.216821
14602000,0.207191
14603000,0.216017
14604000,0.226635
14605000,0.229669
14606000,0.227497
14607000,0.212474
14608000,0.23166
14609000,0.23342
14610000,0.228084
14611000,0.236528
14612000,0.225166
14613000,0.210814
14614000,0.219231
14615000,0.232541
14616000,0.234047
14617000,0.220932
14618000,0.214772
14619000,0.218177
14620000,0.20801
14621000,0.206026
14622000,0.214448
14623000,0.211963
14624000,0.217251
14625000,0.217582
14626000,0.20999
14627000,0.217939
14628000,0.208297
14629000,0.237288
14630000,0.213802
14631000,0.216233
14632000,0.229376
14633000,0.216291
14634000,0.223905
14635000,0.218244
14636000,0.223494
14637000,0.227551
14638000,0.230708
14639000,0.216993
14640000,0.208719
14641000,0.209314
14642000,0.20457
14643000,0.212244
14644000,0.21966
14645000,0.222692
14646000,0.225364
14647000,0.216502
14648000,0.222662
14649000,0.212128
14650000,0.225399
14651000,0.220627
14652000,0.204013
14653000,0.203547
14654000,0.216798
14655000,0.225382
14656000,0.194303
14657000,0.210232
14658000,0.199101
14659000,0.1919
14660000,0.203405
14661000,0.218395
14662000,0.212806
14663000,0.202376
14664000,0.219064
14665000,0.214527
14666000,0.21642
14667000,0.201957
14668000,0.21581
14669000,0.214907
14670000,0.223388
14671000,0.204094
14672000,0.209743
14673000,0.216474
14674000,0.205867
14675000,0.207395
14676000,0.200494
14677000,0.220986
14678000,0.214442
14679000,0.21247
14680000,0.210941
14681000,0.217572
14682000,0.219284
14683000,0.21323
14684000,0.20455
14685000,0.206528
14686000,0.215457
14687000,0.211422
14688000,0.209383
14689000,0.211449
14690000,0.203288
14691000,0.206174
14692000,0.210414
14693000,0.22971
14694000,0.217302
14695000,0.216909
14696000,0.207921
14697000,0.212622
14698000,0.210908
14699000,0.213935
14700000,0.214039
14701000,0.203588
14702000,0.211282
14703000,0.216797
14704000,0.21419
14705000,0.210536
14706000,0.195472
14707000,0.203442
14708000,0.198071
14709000,0.220538
14710000,0.196837
14711000,0.210397
14712000,0.200224
14713000,0.19151
14714000,0.20528
14715000,0.212974
14716000,0.212606
14717000,0.211904
14718000,0.202061
14719000,0.204779
14720000,0.207877
14721000,0.208679
14722000,0.198833
14723000,0.194334
14724000,0.201493
14725000,0.205557
14726000,0.21445
14727000,0.213979
14728000,0.208949
14729000,0.200072
14730000,0.192698
14731000,0.202904
14732000,0.200046
14733000,0.202895
14734000,0.20134
14735000,0.211921
14736000,0.211733
14737000,0.199731
14738000,0.202337
14739000,0.20635
14740000,0.203536
14741000,0.204507
14742000,0.194766
14743000,0.207555
14744000,0.208401
14745000,0.203962
14746000,0.209857
14747000,0.201626
14748000,0.200834
14749000,0.203974
14750000,0.216289
14751000,0.208021
14752000,0.205885
14753000,0.20552
14754000,0.202273
14755000,0.188532
14756000,0.18572
14757000,0.195395
14758000,0.209551
14759000,0.218722
14760000,0.202731
14761000,0.195109
14762000,0.181975
14763000,0.198705
14764000,0.200135
14765000,0.201291
14766000,0.188687
14767000,0.19942
14768000,0.203937
14769000,0.191654
14770000,0.194087
14771000,0.199833
14772000,0.197563
14773000,0.20482
14774000,0.193701
14775000,0.204224
14776000,0.193315
14777000,0.19127
14778000,0.187042
14779000,0.197607
14780000,0.177724
14781000,0.20135
14782000,0.188249
14783000,0.196452
14784000,0.20152
14785000,0.188832
14786000,0.187773
14787000,0.189976
14788000,0.186867
14789000,0.201389
14790000,0.189092
14791000,0.207498
14792000,0.184264
14793000,0.188224
14794000,0.193069
14795000,0.194793
14796000,0.185877
14797000,0.196941
14798000,0.187915
14799000,0.186996
14800000,0.195548
14801000,0.189421
14802000,0.193532
14803000,0.191181
14804000,0.190863
14805000,0.183254
14806000,0.194156
14807000,0.189796
14808000,0.18447
14809000,0.189928
14810000,0.187914
14811000,0.187544
14812000,0.193413
14813000,0.195024
14814000,0.184988
14815000,0.194044
14816000,0.197782
14817000,0.197454
14818000,0.195803
14819000,0.1833
14820000,0.190539
14821000,0.188564
14822000,0.186971
14823000,0.195232
14824000,0.190755
14825000,0.182236
14826000,0.194349
14827000,0.198006
14828000,0.194331
14829000,0.184546
14830000,0.180471
14831000,0.191815
14832000,0.195234
14833000,0.194776
14834000,0.188302
14835000,0.198444
14836000,0.1866
14837000,0.182188
14838000,0.199549
14839000,0.184938
14840000,0.199421
14841000,0.187936
14842000,0.186454
14843000,0.182746
14844000,0.189538
14845000,0.187217
14846000,0.185238
14847000,0.181748
14848000,0.18733
14849000,0.181553
14850000,0.174692
14851000,0.176452
14852000,0.181776
14853000,0.198643
14854000,0.184858
14855000,0.19117
14856000,0.183619
14857000,0.18275
14858000,0.184613
14859000,0.197494
14860000,0.184938
14861000,0.184729
14862000,0.190288
14863000,0.192588
14864000,0.188553
14865000,0.182092
14866000,0.182506
14867000,0.189381
14868000,0.180022
14869000,0.186012
14870000,0.174583
14871000,0.185944
14872000,0.188182
14873000,0.200699
14874000,0.174882
14875000,0.176881
14876000,0.190819
14877000,0.182817
14878000,0.189286
14879000,0.188967
14880000,0.183522
14881000,0.19896
14882000,0.182788
14883000,0.17271
14884000,0.183075
14885000,0.192946
14886000,0.179942
14887000,0.183654
14888000,0.182951
14889000,0.185571
14890000,0.18802
14891000,0.186288
14892000,0.188496
14893000,0.188344
14894000,0.180878
14895000,0.197051
14896000,0.188393
14897000,0.193986
14898000,0.186977
14899000,0.188542
14900000,0.185332
14901000,0.191159
14902000,0.185842
14903000,0.182365
14904000,0.180256
14905000,0.177752
14906000,0.18536
14907000,0.186666
14908000,0.193167
14909000,0.186488
14910000,0.180318
14911000,0.181823
14912000,0.186393
14913000,0.203584
14914000,0.1861
14915000,0.186448
14916000,0.185577
14917000,0.181832
14918000,0.175884
14919000,0.180624
14920000,0.183075
14921000,0.177934
14922000,0.184579
14923000,0.186006
14924000,0.180971
14925000,0.187717
14926000,0.187964
14927000,0.183918
14928000,0.184188
14929000,0.170609
14930000,0.17708
14931000,0.176497
14932000,0.184303
14933000,0.181438
14934000,0.18264
14935000,0.169691
14936000,0.175527
14937000,0.188252
14938000,0.179105
14939000,0.178864
14940000,0.183367
14941000,0.181697
14942000,0.189209
14943000,0.183218
14944000,0.182995
14945000,0.178661
14946000,0.173464
14947000,0.185236
14948000,0.17313
14949000,0.181539
14950000,0.181015
14951000,0.175322
14952000,0.176951
14953000,0.173237
14954000,0.179517
14955000,0.167583
14956000,0.173668
14957000,0.175862
14958000,0.178766
14959000,0.180873
14960000,0.183709
14961000,0.184582
14962000,0.176192
14963000,0.169507
14964000,0.184055
14965000,0.177306
14966000,0.168397
14967000,0.182702
14968000,0.184339
14969000,0.180356
14970000,0.166223
14971000,0.169079
14972000,0.166754
14973000,0.171262
14974000,0.169559
14975000,0.17417
14976000,0.174472
14977000,0.169289
14978000,0.181649
14979000,0.181768
14980000,0.172656
14981000,0.181106
14982000,0.174448
14983000,0.177951
14984000,0.174955
14985000,0.176095
14986000,0.177881
14987000,0.176477
14988000,0.176091
14989000,0.1704
14990000,0.177305
14991000,0.173254
14992000,0.167728
14993000,0.175202
14994000,0.175862
14995000,0.177226
14996000,0.185342
14997000,0.180755
14998000,0.176376
14999000,0.179164
15000000,0.172695
15001000,0.179046
15002000,0.173553
15003000,0.170197
15004000,0.1736
15005000,0.177612
15006000,0.170593
15007000,0.177284
15008000,0.172064
15009000,0.17082
15010000,0.16736
15011000,0.173709
15012000,0.170263
15013000,0.157947
15014000,0.168105
15015000,0.165439
15016000,0.172983
15017000,0.167301
15018000,0.162046
15019000,0.172735
15020000,0.166136
15021000,0.163229
15022000,0.16486
15023000,0.16727
15024000,0.168043
15025000,0.164118
15026000,0.164052
15027000,0.166011
15028000,0.168298
15029000,0.157189
15030000,0.170675
15031000,0.167337
15032000,0.160616
15033000,0.165612
15034000,0.168756
15035000,0.168912
15036000,0.174521
15037000,0.167356
15038000,0.161886
15039000,0.160077
15040000,0.16361
15041000,0.167561
15042000,0.16485
15043000,0.175792
15044000,0.167521
15045000,0.170595
15046000,0.174228
15047000,0.165267
15048000,0.168095
15049000,0.169339
15050000,0.161201
15051000,0.165415
15052000,0.165954
15053000,0.162835
15054000,0.162323
15055000,0.165105
15056000,0.166015
15057000,0.164636
15058000,0.16272
15059000,0.170013
15060000,0.163853
15061000,0.167475
15062000,0.163908
15063000,0.165556
15064000,0.163424
15065000,0.161963
15066000,0.160928
15067000,0.165724
15068000,0.171729
15069000,0.168595
15070000,0.166021
15071000,0.165725
15072000,0.163186
15073000,0.17223
15074000,0.166219
15075000,0.167142
15076000,0.160828
15077000,0.162775
15078000,0.165499
15079000,0.165194
15080000,0.16259
15081000,0.164092
15082000,0.166605
15083000,0.169319
15084000,0.177461
15085000,0.159821
15086000,0.164081
15087000,0.160792
15088000,0.1597
15089000,0.160336
15090000,0.172476
15091000,0.162183
15092000,0.162801
15093000,0.164927
15094000,0.163
15095000,0.159529
15096000,0.16425
15097000,0.165738
15098000,0.162514
15099000,0.165398
15100000,0.161033
15101000,0.159949
15102000,0.168992
15103000,0.158572
15104000,0.163664
15105000,0.163046
15106000,0.169097
15107000,0.167852
15108000,0.165473
15109000,0.160808
15110000,0.159811
15111000,0.163866
15112000,0.160797
15113000,0.166016
15114000,0.160646
15115000,0.166598
15116000,0.168946
15117000,0.166851
15118000,0.161811
15119000,0.160956
15120000,0.164777
15121000,0.161862
15122000,0.160297
15123000,0.159726
15124000,0.154244
15125000,0.161478
15126000,0.157741
15127000,0.162103
15128000,0.168284
15129000,0.166243
15130000,0.165424
15131000,0.16212
15132000,0.161148
15133000,0.157343
15134000,0.160649
15135000,0.161502
15136000,0.163978
15137000,0.165385
15138000,0.157201
15139000,0.159229
15140000,0.159157
15141000,0.158757
15142000,0.150713
15143000,0.154602
15144000,0.154344
15145000,0.164
15146000,0.16165
15147000,0.165445
15148000,0.157514
15149000,0.155253
15150000,0.157547
15151000,0.158051
15152000,0.16111
15153000,0.154243
15154000,0.16202
15155000,0.157169
15156000,0.156234
15157000,0.160856
15158000,0.157721
15159000,0.160339
15160000,0.158697
15161000,0.163509
15162000,0.154574
15163000,0.162468
15164000,0.158302
15165000,0.158569
15166000,0.158357
15167000,0.159068
15168000,0.158543
15169000,0.161823
15170000,0.165139
15171000,0.156633
15172000,0.158215
15173000,0.160339
15174000,0.155193
15175000,0.155517
15176000,0.155387
15177000,0.153912
15178000,0.156024
15179000,0.157772
15180000,0.158381
15181000,0.158558
15182000,0.157245
15183000,0.15666
15184000,0.154692
15185000,0.158165
15186000,0.156981
15187000,0.153056
15188000,0.156137
15189000,0.157334
15190000,0.153723
15191000,0.15741
15192000,0.159177
15193000,0.152869
15194000,0.154385
15195000,0.155161
15196000,0.155097
15197000,0.161173
15198000,0.157422
15199000,0.163312
15200000,0.168162
15201000,0.157294
15202000,0.157545
15203000,0.158796
15204000,0.157482
15205000,0.158211
15206000,0.160832
15207000,0.159499
15208000,0.158961
15209000,0.160575
15210000,0.153597
15211000,0.161532
15212000,0.161964
15213000,0.155617
15214000,0.157949
15215000,0.15422
15216000,0.158852
15217000,0.15877
15218000,0.153148
15219000,0.159606
15220000,0.155899
15221000,0.158446
15222000,0.152153
15223000,0.156225
15224000,0.154236
15225000,0.152158
15226000,0.151646
15227000,0.155298
15228000,0.153308
15229000,0.155578
15230000,0.154861
15231000,0.153152
15232000,0.15336
15233000,0.154967
15234000,0.152939
15235000,0.155219
15236000,0.157117
15237000,0.155043
15238000,0.152933
15239000,0.153001
15240000,0.153946
15241000,0.159851
15242000,0.155573
15243000,0.152147
15244000,0.153981
15245000,0.152057
15246000,0.159935
15247000,0.155687
15248000,0.150853
15249000,0.155217
15250000,0.153673
15251000,0.154021
15252000,0.152505
15253000,0.1521
15254000,0.156017
15255000,0.155665
15256000,0.152818
15257000,0.15141
15258000,0.153731
15259000,0.154336
15260000,0.148905
15261000,0.152831
15262000,0.15354
15263000,0.149572
15264000,0.148494
15265000,0.149698
15266000,0.15087
15267000,0.153067
15268000,0.150469
15269000,0.152735
15270000,0.154703
15271000,0.150383
15272000,0.154193
15273000,0.151078
15274000,0.153539
15275000,0.154232
15276000,0.147524
15277000,0.150264
15278000,0.154808
15279000,0.153986
15280000,0.150907
15281000,0.153032
15282000,0.154347
15283000,0.152473
15284000,0.155913
15285000,0.154002
15286000,0.151388
15287000,0.152945
15288000,0.151718
15289000,0.146942
15290000,0.153363
15291000,0.152267
15292000,0.152149
15293000,0.153811
15294000,0.149712
15295000,0.154298
15296000,0.148984
15297000,0.146561
15298000,0.151065
15299000,0.148198
15300000,0.155303
15301000,0.154388
15302000,0.149041
15303000,0.150122
15304000,0.145878
15305000,0.148987
15306000,0.155741
15307000,0.149244
15308000,0.148951
15309000,0.149324
15310000,0.151349
15311000,0.148511
15312000,0.154311
15313000,0.150348
15314000,0.150516
15315000,0.146837
15316000,0.15466
15317000,0.151395
15318000,0.151202
15319000,0.148926
15320000,0.148516
15321000,0.148688
15322000,0.148217
15323000,0.150429
15324000,0.150456
15325000,0.147143
15326000,0.147684
15327000,0.149129
15328000,0.152062
15329000,0.148657
15330000,0.15364
15331000,0.1484
15332000,0.148758
15333000,0.146167
15334000,0.146528
15335000,0.147536
15336000,0.149188
15337000,0.1508
15338000,0.149807
15339000,0.150281
15340000,0.148205
15341000,0.147037
15342000,0.147725
15343000,0.148285
15344000,0.150165
15345000,0.14829
15346000,0.151064
15347000,0.148595
15348000,0.148128
15349000,0.149741
15350000,0.147472
15351000,0.149957
15352000,0.150808
15353000,0.150829
15354000,0.149645
15355000,0.149065
15356000,0.147849
15357000,0.148896
15358000,0.146306
15359000,0.14677
15360000,0.148354
15361000,0.148232
15362000,0.14935
15363000,0.148007
15364000,0.14803
15365000,0.148366
15366000,0.152028
15367000,0.146364
15368000,0.150637
15369000,0.145486
15370000,0.145109
15371000,0.144467
15372000,0.148232
15373000,0.148517
15374000,0.145081
15375000,0.146583
15376000,0.148049
15377000,0.147051
15378000,0.146425
15379000,0.145441
15380000,0.147606
15381000,0.148834
15382000,0.149958
15383000,0.146183
15384000,0.145025
15385000,0.149188
15386000,0.147263
15387000,0.146978
15388000,0.149476
15389000,0.146033
15390000,0.146931
15391000,0.148501
15392000,0.147699
15393000,0.145886
15394000,0.146697
15395000,0.145898
15396000,0.147052
15397000,0.144463
15398000,0.148303
15399000,0.147492
15400000,0.146427
15401000,0.143321
15402000,0.146263
15403000,0.146698
15404000,0.145349
15405000,0.145607
15406000,0.144497
15407000,0.148536
15408000,0.150522
15409000,0.150734
15410000,0.145369
15411000,0.14593
15412000,0.14471
15413000,0.143357
15414000,0.146578
15415000,0.145067
15416000,0.14955
15417000,0.146745
15418000,0.149041
15419000,0.146879
15420000,0.147991
15421000,0.145762
15422000,0.145563
15423000,0.146277
15424000,0.146473
15425000,0.147994
15426000,0.14771
15427000,0.146842
15428000,0.144464
15429000,0.147781
15430000,0.148762
15431000,0.148089
15432000,0.145538
15433000,0.147
15434000,0.144596
15435000,0.143817
15436000,0.145901
15437000,0.146061
15438000,0.144997
15439000,0.14707
15440000,0.148474
15441000,0.145233
15442000,0.14655
15443000,0.146487
15444000,0.146673
15445000,0.145356
15446000,0.147256
15447000,0.146021
15448000,0.14717
15449000,0.144306
15450000,0.146753
15451000,0.147542
15452000,0.144924
15453000,0.144673
15454000,0.145409
15455000,0.14505
15456000,0.146449
15457000,0.14462
15458000,0.147544
15459000,0.145011
15460000,0.144312
15461000,0.145848
15462000,0.145368
15463000,0.146687
15464000,0.14432
15465000,0.146829
15466000,0.146599
15467000,0.146111
15468000,0.14773
15469000,0.144559
15470000,0.147238
15471000,0.144538
15472000,0.14574
15473000,0.146664
15474000,0.146093
15475000,0.144889
15476000,0.144023
15477000,0.145718
15478000,0.146588
15479000,0.143386
15480000,0.144777
15481000,0.14466
15482000,0.144144
15483000,0.144864
15484000,0.144765
15485000,0.14591
15486000,0.144333
15487000,0.146296
15488000,0.144533
15489000,0.145725
15490000,0.144627
15491000,0.145127
15492000,0.14524
15493000,0.145418
15494000,0.145047
15495000,0.146999
15496000,0.142655
15497000,0.146596
15498000,0.144496
15499000,0.142867
15500000,0.143571
15501000,0.14631
15502000,0.146985
15503000,0.145251
15504000,0.144053
15505000,0.146019
15506000,0.143455
15507000,0.147125
15508000,0.144676
15509000,0.143391
15510000,0.144796
15511000,0.145177
15512000,0.145789
15513000,0.143478
15514000,0.146015
15515000,0.144043
15516000,0.143536
15517000,0.143419
15518000,0.143755
15519000,0.145149
15520000,0.141837
15521000,0.14346
15522000,0.144324
15523000,0.143243
15524000,0.143597
15525000,0.144365
15526000,0.145055
15527000,0.144071
15528000,0.144179
15529000,0.147582
15530000,0.144017
15531000,0.145448
15532000,0.146473
15533000,0.144893
15534000,0.146866
15535000,0.143237
15536000,0.145095
15537000,0.143204
15538000,0.144285
15539000,0.146037
15540000,0.143693
15541000,0.144968
15542000,0.143885
15543000,0.142795
15544000,0.143374
15545000,0.145308
15546000,0.143642
15547000,0.144782
15548000,0.142863
15549000,0.143736
15550000,0.145071
15551000,0.145174
15552000,0.144798
15553000,0.145054
15554000,0.146016
15555000,0.143225
15556000,0.144567
15557000,0.142738
15558000,0.143826
15559000,0.14485
15560000,0.144004
15561000,0.145049
15562000,0.143673
15563000,0.143198
15564000,0.144462
15565000,0.143762
15566000,0.143177
15567000,0.143305
15568000,0.143225
15569000,0.143852
15570000,0.14404
15571000,0.145095
15572000,0.144158
15573000,0.144252
15574000,0.144425
15575000,0.145154
15576000,0.144142
15577000,0.142443
15578000,0.143977
15579000,0.14393
15580000,0.144442
15581000,0.144109
15582000,0.144273
15583000,0.143473
15584000,0.143183
15585000,0.142244
15586000,0.142296
15587000,0.14341
15588000,0.143554
15589000,0.142762
15590000,0.142941
15591000,0.143411
15592000,0.142863
15593000,0.144249
15594000,0.144028
15595000,0.145216
15596000,0.143519
15597000,0.142778
15598000,0.143804
15599000,0.144185
15600000,0.142132
15601000,0.142806
15602000,0.143854
15603000,0.143715
15604000,0.142599
15605000,0.143779
15606000,0.142775
15607000,0.142518
15608000,0.143055
15609000,0.142789
15610000,0.144593
15611000,0.142091
15612000,0.143494
15613000,0.14328
15614000,0.143691
15615000,0.141449
15616000,0.144057
15617000,0.14474
15618000,0.143745
15619000,0.144286
15620000,0.141808
15621000,0.142875
15622000,0.142886
15623000,0.143502
15624000,0.143345
15625000,0.142778
15626000,0.142554
15627000,0.143363
15628000,0.142161
15629000,0.142911
15630000,0.141862
15631000,0.143226
15632000,0.14234
15633000,0.143812
15634000,0.143548
15635000,0.141069
15636000,0.143184
15637000,0.143835
15638000,0.144001
15639000,0.14249
15640000,0.141396
15641000,0.141836
15642000,0.143009
15643000,0.142351
15644000,0.142854
15645000,0.141612
15646000,0.143837
15647000,0.143102
15648000,0.142562
15649000,0.142854
15650000,0.142129
15651000,0.142223
15652000,0.142202
15653000,0.142174
15654000,0.142365
15655000,0.14354
15656000,0.143222
15657000,0.141829
15658000,0.141872
15659000,0.142398
15660000,0.142972
15661000,0.141916
15662000,0.142514
15663000,0.142406
15664000,0.142091
15665000,0.142729
15666000,0.143249
15667000,0.142425
15668000,0.141373
15669000,0.141577
15670000,0.141753
15671000,0.142157
15672000,0.143161
15673000,0.142548
15674000,0.142756
15675000,0.141687
15676000,0.142023
15677000,0.143217
15678000,0.141591
15679000,0.142562
15680000,0.14113
15681000,0.142824
15682000,0.141424
15683000,0.140801
15684000,0.142245
15685000,0.141756
15686000,0.141492
15687000,0.142821
15688000,0.142874
15689000,0.142214
15690000,0.141687
15691000,0.14248
15692000,0.142377
15693000,0.142111
15694000,0.141782
15695000,0.140923
15696000,0.1414
15697000,0.143164
15698000,0.142065
15699000,0.141771
15700000,0.141636
15701000,0.141759
15702000,0.142838
15703000,0.142328
15704000,0.141418
15705000,0.141354
15706000,0.142068
15707000,0.142019
15708000,0.141439
15709000,0.141464
15710000,0.141732
15711000,0.141827
15712000,0.141663
15713000,0.141711
15714000,0.142289
15715000,0.142187
15716000,0.141852
15717000,0.141678
15718000,0.141481
15719000,0.142238
15720000,0.142148
15721000,0.142749
15722000,0.142049
15723000,0.1417
15724000,0.141869
15725000,0.14114
15726000,0.141958
15727000,0.1413
15728000,0.14124
15729000,0.142065
15730000,0.141163
15731000,0.142189
15732000,0.140971
15733000,0.141738
15734000,0.141798
15735000,0.141568
15736000,0.141355
15737000,0.142156
15738000,0.141055
15739000,0.140983
15740000,0.141559
15741000,0.141356
15742000,0.140775
15743000,0.141329
15744000,0.141762
15745000,0.141402
15746000,0.141854
15747000,0.140865
15748000,0.141605
15749000,0.141804
15750000,0.141189
15751000,0.141466
15752000,0.141809
15753000,0.141631
15754000,0.141484
15755000,0.141839
15756000,0.141388
15757000,0.142077
15758000,0.141227
15759000,0.141952
15760000,0.141751
15761000,0.141619
15762000,0.141781
15763000,0.141598
15764000,0.141168
15765000,0.141897
15766000,0.141569
15767000,0.14159
15768000,0.141464
15769000,0.14208
15770000,0.142094
15771000,0.141451
15772000,0.141301
15773000,0.141493
15774000,0.141557
15775000,0.140928
15776000,0.141071
15777000,0.141854
15778000,0.141462
15779000,0.141245
15780000,0.141103
15781000,0.141602
15782000,0.140651
15783000,0.141068
15784000,0.141486
15785000,0.141022
15786000,0.141327
15787000,0.140714
15788000,0.141096
15789000,0.141184
15790000,0.141236
15791000,0.140932
15792000,0.140963
15793000,0.140638
15794000,0.140843
15795000,0.141018
15796000,0.141449
15797000,0.141399
15798000,0.141715
15799000,0.141417
15800000,0.141406
15801000,0.140991
15802000,0.141017
15803000,0.141421
15804000,0.141071
15805000,0.141176
15806000,0.141366
15807000,0.141199
15808000,0.141101
15809000,0.141483
15810000,0.140834
15811000,0.14071
15812000,0.140985
15813000,0.140849
15814000,0.140799
15815000,0.141054
15816000,0.141354
15817000,0.140937
15818000,0.140815
15819000,0.140861
15820000,0.140721
15821000,0.141231
15822000,0.140818
15823000,0.140884
15824000,0.141308
15825000,0.140728
15826000,0.140544
15827000,0.140982
15828000,0.140957
15829000,0.140574
15830000,0.14083
15831000,0.140953
15832000,0.140994
15833000,0.140671
15834000,0.140819
15835000,0.140667
15836000,0.140732
15837000,0.140618
15838000,0.140601
15839000,0.140726
15840000,0.140685
15841000,0.140943
15842000,0.140917
15843000,0.140865
15844000,0.140837
15845000,0.140922
15846000,0.140605
15847000,0.140697
15848000,0.140722
15849000,0.140741
15850000,0.140455
15851000,0.140754
15852000,0.140816
15853000,0.140599
15854000,0.140792
15855000,0.140801
15856000,0.140822
15857000,0.140614
15858000,0.140612
15859000,0.140601
15860000,0.140612
15861000,0.140413
15862000,0.140611
15863000,0.140639
15864000,0.140537
15865000,0.140743
15866000,0.140461
15867000,0.141052
15868000,0.140834
15869000,0.140716
15870000,0.140692
15871000,0.140689
15872000,0.140635
15873000,0.140404
15874000,0.1405
15875000,0.140728
15876000,0.14058
15877000,0.14065
15878000,0.140661
15879000,0.140678
15880000,0.140633
15881000,0.14068
15882000,0.140586
15883000,0.140491
15884000,0.140555
15885000,0.140764
15886000,0.140789
15887000,0.140676
15888000,0.140747
15889000,0.1406
15890000,0.140792
15891000,0.140668
15892000,0.140574
15893000,0.140431
15894000,0.140596
15895000,0.140705
15896000,0.140723
15897000,0.140454
15898000,0.140501
15899000,0.140344
15900000,0.14039
15901000,0.140399
15902000,0.140345
15903000,0.140601
15904000,0.140399
15905000,0.140367
15906000,0.140551
15907000,0.140355
15908000,0.140603
15909000,0.140238
15910000,0.140555
15911000,0.140635
15912000,0.14034
15913000,0.140286
15914000,0.140355
15915000,0.140526
15916000,0.140402
15917000,0.140263
15918000,0.140175
15919000,0.140628
15920000,0.140284
15921000,0.140528
15922000,0.140318
15923000,0.14067
15924000,0.140519
15925000,0.140301
15926000,0.14036
15927000,0.140353
15928000,0.140327
15929000,0.14022
15930000,0.140544
15931000,0.140501
15932000,0.14028
15933000,0.140302
15934000,0.140458
15935000,0.140439
15936000,0.140411
15937000,0.140473
15938000,0.140421
15939000,0.140281
15940000,0.140411
15941000,0.140423
15942000,0.140398
15943000,0.140234
15944000,0.140603
15945000,0.140259
15946000,0.140346
15947000,0.140302
15948000,0.140393
15949000,0.140331
15950000,0.14043
15951000,0.140279
15952000,0.140368
15953000,0.140205
15954000,0.140272
15955000,0.140469
15956000,0.140428
15957000,0.140324
15958000,0.140403
15959000,0.140374
15960000,0.140235
15961000,0.140364
15962000,0.140364
15963000,0.140424
15964000,0.140402
15965000,0.140121
15966000,0.140326
15967000,0.140263
15968000,0.140124
15969000,0.140446
15970000,0.140189
15971000,0.140427
15972000,0.140145
15973000,0.140115
15974000,0.140357
15975000,0.140312
15976000,0.140195
15977000,0.140161
15978000,0.140194
15979000,0.140304
15980000,0.140326
15981000,0.140239
15982000,0.140253
15983000,0.140215
15984000,0.140262
15985000,0.140225
15986000,0.140229
15987000,0.140176
15988000,0.140289
15989000,0.140186
15990000,0.140167
15991000,0.140389
15992000,0.140306
15993000,0.140272
15994000,0.140183
15995000,0.140172
15996000,0.140219
15997000,0.14029
15998000,0.140126
15999000,0.140153
16000000,0.140249
16001000,0.140285
16002000,0.140232
16003000,0.140171
16004000,0.140239
16005000,0.140151
16006000,0.140158
16007000,0.140159
16008000,0.140129
16009000,0.140157
16010000,0.140229
16011000,0.140155
16012000,0.140168
16013000,0.140088
16014000,0.140133
16015000,0.140168
16016000,0.140115
16017000,0.140139
16018000,0.140168
16019000,0.140113
16020000,0.140085
16021000,0.140139
16022000,0.140108
16023000,0.14012
16024000,0.140142
16025000,0.140091
16026000,0.140144
16027000,0.140128
16028000,0.140095
16029000,0.140101
16030000,0.140088
16031000,0.140097
16032000,0.140055
16033000,0.140082
16034000,0.140143
16035000,0.140198
16036000,0.140111
16037000,0.140096
16038000,0.140141
16039000,0.140089
16040000,0.140064
16041000,0.140089
16042000,0.140043
16043000,0.140096
16044000,0.140065
16045000,0.140069
16046000,0.140065
16047000,0.140073
16048000,0.140089
16049000,0.140052
16050000,0.140038
16051000,0.140045
16052000,0.140053
16053000,0.140032
16054000,0.140039
16055000,0.140065
16056000,0.140082
16057000,0.140053
16058000,0.140035
16059000,0.140079
16060000,0.140035
16061000,0.140042
16062000,0.140045
16063000,0.140045
16064000,0.140051
16065000,0.140035
16066000,0.140051
16067000,0.140055
16068000,0.140037
16069000,0.140044
16070000,0.140039
16071000,0.140029
16072000,0.140035
16073000,0.140046
16074000,0.140057
16075000,0.140037
16076000,0.140039
16077000,0.140031
16078000,0.140039
16079000,0.140042
16080000,0.140061
16081000,0.140041
16082000,0.140065
16083000,0.140062
16084000,0.140052
16085000,0.140045
16086000,0.140051
16087000,0.140035
16088000,0.140039
16089000,0.140057
