accepted,cost
1000,3.11717e+06
2000,3.70311e+06
3000,3.41901e+06
4000,3.50357e+06
5000,3.97013e+06
6000,3.83523e+06
7000,3.67871e+06
8000,3.61562e+06
9000,3.40559e+06
10000,4.11848e+06
11000,3.47682e+06
12000,4.584e+06
13000,3.54886e+06
14000,3.2965e+06
15000,4.05561e+06
16000,3.52055e+06
17000,2.68622e+06
18000,3.46295e+06
19000,4.32974e+06
20000,3.27704e+06
21000,3.25942e+06
22000,4.14498e+06
23000,3.22874e+06
24000,4.58414e+06
25000,2.41831e+06
26000,3.18081e+06
27000,3.32203e+06
28000,4.60449e+06
29000,4.42754e+06
30000,4.1984e+06
31000,3.78626e+06
32000,3.63715e+06
33000,4.15095e+06
34000,3.57372e+06
35000,3.74079e+06
36000,3.86656e+06
37000,3.89646e+06
38000,4.09779e+06
39000,3.77053e+06
40000,3.20541e+06
41000,3.21424e+06
42000,3.04098e+06
43000,4.89899e+06
44000,3.32336e+06
45000,3.88209e+06
46000,3.26311e+06
47000,2.54731e+06
48000,3.6039e+06
49000,3.19159e+06
50000,2.50033e+06
51000,3.47694e+06
52000,3.2408e+06
53000,3.10293e+06
54000,3.70689e+06
55000,4.18577e+06
56000,4.02367e+06
57000,3.06356e+06
58000,3.92586e+06
59000,3.77911e+06
60000,3.15815e+06
61000,4.2423e+06
62000,3.0683e+06
63000,3.14626e+06
64000,3.79061e+06
65000,3.21238e+06
66000,2.75308e+06
67000,3.34726e+06
68000,3.43565e+06
69000,3.31332e+06
70000,3.52473e+06
71000,3.70474e+06
72000,3.80846e+06
73000,4.02956e+06
74000,3.17894e+06
75000,4.55237e+06
76000,3.52951e+06
77000,4.03996e+06
78000,4.00015e+06
79000,3.00488e+06
80000,3.85132e+06
81000,2.93634e+06
82000,3.83998e+06
83000,3.13939e+06
84000,3.59476e+06
85000,3.88289e+06
86000,3.65657e+06
87000,2.96411e+06
88000,2.81191e+06
89000,3.28578e+06
90000,3.05995e+06
91000,3.93708e+06
92000,2.91801e+06
93000,3.41024e+06
94000,3.95049e+06
95000,3.60681e+06
96000,3.05243e+06
97000,3.48016e+06
98000,4.1938e+06
99000,4.80426e+06
100000,4.32963e+06
101000,3.26842e+06
102000,4.00022e+06
103000,2.11105e+06
104000,3.35371e+06
105000,3.41418e+06
106000,3.05781e+06
107000,3.01284e+06
108000,2.99971e+06
109000,2.44901e+06
110000,3.41377e+06
111000,3.47951e+06
112000,3.59146e+06
113000,3.47201e+06
114000,4.15097e+06
115000,3.12874e+06
116000,2.85122e+06
117000,3.20597e+06
118000,3.24945e+06
119000,3.9503e+06
120000,3.64317e+06
121000,3.13817e+06
122000,3.90907e+06
123000,2.62094e+06
124000,2.7334e+06
125000,3.5633e+06
126000,2.7377e+06
127000,2.67895e+06
128000,3.34364e+06
129000,2.3733e+06
130000,3.09765e+06
131000,2.74962e+06
132000,3.19781e+06
133000,3.13515e+06
134000,3.12083e+06
135000,3.30942e+06
136000,4.0685e+06
137000,1.91367e+06
138000,3.26668e+06
139000,3.14613e+06
140000,4.53519e+06
141000,2.70156e+06
142000,3.5964e+06
143000,2.34585e+06
144000,4.11897e+06
145000,3.76647e+06
146000,3.1287e+06
147000,2.24023e+06
148000,3.54159e+06
149000,3.198e+06
150000,3.63612e+06
151000,3.89081e+06
152000,3.54758e+06
153000,3.00769e+06
154000,3.54224e+06
155000,2.59361e+06
156000,3.93676e+06
157000,3.76843e+06
158000,3.79112e+06
159000,3.0529e+06
160000,3.03659e+06
161000,4.18826e+06
162000,2.38036e+06
163000,3.36092e+06
164000,3.66906e+06
165000,3.75567e+06
166000,2.5165e+06
167000,3.4346e+06
168000,2.51363e+06
169000,3.64023e+06
170000,2.38587e+06
171000,3.0159e+06
172000,4.12879e+06
173000,2.88341e+06
174000,4.11324e+06
175000,2.7375e+06
176000,2.73251e+06
177000,3.6714e+06
178000,3.36218e+06
179000,3.76774e+06
180000,3.91385e+06
181000,3.59032e+06
182000,3.73755e+06
183000,3.47793e+06
184000,3.3028e+06
185000,3.16505e+06
186000,3.28944e+06
187000,3.42805e+06
188000,2.33486e+06
189000,3.24816e+06
190000,1.96365e+06
191000,3.64935e+06
192000,3.85799e+06
193000,4.01542e+06
194000,3.18994e+06
195000,3.59232e+06
196000,3.58866e+06
197000,2.66018e+06
198000,2.91325e+06
199000,2.08172e+06
200000,2.5222e+06
201000,3.86543e+06
202000,3.16671e+06
203000,3.09661e+06
204000,3.65798e+06
205000,3.27799e+06
206000,3.54203e+06
207000,3.49388e+06
208000,3.81555e+06
209000,2.74832e+06
210000,2.84028e+06
211000,2.9159e+06
212000,3.08931e+06
213000,2.89157e+06
214000,1.97803e+06
215000,2.74232e+06
216000,3.10078e+06
217000,3.22083e+06
218000,3.66768e+06
219000,3.90887e+06
220000,3.39073e+06
221000,3.78564e+06
222000,2.70525e+06
223000,3.10349e+06
224000,3.2235e+06
225000,2.03053e+06
226000,3.64459e+06
227000,3.33372e+06
228000,3.66741e+06
229000,2.82631e+06
230000,3.25902e+06
231000,2.33612e+06
232000,2.80014e+06
233000,2.37485e+06
234000,2.52133e+06
235000,4.36925e+06
236000,2.87881e+06
237000,1.53153e+06
238000,3.2231e+06
239000,3.85833e+06
240000,3.20542e+06
241000,2.90076e+06
242000,2.78842e+06
243000,2.08799e+06
244000,2.56581e+06
245000,3.39911e+06
246000,3.71874e+06
247000,2.75711e+06
248000,3.54374e+06
249000,3.15271e+06
250000,3.53095e+06
251000,2.53693e+06
252000,3.31e+06
253000,2.89077e+06
254000,2.37157e+06
255000,2.99865e+06
256000,2.89061e+06
257000,3.19051e+06
258000,3.59109e+06
259000,3.03654e+06
260000,3.03793e+06
261000,2.61097e+06
262000,2.73657e+06
263000,2.37963e+06
264000,3.30824e+06
265000,3.29768e+06
266000,2.73617e+06
267000,3.27243e+06
268000,1.91585e+06
269000,2.67718e+06
270000,2.13151e+06
271000,3.45611e+06
272000,4.45389e+06
273000,2.53849e+06
274000,3.15083e+06
275000,3.0634e+06
276000,3.34479e+06
277000,3.02566e+06
278000,3.62641e+06
279000,3.75218e+06
280000,3.06091e+06
281000,2.0426e+06
282000,3.76399e+06
283000,2.96344e+06
284000,2.49779e+06
285000,3.34475e+06
286000,2.65104e+06
287000,4.0516e+06
288000,2.06648e+06
289000,2.91385e+06
290000,2.949e+06
291000,2.25875e+06
292000,3.2595e+06
293000,3.20186e+06
294000,3.1216e+06
295000,2.54474e+06
296000,3.04029e+06
297000,2.50957e+06
298000,3.6753e+06
299000,2.88603e+06
300000,2.68566e+06
301000,1.84171e+06
302000,2.92361e+06
303000,3.49142e+06
304000,2.73619e+06
305000,3.658e+06
306000,3.47113e+06
307000,3.13069e+06
308000,3.19972e+06
309000,2.53431e+06
310000,3.23233e+06
311000,2.89961e+06
312000,2.484e+06
313000,3.25314e+06
314000,2.75651e+06
315000,2.68929e+06
316000,3.11052e+06
317000,2.85359e+06
318000,2.66941e+06
319000,3.01961e+06
320000,2.99217e+06
321000,2.82299e+06
322000,3.01943e+06
323000,2.34508e+06
324000,3.04057e+06
325000,2.26809e+06
326000,2.78122e+06
327000,2.78584e+06
328000,2.8286e+06
329000,2.43756e+06
330000,2.83023e+06
331000,3.96216e+06
332000,3.49915e+06
333000,2.90378e+06
334000,2.79799e+06
335000,3.11751e+06
336000,3.16172e+06
337000,2.26504e+06
338000,3.30834e+06
339000,3.08302e+06
340000,2.66753e+06
341000,2.781e+06
342000,2.91859e+06
343000,2.82257e+06
344000,3.77422e+06
345000,2.32376e+06
346000,2.45525e+06
347000,3.10111e+06
348000,3.25771e+06
349000,3.19642e+06
350000,2.4803e+06
351000,3.17314e+06
352000,3.602e+06
353000,3.13888e+06
354000,2.36354e+06
355000,2.77343e+06
356000,3.06945e+06
357000,2.55986e+06
358000,3.11753e+06
359000,2.66162e+06
360000,2.84769e+06
361000,2.15359e+06
362000,2.6245e+06
363000,3.90182e+06
364000,3.1707e+06
365000,2.21284e+06
366000,3.18738e+06
367000,1.94928e+06
368000,1.86161e+06
369000,2.9258e+06
370000,3.25611e+06
371000,3.61919e+06
372000,3.41855e+06
373000,2.34155e+06
374000,2.89613e+06
375000,2.49572e+06
376000,2.7879e+06
377000,3.27238e+06
378000,3.31839e+06
379000,2.63379e+06
380000,2.56239e+06
381000,2.9475e+06
382000,2.36836e+06
383000,2.6951e+06
384000,3.36484e+06
385000,2.16259e+06
386000,3.04388e+06
387000,2.87904e+06
388000,2.91494e+06
389000,2.70921e+06
390000,2.45533e+06
391000,3.62415e+06
392000,1.35322e+06
393000,2.60871e+06
394000,2.54813e+06
395000,2.64039e+06
396000,3.08306e+06
397000,2.76812e+06
398000,2.65684e+06
399000,3.36264e+06
400000,2.44209e+06
401000,2.60417e+06
402000,2.93173e+06
403000,2.10279e+06
404000,2.49039e+06
405000,2.12614e+06
406000,2.65555e+06
407000,3.41382e+06
408000,2.68206e+06
409000,1.60873e+06
410000,3.28818e+06
411000,2.7131e+06
412000,2.58298e+06
413000,2.33121e+06
414000,2.57103e+06
415000,2.40294e+06
416000,2.38804e+06
417000,2.90156e+06
418000,2.63985e+06
419000,3.3123e+06
420000,2.56963e+06
421000,1.84801e+06
422000,2.35388e+06
423000,1.97969e+06
424000,3.00239e+06
425000,2.48685e+06
426000,2.9116e+06
427000,2.12379e+06
428000,3.23294e+06
429000,2.84841e+06
430000,2.14558e+06
431000,2.32532e+06
432000,2.18399e+06
433000,3.0553e+06
434000,1.73303e+06
435000,2.61348e+06
436000,1.44498e+06
437000,2.84851e+06
438000,2.53409e+06
439000,2.01092e+06
440000,2.97326e+06
441000,1.96146e+06
442000,3.20446e+06
443000,2.64455e+06
444000,1.74318e+06
445000,2.92516e+06
446000,3.15663e+06
447000,3.25618e+06
448000,2.10682e+06
449000,3.20483e+06
450000,3.07837e+06
451000,2.43602e+06
452000,2.43946e+06
453000,2.60445e+06
454000,2.59924e+06
455000,3.60487e+06
456000,2.87857e+06
457000,2.84455e+06
458000,1.84582e+06
459000,2.25284e+06
460000,3.35134e+06
461000,2.42168e+06
462000,3.26189e+06
463000,3.12292e+06
464000,1.99432e+06
465000,1.93016e+06
466000,2.62144e+06
467000,1.39748e+06
468000,3.23073e+06
469000,2.39802e+06
470000,1.86248e+06
471000,2.27157e+06
472000,2.76469e+06
473000,2.54496e+06
474000,2.42332e+06
475000,2.84427e+06
476000,2.30821e+06
477000,2.79585e+06
478000,2.71635e+06
479000,1.82377e+06
480000,2.44216e+06
481000,2.1886e+06
482000,2.54854e+06
483000,3.44072e+06
484000,2.01976e+06
485000,2.10817e+06
486000,2.39551e+06
487000,2.38505e+06
488000,2.38241e+06
489000,2.56843e+06
490000,2.08299e+06
491000,2.41751e+06
492000,2.90508e+06
493000,2.18862e+06
494000,2.52226e+06
495000,2.70959e+06
496000,2.78884e+06
497000,3.03886e+06
498000,2.19511e+06
499000,3.11018e+06
500000,2.03704e+06
501000,3.07284e+06
502000,3.12727e+06
503000,2.79375e+06
504000,2.06783e+06
505000,3.37746e+06
506000,1.27645e+06
507000,3.04621e+06
508000,1.63141e+06
509000,2.62592e+06
510000,2.51503e+06
511000,1.32276e+06
512000,2.44408e+06
513000,2.65759e+06
514000,2.53283e+06
515000,2.23514e+06
516000,2.36713e+06
517000,1.61696e+06
518000,2.4614e+06
519000,2.12884e+06
520000,2.00849e+06
521000,1.96348e+06
522000,2.4375e+06
523000,2.5974e+06
524000,1.59377e+06
525000,2.00056e+06
526000,2.43577e+06
527000,3.15842e+06
528000,2.1277e+06
529000,2.3858e+06
530000,2.86495e+06
531000,2.79754e+06
532000,3.45782e+06
533000,2.73317e+06
534000,2.51918e+06
535000,1.60497e+06
536000,2.01479e+06
537000,2.48361e+06
538000,2.68102e+06
539000,2.09583e+06
540000,3.55047e+06
541000,2.35517e+06
542000,2.64496e+06
543000,1.97541e+06
544000,1.59345e+06
545000,2.07794e+06
546000,2.88916e+06
547000,2.19765e+06
548000,2.20917e+06
549000,2.99712e+06
550000,2.35159e+06
551000,1.98669e+06
552000,2.20727e+06
553000,1.56729e+06
554000,1.20451e+06
555000,2.24362e+06
556000,2.43585e+06
557000,2.0406e+06
558000,1.09313e+06
559000,2.58619e+06
560000,2.03951e+06
561000,2.24792e+06
562000,2.00517e+06
563000,2.25017e+06
564000,1.85219e+06
565000,1.80717e+06
566000,2.56677e+06
567000,2.72999e+06
568000,1.89377e+06
569000,2.45861e+06
570000,1.62415e+06
571000,1.95833e+06
572000,2.09548e+06
573000,2.1531e+06
574000,2.12135e+06
575000,2.61108e+06
576000,2.7961e+06
577000,2.41556e+06
578000,1.89052e+06
579000,2.44768e+06
580000,2.14196e+06
581000,1.8693e+06
582000,1.90917e+06
583000,1.98422e+06
584000,1.59784e+06
585000,2.30032e+06
586000,2.00493e+06
587000,1.45976e+06
588000,1.53384e+06
589000,2.13565e+06
590000,2.69194e+06
591000,3.38144e+06
592000,1.81504e+06
593000,2.52549e+06
594000,2.09896e+06
595000,1.86714e+06
596000,1.64444e+06
597000,2.88867e+06
598000,2.40801e+06
599000,2.3427e+06
600000,2.8552e+06
601000,2.31238e+06
602000,2.26762e+06
603000,1.85431e+06
604000,2.14549e+06
605000,2.24844e+06
606000,2.48543e+06
607000,1.72328e+06
608000,2.72373e+06
609000,1.82084e+06
610000,1.18756e+06
611000,1.52285e+06
612000,1.70499e+06
613000,1.88251e+06
614000,2.53433e+06
615000,1.66315e+06
616000,3.13171e+06
617000,1.59828e+06
618000,1.50371e+06
619000,2.44739e+06
620000,2.37418e+06
621000,2.82796e+06
622000,2.12146e+06
623000,1.79434e+06
624000,1.49998e+06
625000,1.9516e+06
626000,2.67543e+06
627000,2.20647e+06
628000,1.84657e+06
629000,1.7679e+06
630000,2.26791e+06
631000,1.45552e+06
632000,2.24835e+06
633000,1.46703e+06
634000,1.79698e+06
635000,2.82782e+06
636000,1.46783e+06
637000,1.55356e+06
638000,1.10211e+06
639000,2.01409e+06
640000,2.3334e+06
641000,1.94801e+06
642000,1.48859e+06
643000,2.44246e+06
644000,1.88558e+06
645000,1.67131e+06
646000,2.1297e+06
647000,1.78293e+06
648000,1.73367e+06
649000,2.55176e+06
650000,1.87264e+06
651000,1.76473e+06
652000,2.48348e+06
653000,1.61551e+06
654000,2.28525e+06
655000,2.12449e+06
656000,2.09134e+06
657000,1.40417e+06
658000,2.85144e+06
659000,1.67729e+06
660000,1.18093e+06
661000,2.04463e+06
662000,1.77114e+06
663000,1.53793e+06
664000,941886
665000,1.78959e+06
666000,1.66837e+06
667000,1.94155e+06
668000,1.96673e+06
669000,1.37413e+06
670000,1.84283e+06
671000,1.82341e+06
672000,1.82004e+06
673000,1.65536e+06
674000,1.49042e+06
675000,1.40589e+06
676000,1.88343e+06
677000,1.21142e+06
678000,2.09204e+06
679000,2.18205e+06
680000,2.27104e+06
681000,1.82436e+06
682000,2.00948e+06
683000,1.91647e+06
684000,1.68102e+06
685000,1.50148e+06
686000,1.82292e+06
687000,2.36233e+06
688000,1.39645e+06
689000,1.84483e+06
690000,1.33185e+06
691000,2.36054e+06
692000,1.7634e+06
693000,2.41599e+06
694000,2.0838e+06
695000,1.83367e+06
696000,1.41623e+06
697000,1.29662e+06
698000,1.65879e+06
699000,807466
700000,2.0659e+06
701000,1.67843e+06
702000,1.49379e+06
703000,828742
704000,1.58701e+06
705000,1.69558e+06
706000,1.95858e+06
707000,2.00121e+06
708000,2.10209e+06
709000,1.61463e+06
710000,2.32081e+06
711000,1.54135e+06
712000,1.3823e+06
713000,1.95551e+06
714000,1.7119e+06
715000,1.66584e+06
716000,1.98871e+06
717000,1.88475e+06
718000,1.74985e+06
719000,2.10042e+06
720000,1.98716e+06
721000,1.642e+06
722000,1.51414e+06
723000,1.38105e+06
724000,1.78893e+06
725000,2.01504e+06
726000,1.62263e+06
727000,1.19944e+06
728000,1.30566e+06
729000,1.08384e+06
730000,1.39489e+06
731000,2.16765e+06
732000,1.14464e+06
733000,2.0714e+06
734000,2.10621e+06
735000,2.12781e+06
736000,1.1037e+06
737000,1.54654e+06
738000,1.99342e+06
739000,1.5321e+06
740000,944746
741000,1.68633e+06
742000,1.77928e+06
743000,1.3466e+06
744000,2.12949e+06
745000,2.37965e+06
746000,2.04783e+06
747000,1.90075e+06
748000,1.25008e+06
749000,2.23779e+06
750000,1.65148e+06
751000,2.05467e+06
752000,1.24711e+06
753000,1.25624e+06
754000,938853
755000,1.5095e+06
756000,1.84916e+06
757000,1.55967e+06
758000,2.03312e+06
759000,1.98392e+06
760000,2.09772e+06
761000,1.76684e+06
762000,1.33525e+06
763000,1.37619e+06
764000,1.4025e+06
765000,1.03829e+06
766000,975813
767000,907363
768000,1.68622e+06
769000,1.29373e+06
770000,1.1002e+06
771000,1.35386e+06
772000,1.79351e+06
773000,891799
774000,1.62545e+06
775000,2.12328e+06
776000,1.80121e+06
777000,1.2773e+06
778000,1.69831e+06
779000,1.58058e+06
780000,1.2276e+06
781000,1.29488e+06
782000,1.62062e+06
783000,1.84055e+06
784000,1.04634e+06
785000,1.82577e+06
786000,1.80735e+06
787000,1.24495e+06
788000,905357
789000,1.45125e+06
790000,2.27492e+06
791000,2.05805e+06
792000,1.30585e+06
793000,1.2644e+06
794000,1.42905e+06
795000,2.10796e+06
796000,920340
797000,1.30303e+06
798000,1.83863e+06
799000,1.51434e+06
800000,1.31933e+06
801000,1.75363e+06
802000,1.98594e+06
803000,1.4375e+06
804000,1.80045e+06
805000,1.6094e+06
806000,1.16157e+06
807000,2.07014e+06
808000,1.41993e+06
809000,1.39169e+06
810000,1.35011e+06
811000,1.61887e+06
812000,707479
813000,998718
814000,1.53859e+06
815000,1.23298e+06
816000,1.29138e+06
817000,852772
818000,1.60859e+06
819000,1.34693e+06
820000,1.6842e+06
821000,1.42208e+06
822000,1.64797e+06
823000,834533
824000,1.2142e+06
825000,1.26407e+06
826000,1.25307e+06
827000,1.86339e+06
828000,1.14171e+06
829000,1.3618e+06
830000,1.31631e+06
831000,1.20178e+06
832000,1.42407e+06
833000,2.26884e+06
834000,1.0904e+06
835000,2.06653e+06
836000,1.80832e+06
837000,1.31326e+06
838000,893896
839000,1.38238e+06
840000,1.25467e+06
841000,1.2431e+06
842000,1.47749e+06
843000,1.05341e+06
844000,841242
845000,1.54629e+06
846000,1.75811e+06
847000,866732
848000,1.64881e+06
849000,1.02882e+06
850000,1.2235e+06
851000,1.31798e+06
852000,624026
853000,1.37037e+06
854000,1.04041e+06
855000,1.35005e+06
856000,1.45535e+06
857000,639120
858000,1.33356e+06
859000,1.85223e+06
860000,970930
861000,1.91154e+06
862000,1.90118e+06
863000,872945
864000,1.46626e+06
865000,1.35814e+06
866000,890654
867000,755984
868000,965448
869000,1.08006e+06
870000,1.88789e+06
871000,1.13882e+06
872000,1.97752e+06
873000,776009
874000,1.54537e+06
875000,2.001e+06
876000,1.57472e+06
877000,957243
878000,931585
879000,834193
880000,1.8027e+06
881000,791941
882000,1.15319e+06
883000,1.79753e+06
884000,1.74437e+06
885000,1.31403e+06
886000,943588
887000,1.81482e+06
888000,1.6296e+06
889000,773574
890000,1.083e+06
891000,1.47311e+06
892000,810859
893000,722989
894000,556318
895000,1.37008e+06
896000,1.16138e+06
897000,1.51604e+06
898000,1.49709e+06
899000,1.64844e+06
900000,1.21444e+06
901000,994835
902000,735580
903000,1.06983e+06
904000,1.82021e+06
905000,1.17421e+06
906000,616039
907000,603652
908000,1.31632e+06
909000,1.05574e+06
910000,1.17906e+06
911000,1.15373e+06
912000,1.46615e+06
913000,837100
914000,1.41503e+06
915000,669701
916000,1.50699e+06
917000,1.18167e+06
918000,1.17275e+06
919000,1.92466e+06
920000,1.04668e+06
921000,767911
922000,1.26773e+06
923000,1.09008e+06
924000,908238
925000,1.6286e+06
926000,1.36821e+06
927000,1.17605e+06
928000,1.26189e+06
929000,964379
930000,1.18555e+06
931000,881871
932000,1.11764e+06
933000,1.47627e+06
934000,548138
935000,844846
936000,771186
937000,1.02424e+06
938000,983685
939000,1.24002e+06
940000,1.27922e+06
941000,819679
942000,1.71683e+06
943000,1.32555e+06
944000,1.40733e+06
945000,1.01116e+06
946000,1.4756e+06
947000,943721
948000,868129
949000,995421
950000,1.03395e+06
951000,873522
952000,1.73059e+06
953000,765992
954000,1.04312e+06
955000,668595
956000,709921
957000,932850
958000,838919
959000,1.37776e+06
960000,981919
961000,986241
962000,1.28472e+06
963000,255552
964000,1.0386e+06
965000,957322
966000,926713
967000,746389
968000,1.12536e+06
969000,1.18728e+06
970000,884219
971000,1.61684e+06
972000,1.08848e+06
973000,659965
974000,785503
975000,1.05862e+06
976000,663992
977000,723526
978000,782143
979000,1.14107e+06
980000,1.17739e+06
981000,615256
982000,1.34785e+06
983000,950821
984000,1.16618e+06
985000,764581
986000,675684
987000,811775
988000,1.27844e+06
989000,1.18648e+06
990000,1.04805e+06
991000,905804
992000,709207
993000,709623
994000,1.0336e+06
995000,942859
996000,995335
997000,1.31698e+06
998000,688860
999000,931869
1000000,311821
1001000,1.15759e+06
1002000,589293
1003000,1.19722e+06
1004000,517669
1005000,848584
1006000,563975
1007000,1.13323e+06
1008000,1.02496e+06
1009000,393761
1010000,293203
1011000,1.22124e+06
1012000,728237
1013000,472230
1014000,347352
1015000,968409
1016000,1.15486e+06
1017000,680444
1018000,637893
1019000,1.26935e+06
1020000,714448
1021000,1.03977e+06
1022000,1.15539e+06
1023000,576635
1024000,390489
1025000,191809
1026000,609861
1027000,1.06116e+06
1028000,495452
1029000,230269
1030000,231877
1031000,575767
1032000,238922
1033000,843888
1034000,1.05637e+06
1035000,164973
1036000,675615
1037000,495359
1038000,1.27103e+06
1039000,721337
1040000,667236
1041000,336266
1042000,682181
1043000,1.20436e+06
1044000,956861
1045000,439048
1046000,921585
1047000,748252
1048000,1.17994e+06
1049000,968142
1050000,823264
1051000,470726
1052000,511171
1053000,888879
1054000,449006
1055000,830748
1056000,558829
1057000,807384
1058000,344208
1059000,980032
1060000,1.18096e+06
1061000,1.03618e+06
1062000,397950
1063000,710860
1064000,307638
1065000,870630
1066000,274313
1067000,782265
1068000,1.28493e+06
1069000,859521
1070000,242202
1071000,670634
1072000,459758
1073000,525365
1074000,1.21613e+06
1075000,775605
1076000,1.09439e+06
1077000,646753
1078000,1.14332e+06
1079000,1.26685e+06
1080000,537126
1081000,893666
1082000,1.06387e+06
1083000,723942
1084000,429460
1085000,470532
1086000,488175
1087000,402145
1088000,471792
1089000,636419
1090000,511036
1091000,757313
1092000,604826
1093000,618158
1094000,353919
1095000,1.15624e+06
1096000,840817
1097000,696788
1098000,849901
1099000,301827
1100000,637890
1101000,950293
1102000,611125
1103000,548558
1104000,396366
1105000,751062
1106000,780633
1107000,674880
1108000,614985
1109000,750045
1110000,789648
1111000,290820
1112000,283364
1113000,803190
1114000,476606
1115000,215607
1116000,886443
1117000,303115
1118000,740414
1119000,437783
1120000,548664
1121000,493967
1122000,277698
1123000,1.09634e+06
1124000,486658
1125000,665553
1126000,499156
1127000,366459
1128000,871083
1129000,512075
1130000,626136
1131000,147087
1132000,407538
1133000,872814
1134000,396716
1135000,523713
1136000,302315
1137000,528433
1138000,688954
1139000,405275
1140000,673778
1141000,526811
1142000,745411
1143000,649742
1144000,834321
1145000,621479
1146000,514571
1147000,608648
1148000,232798
1149000,389334
1150000,323414
1151000,178590
1152000,658168
1153000,409214
1154000,260772
1155000,281655
1156000,129548
1157000,385542
1158000,97198.7
1159000,390116
1160000,803244
1161000,397239
1162000,535587
1163000,335678
1164000,98925.1
1165000,361544
1166000,211719
1167000,408878
1168000,233155
1169000,353353
1170000,157274
1171000,518749
1172000,397683
1173000,364062
1174000,207520
1175000,657064
1176000,580764
1177000,160145
1178000,494515
1179000,374189
1180000,95655.6
1181000,485633
1182000,386115
1183000,260305
1184000,226457
1185000,159344
1186000,484353
1187000,496210
1188000,288791
1189000,57622.2
1190000,232701
1191000,303533
1192000,537879
1193000,465298
1194000,366457
1195000,557524
1196000,385004
1197000,339757
1198000,374515
1199000,367445
1200000,223088
1201000,560571
1202000,123305
1203000,183936
1204000,647792
1205000,363564
1206000,822851
1207000,239618
1208000,489162
1209000,659164
1210000,393911
1211000,199512
1212000,450361
1213000,265360
1214000,794301
1215000,121302
1216000,132047
1217000,167073
1218000,640458
1219000,337109
1220000,280279
1221000,451806
1222000,167801
1223000,352440
1224000,440790
1225000,352784
1226000,129548
1227000,12250.7
1228000,255518
1229000,444160
1230000,201102
1231000,114595
1232000,426235
1233000,84590.6
1234000,106222
1235000,54686.6
1236000,182353
1237000,147700
1238000,154030
1239000,302867
1240000,204883
1241000,204901
1242000,324849
1243000,256512
1244000,280496
1245000,403719
1246000,87091
1247000,145893
1248000,346652
1249000,125699
1250000,264403
1251000,228144
1252000,718346
1253000,524467
1254000,564502
1255000,273073
1256000,528671
1257000,247851
1258000,449668
1259000,135654
1260000,27463.7
1261000,0.57869
1262000,475.32
1263000,238059
1264000,61584.2
1265000,289603
1266000,343798
1267000,161470
1268000,234617
1269000,268397
1270000,261178
1271000,285672
1272000,156353
1273000,129638
1274000,153211
1275000,129356
1276000,518429
1277000,356847
1278000,84711.6
1279000,399335
1280000,411334
1281000,195108
1282000,44816.4
1283000,168798
1284000,319451
1285000,71706.6
1286000,119769
1287000,169971
1288000,433460
1289000,220017
1290000,53497.3
1291000,215146
1292000,110987
1293000,88572.6
1294000,691258
1295000,351079
1296000,45291
1297000,115896
1298000,278571
1299000,224707
1300000,329102
1301000,617806
1302000,303465
1303000,26823.7
1304000,296587
1305000,287549
1306000,314913
1307000,142993
1308000,231478
1309000,218340
1310000,299538
1311000,71639.5
1312000,611877
1313000,180789
1314000,292733
1315000,228947
1316000,268258
1317000,0.578272
1318000,73359.6
1319000,12725.4
1320000,324031
1321000,271681
1322000,187486
1323000,54686.6
1324000,82592.4
1325000,107331
1326000,401849
1327000,308051
1328000,350793
1329000,199639
1330000,117836
1331000,237987
1332000,115452
1333000,262191
1334000,0.621112
1335000,404644
1336000,639393
1337000,57622.2
1338000,119531
1339000,191689
1340000,131277
1341000,57622.2
1342000,48688.3
1343000,137441
1344000,0.641288
1345000,99914
1346000,187521
1347000,485324
1348000,82605.2
1349000,303215
1350000,12725.4
1351000,474205
1352000,52645.1
1353000,296470
1354000,160282
1355000,150789
1356000,478082
1357000,252058
1358000,382778
1359000,183764
1360000,102132
1361000,61406.4
1362000,475.276
1363000,475.3
1364000,25959
1365000,283531
1366000,193500
1367000,223607
1368000,137640
1369000,122580
1370000,216569
1371000,147985
1372000,399746
1373000,235197
1374000,141693
1375000,275325
1376000,90078.8
1377000,98529.7
1378000,31946.1
1379000,357066
1380000,175984
1381000,52645.2
1382000,88124
1383000,355371
1384000,276041
1385000,31946.1
1386000,252157
1387000,190061
1388000,98920.9
1389000,178732
1390000,0.677
1391000,177007
1392000,106731
1393000,84610.5
1394000,347286
1395000,121639
1396000,26823.7
1397000,475.343
1398000,193179
1399000,433116
1400000,215150
1401000,145534
1402000,89186.6
1403000,179333
1404000,65369.9
1405000,360871
1406000,127700
1407000,105885
1408000,177634
1409000,72772.4
1410000,101710
1411000,126816
1412000,137392
1413000,45291.1
1414000,88807.8
1415000,93147.7
1416000,272813
1417000,234471
1418000,0.607382
1419000,219740
1420000,87266.2
1421000,549583
1422000,160861
1423000,159273
1424000,233921
1425000,0.622748
1426000,24274.9
1427000,80851.1
1428000,49109.7
1429000,160932
1430000,366086
1431000,244980
1432000,321195
1433000,247611
1434000,436535
1435000,190140
1436000,76994
1437000,116746
1438000,475.31
1439000,48688.2
1440000,222812
1441000,0.612977
1442000,97838.4
1443000,128321
1444000,179351
1445000,148444
1446000,88598.7
1447000,179301
1448000,71862
1449000,196867
1450000,44816.4
1451000,75511.2
1452000,12250.7
1453000,0.659396
1454000,93504
1455000,0.592411
1456000,180023
1457000,45348.3
1458000,60726.5
1459000,475.43
1460000,61881.1
1461000,110160
1462000,81562.5
1463000,341297
1464000,0.651801
1465000,85065.3
1466000,184617
1467000,26823.7
1468000,475.301
1469000,177886
1470000,85065.3
1471000,144558
1472000,118377
1473000,145134
1474000,323894
1475000,41444.3
1476000,85212.4
1477000,181915
1478000,64982.6
1479000,88916.2
1480000,98876.3
1481000,77468.8
1482000,62056.5
1483000,154183
1484000,54787.4
1485000,107855
1486000,0.594399
1487000,173091
1488000,90078.7
1489000,107622
1490000,211793
1491000,80633.7
1492000,100849
1493000,31946.1
1494000,475.375
1495000,53022.6
1496000,32420.8
1497000,31741.9
1498000,190917
1499000,158273
1500000,208755
1501000,113063
1502000,69090.7
1503000,158758
1504000,230045
1505000,44873.6
1506000,68142.4
1507000,0.61486
1508000,89486.7
1509000,0.642189
1510000,62677.7
1511000,97646.7
1512000,76819.2
1513000,27298.3
1514000,12725.4
1515000,89657.3
1516000,0.568684
1517000,0.598903
1518000,82605.2
1519000,24274.8
1520000,151743
1521000,77468.6
1522000,49109.7
1523000,69090.6
1524000,165235
1525000,31741.9
1526000,26823.7
1527000,128553
1528000,475.357
1529000,475.325
1530000,475.277
1531000,119580
1532000,44816.4
1533000,213475
1534000,90164.1
1535000,32216.7
1536000,0.62202
1537000,49584.4
1538000,87512.5
1539000,106222
1540000,49163
1541000,105784
1542000,418484
1543000,75676.5
1544000,26823.7
1545000,0.621958
1546000,109091
1547000,99981.6
1548000,0.644389
1549000,158486
1550000,0.690076
1551000,60047.7
1552000,77032.5
1553000,98926.1
1554000,28781
1555000,31741.9
1556000,475.389
1557000,49162.9
1558000,0.628994
1559000,475.303
1560000,26433.7
1561000,0.594899
1562000,57123.7
1563000,38403.4
1564000,133496
1565000,0.606689
1566000,73656.5
1567000,205448
1568000,72461.5
1569000,38403.4
1570000,49584.4
1571000,12725.4
1572000,59409.1
1573000,146836
1574000,0.664069
1575000,61406.4
1576000,73437.2
1577000,140509
1578000,44816.4
1579000,0.581666
1580000,44816.3
1581000,80633.8
1582000,104243
1583000,0.65634
1584000,0.675624
1585000,73122.1
1586000,89567.7
1587000,77293.8
1588000,27298.4
1589000,54787.5
1590000,0.619061
1591000,211170
1592000,128175
1593000,0.67514
1594000,65718.6
1595000,92416.6
1596000,0.651057
1597000,54264.8
1598000,12250.6
1599000,44816.4
1600000,81119.8
1601000,86528.8
1602000,12250.7
1603000,475.28
1604000,0.631399
1605000,12725.4
1606000,50233.3
1607000,12250.6
1608000,0.607097
1609000,0.602894
1610000,0.60524
1611000,0.600693
1612000,0.599931
1613000,475.346
1614000,25959
1615000,0.616301
1616000,40969.7
1617000,27463.7
1618000,107839
1619000,70144.7
1620000,77032.5
1621000,24274.9
1622000,48688.2
1623000,12250.6
1624000,69872.3
1625000,475.3
1626000,24274.9
1627000,52645.1
1628000,51128.1
1629000,179164
1630000,49109.7
1631000,28781
1632000,475.318
1633000,49584.4
1634000,53055.3
1635000,139418
1636000,49109.7
1637000,44816.5
1638000,44816.4
1639000,0.605848
1640000,73122.2
1641000,0.698205
1642000,26989
1643000,89889.9
1644000,12250.7
1645000,31946.1
1646000,0.577302
1647000,31946.1
1648000,58769.2
1649000,100479
1650000,0.573622
1651000,475.325
1652000,32420.8
1653000,56016.2
1654000,28781.1
1655000,38878.1
1656000,475.336
1657000,0.673077
1658000,50233.2
1659000,0.633656
1660000,26988.9
1661000,12250.7
1662000,114588
1663000,39239
1664000,24749.6
1665000,72962.5
1666000,0.614664
1667000,93089.3
1668000,12250.6
1669000,0.62364
1670000,12725.3
1671000,27463.7
1672000,215487
1673000,0.631078
1674000,26989
1675000,0.581985
1676000,475.394
1677000,60726.5
1678000,89500.7
1679000,117319
1680000,0.594041
1681000,67183.8
1682000,475.247
1683000,12250.7
1684000,31742
1685000,98809.8
1686000,25959.1
1687000,27463.7
1688000,24274.9
1689000,475.252
1690000,31946.1
1691000,0.581552
1692000,26823.7
1693000,26989
1694000,58769.1
1695000,0.623984
1696000,0.664378
1697000,63687.5
1698000,0.616971
1699000,0.661208
1700000,0.547992
1701000,0.607147
1702000,89731.5
1703000,31946.1
1704000,0.600479
1705000,38403.4
1706000,24274.9
1707000,111434
1708000,475.239
1709000,0.624239
1710000,106225
1711000,12250.6
1712000,475.348
1713000,475.344
1714000,95756.5
1715000,44196.1
1716000,26989
1717000,38403.4
1718000,0.625213
1719000,31946.1
1720000,24274.8
1721000,26433.7
1722000,32420.7
1723000,0.576542
1724000,24749.5
1725000,24749.5
1726000,31741.9
1727000,31946
1728000,66928.1
1729000,475.279
1730000,138090
1731000,24274.9
1732000,0.58167
1733000,28306.4
1734000,0.673724
1735000,54787.5
1736000,26823.7
1737000,0.577321
1738000,49109.6
1739000,0.594
1740000,0.601194
1741000,0.576773
1742000,31946.1
1743000,152548
1744000,475.383
1745000,0.69791
1746000,137088
1747000,49109.7
1748000,24274.8
1749000,49109.8
1750000,212719
1751000,25959
1752000,475.333
1753000,81610.5
1754000,54739.4
1755000,65701.2
1756000,475.371
1757000,70348.9
1758000,0.611726
1759000,50233.4
1760000,38403.4
1761000,43992
1762000,54286.7
1763000,475.295
1764000,31742
1765000,61406.4
1766000,53119.8
1767000,49109.7
1768000,57904.5
1769000,26823.7
1770000,173321
1771000,55769.4
1772000,26989
1773000,194258
1774000,0.606618
1775000,36999.6
1776000,76836.4
1777000,31742
1778000,49109.7
1779000,0.565097
1780000,0.618687
1781000,475.255
1782000,49109.6
1783000,55262.2
1784000,475.321
1785000,27463.7
1786000,81610.5
1787000,26989
1788000,60726.5
1789000,0.570544
1790000,0.53528
1791000,52580.5
1792000,31946.1
1793000,0.615995
1794000,59409.1
1795000,0.634886
1796000,24274.9
1797000,36999.7
1798000,12250.6
1799000,0.622096
1800000,0.670865
1801000,0.572923
1802000,475.218
1803000,51263.2
1804000,107809
1805000,72962.5
1806000,107014
1807000,0.674752
1808000,24274.9
1809000,28781.1
1810000,475.287
1811000,0.626915
1812000,48688.2
1813000,38403.4
1814000,60251.8
1815000,0.594382
1816000,51263.2
1817000,475.386
1818000,93147.7
1819000,32216.6
1820000,31946.1
1821000,93190.3
1822000,475.405
1823000,0.592318
1824000,0.701231
1825000,75676.7
1826000,475.264
1827000,88206.2
1828000,0.616779
1829000,0.63813
1830000,44196.2
1831000,51737.9
1832000,12250.7
1833000,24274.9
1834000,0.667772
1835000,44873.7
1836000,0.65316
1837000,475.261
1838000,0.582124
1839000,60047.7
1840000,0.652868
1841000,0.659751
1842000,51263.2
1843000,0.572623
1844000,0.69212
1845000,26989
1846000,28306.3
1847000,475.368
1848000,56016.2
1849000,31741.9
1850000,12250.7
1851000,26823.7
1852000,24749.6
1853000,0.629505
1854000,12250.7
1855000,44196.1
1856000,12250.7
1857000,0.577848
1858000,0.590703
1859000,0.668494
1860000,49162.9
1861000,475.319
1862000,475.38
1863000,0.615327
1864000,24749.6
1865000,0.611052
1866000,27463.6
1867000,475.283
1868000,83004.6
1869000,26989
1870000,26433.7
1871000,27298.4
1872000,27298.4
1873000,12250.6
1874000,475.281
1875000,0.57177
1876000,81055.1
1877000,0.603798
1878000,28781.1
1879000,12725.4
1880000,475.356
1881000,0.590699
1882000,31946
1883000,28306.3
1884000,12250.6
1885000,26823.6
1886000,145054
1887000,26989
1888000,24749.6
1889000,32420.8
1890000,54686.6
1891000,56490.9
1892000,0.597406
1893000,0.654324
1894000,27298.3
1895000,24274.8
1896000,86870.7
1897000,25959.1
1898000,12250.7
1899000,0.660387
1900000,475.225
1901000,24274.9
1902000,475.326
1903000,475.372
1904000,0.621193
1905000,0.583837
1906000,28306.4
1907000,0.661803
1908000,475.328
1909000,12250.7
1910000,0.602292
1911000,0.57972
1912000,475.295
1913000,475.246
1914000,475.342
1915000,40556.4
1916000,51098
1917000,28306.4
1918000,51098
1919000,25959.1
1920000,24274.9
1921000,25959.1
1922000,475.359
1923000,24274.9
1924000,475.336
1925000,0.660803
1926000,26989
1927000,0.619789
1928000,0.588224
1929000,475.289
1930000,25959.1
1931000,0.619384
1932000,24749.6
1933000,475.238
1934000,0.675088
1935000,475.268
1936000,26823.6
1937000,24749.6
1938000,12250.6
1939000,0.640094
1940000,0.614518
1941000,0.592328
1942000,0.62448
1943000,0.637065
1944000,0.597754
1945000,0.601758
1946000,24749.6
1947000,475.362
1948000,26988.9
1949000,49584.4
1950000,0.59514
1951000,0.572196
1952000,0.612855
1953000,475.294
1954000,86402.6
1955000,475.377
1956000,0.538389
1957000,0.637162
1958000,475.306
1959000,28781
1960000,0.619581
1961000,36524.9
1962000,475.334
1963000,26433.7
1964000,0.693973
1965000,0.58869
1966000,0.579004
1967000,0.637669
1968000,0.591264
1969000,24749.5
1970000,25959
1971000,73383.9
1972000,475.319
1973000,26989
1974000,52580.6
1975000,25959
1976000,0.602944
1977000,475.345
1978000,0.560412
1979000,41444.3
1980000,0.574076
1981000,475.336
1982000,24274.9
1983000,26433.7
1984000,26823.8
1985000,26823.7
1986000,0.620538
1987000,27298.4
1988000,0.651114
1989000,0.640619
1990000,31742
1991000,75068.1
1992000,26989
1993000,0.634792
1994000,475.269
1995000,0.654289
1996000,475.369
1997000,12250.7
1998000,12250.7
1999000,0.604153
2000000,0.675343
2001000,52947.5
2002000,0.639396
2003000,24274.8
2004000,0.61002
2005000,475.388
2006000,32216.7
2007000,24274.9
2008000,475.285
2009000,475.372
2010000,0.596101
2011000,0.637149
2012000,51097.9
2013000,26989
2014000,26989
2015000,36525
2016000,475.355
2017000,475.286
2018000,0.608996
2019000,0.603187
2020000,24274.8
2021000,0.652731
2022000,0.543003
2023000,0.629889
2024000,73384
2025000,0.57087
2026000,0.603215
2027000,475.309
2028000,0.556966
2029000,25959.1
2030000,25959.1
2031000,475.319
2032000,475.287
2033000,475.312
2034000,475.341
2035000,475.309
2036000,0.606804
2037000,475.268
2038000,0.562305
2039000,0.598045
2040000,24274.8
2041000,475.337
2042000,92214.8
2043000,0.587839
2044000,0.601302
2045000,0.609288
2046000,36524.9
2047000,0.556417
2048000,24749.6
2049000,0.642579
2050000,0.59472
2051000,0.605981
2052000,475.313
2053000,12250.7
2054000,12250.7
2055000,475.299
2056000,475.295
2057000,12250.7
2058000,0.588454
2059000,0.567484
2060000,0.637687
2061000,24274.9
2062000,0.600357
2063000,36524.9
2064000,475.232
2065000,475.373
2066000,12250.7
2067000,475.393
2068000,0.624702
2069000,0.694127
2070000,475.371
2071000,24274.9
2072000,475.336
2073000,24749.6
2074000,38209.1
2075000,0.529161
2076000,25959
2077000,24749.6
2078000,475.285
2079000,0.60582
2080000,0.610705
2081000,24749.6
2082000,475.316
2083000,475.314
2084000,0.650008
2085000,12250.6
2086000,0.659753
2087000,0.62686
2088000,475.296
2089000,0.567417
2090000,475.406
2091000,0.555048
2092000,0.595211
2093000,24274.9
2094000,0.668436
2095000,0.688342
2096000,0.591438
2097000,0.622088
2098000,475.243
2099000,0.663007
2100000,12250.7
2101000,475.311
2102000,475.271
2103000,24274.8
2104000,0.588414
2105000,475.34
2106000,0.571204
2107000,475.373
2108000,0.658499
2109000,0.612018
2110000,49109.7
2111000,0.564385
2112000,475.294
2113000,0.622913
2114000,0.627541
2115000,0.576657
2116000,475.35
2117000,24274.9
2118000,0.621423
2119000,0.547196
2120000,0.618834
2121000,12250.7
2122000,475.293
2123000,0.638436
2124000,0.601833
2125000,0.607653
2126000,0.583484
2127000,0.571267
2128000,475.266
2129000,475.359
2130000,475.312
2131000,475.305
2132000,0.540008
2133000,12725.4
2134000,0.669755
2135000,475.31
2136000,0.644088
2137000,0.61778
2138000,475.398
2139000,0.660055
2140000,12250.6
2141000,475.259
2142000,0.656495
2143000,0.574281
2144000,0.6279
2145000,475.33
2146000,475.316
2147000,12725.4
2148000,0.614596
2149000,0.670083
2150000,0.665861
2151000,475.374
2152000,12250.7
2153000,0.612154
2154000,0.65464
2155000,12725.3
2156000,0.606021
2157000,0.640042
2158000,475.313
2159000,0.63787
2160000,0.599153
2161000,475.334
2162000,0.538569
2163000,0.621012
2164000,0.603072
2165000,12250.6
2166000,12725.3
2167000,0.656019
2168000,0.617503
2169000,0.673333
2170000,0.616882
2171000,475.336
2172000,0.646755
2173000,0.526715
2174000,0.597929
2175000,0.636137
2176000,0.656069
2177000,475.352
2178000,475.322
2179000,0.634647
2180000,0.581678
2181000,0.605394
2182000,475.264
2183000,475.354
2184000,475.272
2185000,0.661411
2186000,0.659126
2187000,475.345
2188000,0.636694
2189000,12250.6
2190000,475.36
2191000,27298.3
2192000,0.629944
2193000,0.64232
2194000,475.345
2195000,475.318
2196000,475.33
2197000,0.572552
2198000,475.275
2199000,475.313
2200000,12250.7
2201000,0.617408
2202000,475.353
2203000,475.325
2204000,0.590185
2205000,475.292
2206000,0.629553
2207000,0.668346
2208000,0.670969
2209000,0.645362
2210000,475.27
2211000,475.396
2212000,0.628026
2213000,475.293
2214000,475.251
2215000,12250.7
2216000,0.578941
2217000,0.534247
2218000,0.56683
2219000,0.667301
2220000,0.600289
2221000,0.670229
2222000,475.376
2223000,0.500928
2224000,475.265
2225000,0.603022
2226000,0.554544
2227000,12725.4
2228000,0.630004
2229000,12725.4
2230000,0.644692
2231000,0.661419
2232000,0.607668
2233000,475.298
2234000,12250.7
2235000,0.604197
2236000,0.628227
2237000,0.570716
2238000,0.635968
2239000,475.313
2240000,12725.3
2241000,0.609247
2242000,475.366
2243000,0.666985
2244000,475.267
2245000,475.35
2246000,475.279
2247000,0.613305
2248000,475.332
2249000,475.288
2250000,0.679529
2251000,475.309
2252000,0.648343
2253000,475.349
2254000,0.601579
2255000,12250.7
2256000,475.373
2257000,475.312
2258000,0.616072
2259000,475.281
2260000,12725.3
2261000,475.342
2262000,475.274
2263000,0.696646
2264000,475.314
2265000,475.266
2266000,475.307
2267000,0.674266
2268000,0.625804
2269000,0.610119
2270000,0.611105
2271000,475.407
2272000,0.612626
2273000,0.63562
2274000,475.367
2275000,475.289
2276000,0.702017
2277000,475.383
2278000,475.276
2279000,475.313
2280000,12250.6
2281000,0.559047
2282000,12725.4
2283000,475.316
2284000,0.62705
2285000,475.295
2286000,475.339
2287000,0.739094
2288000,0.6336
2289000,0.552704
2290000,0.596038
2291000,0.588425
2292000,0.627555
2293000,0.659428
2294000,475.352
2295000,0.58318
2296000,475.377
2297000,475.26
2298000,12250.7
2299000,475.313
2300000,26823.7
2301000,0.592534
2302000,0.63633
2303000,0.727372
2304000,475.337
2305000,12725.4
2306000,0.612718
2307000,475.295
2308000,475.287
2309000,0.594997
2310000,475.303
2311000,0.592318
2312000,0.630996
2313000,0.595335
2314000,475.293
2315000,475.367
2316000,27298.4
2317000,0.601563
2318000,12250.7
2319000,475.296
2320000,0.613318
2321000,475.295
2322000,0.617734
2323000,475.34
2324000,0.620269
2325000,0.660054
2326000,0.631653
2327000,0.587373
2328000,475.305
2329000,0.558104
2330000,0.58926
2331000,0.539831
2332000,0.577602
2333000,475.309
2334000,475.317
2335000,12250.7
2336000,0.58718
2337000,0.676967
2338000,0.672531
2339000,475.374
2340000,0.644355
2341000,0.593279
2342000,0.610584
2343000,0.534457
2344000,0.598538
2345000,0.621212
2346000,0.680925
2347000,12250.7
2348000,0.643694
2349000,0.665418
2350000,0.607255
2351000,475.336
2352000,0.677598
2353000,475.398
2354000,12250.7
2355000,0.56781
2356000,0.586191
2357000,0.681645
2358000,0.623205
2359000,475.273
2360000,12250.7
2361000,0.646009
2362000,475.368
2363000,475.368
2364000,0.619304
2365000,475.344
2366000,0.692469
2367000,12250.7
2368000,27298.3
2369000,475.311
2370000,0.676372
2371000,0.628653
2372000,0.63676
2373000,0.694426
2374000,0.680275
2375000,0.537338
2376000,0.666115
2377000,0.647364
2378000,475.348
2379000,0.684649
2380000,12250.7
2381000,475.275
2382000,475.286
2383000,0.631623
2384000,12250.7
2385000,475.282
2386000,475.335
2387000,0.602845
2388000,0.66649
2389000,0.58016
2390000,0.577814
2391000,12725.4
2392000,475.275
2393000,0.703263
2394000,0.647687
2395000,0.544739
2396000,0.593518
2397000,0.551384
2398000,475.344
2399000,475.307
2400000,0.614493
2401000,0.647253
2402000,0.683744
2403000,0.680989
2404000,12250.7
2405000,475.23
2406000,475.289
2407000,12250.7
2408000,0.64416
2409000,12725.4
2410000,0.644389
2411000,0.664944
2412000,0.563916
2413000,0.628652
2414000,0.566383
2415000,0.585855
2416000,475.273
2417000,0.570697
2418000,0.6426
2419000,475.38
2420000,0.61602
2421000,0.583494
2422000,0.619676
2423000,0.579387
2424000,0.651852
2425000,0.564772
2426000,475.346
2427000,12250.8
2428000,0.568283
2429000,0.610918
2430000,0.612587
2431000,0.646403
2432000,0.659237
2433000,12725.4
2434000,12250.7
2435000,475.322
2436000,475.29
2437000,475.326
2438000,0.692964
2439000,0.627749
2440000,0.59983
2441000,0.598792
2442000,0.61132
2443000,475.309
2444000,0.580367
2445000,0.661195
2446000,475.343
2447000,0.610252
2448000,0.639669
2449000,475.292
2450000,0.688421
2451000,0.590528
2452000,475.286
2453000,12250.6
2454000,475.317
2455000,0.494859
2456000,475.289
2457000,0.588983
2458000,475.356
2459000,475.242
2460000,475.283
2461000,0.574279
2462000,0.57886
2463000,475.314
2464000,0.604456
2465000,0.566636
2466000,475.308
2467000,0.635972
2468000,0.570327
2469000,0.643217
2470000,0.621434
2471000,475.267
2472000,0.605734
2473000,475.381
2474000,0.686964
2475000,12250.6
2476000,0.582991
2477000,0.631413
2478000,475.262
2479000,0.63568
2480000,0.582428
2481000,0.679841
2482000,0.623771
2483000,0.622515
2484000,475.34
2485000,475.357
2486000,475.317
2487000,0.604736
2488000,0.552365
2489000,475.264
2490000,0.633501
2491000,0.54695
2492000,0.62245
2493000,0.507605
2494000,0.681074
2495000,0.640787
2496000,12250.7
2497000,0.577629
2498000,475.291
2499000,0.580584
2500000,0.656909
2501000,475.344
2502000,0.650573
2503000,0.633137
2504000,0.680683
2505000,0.63617
2506000,0.603598
2507000,0.667388
2508000,475.311
2509000,0.554561
2510000,0.567415
2511000,475.29
2512000,475.341
2513000,0.628335
2514000,475.353
2515000,0.608926
2516000,475.348
2517000,0.632056
2518000,0.675338
2519000,475.289
2520000,12725.4
2521000,475.403
2522000,475.38
2523000,12250.7
2524000,475.335
2525000,475.228
2526000,0.602933
2527000,475.288
2528000,475.375
2529000,0.610532
2530000,0.634598
2531000,0.630417
2532000,475.315
2533000,0.653445
2534000,0.624938
2535000,475.359
2536000,0.639826
2537000,475.252
2538000,475.294
2539000,0.659958
2540000,0.617995
2541000,0.657821
2542000,0.634055
2543000,0.612413
2544000,0.598124
2545000,475.253
2546000,0.622939
2547000,475.317
2548000,475.333
2549000,0.66386
2550000,0.642532
2551000,0.562263
2552000,0.618137
2553000,0.648271
2554000,0.620032
2555000,0.62993
2556000,0.635835
2557000,0.634686
2558000,475.313
2559000,475.333
2560000,475.214
2561000,0.533325
2562000,0.663656
2563000,12725.4
2564000,0.726181
2565000,0.624796
2566000,0.629709
2567000,0.606243
2568000,0.542153
2569000,12725.4
2570000,0.639271
2571000,0.636405
2572000,0.597198
2573000,475.288
2574000,0.601801
2575000,475.269
2576000,0.569338
2577000,475.359
2578000,0.614266
2579000,12250.6
2580000,0.61864
2581000,475.385
2582000,0.687173
2583000,0.584908
2584000,0.595997
2585000,0.677608
2586000,0.633243
2587000,475.275
2588000,12250.7
2589000,475.394
2590000,0.679923
2591000,0.642131
2592000,475.389
2593000,0.61779
2594000,475.283
2595000,0.626995
2596000,475.374
2597000,475.279
2598000,475.375
2599000,0.609739
2600000,0.660429
2601000,475.35
2602000,475.291
2603000,0.628048
2604000,475.331
2605000,12250.7
2606000,12250.7
2607000,0.513882
2608000,12250.6
2609000,0.630559
2610000,475.257
2611000,12250.6
2612000,475.394
2613000,0.602667
2614000,475.311
2615000,475.339
2616000,0.737897
2617000,0.641456
2618000,0.614622
2619000,0.67698
2620000,475.299
2621000,0.585334
2622000,0.64317
2623000,0.665005
2624000,0.686023
2625000,475.406
2626000,12250.6
2627000,0.562783
2628000,0.57264
2629000,475.279
2630000,0.626927
2631000,475.289
2632000,0.660235
2633000,12250.6
2634000,475.325
2635000,475.289
2636000,0.701822
2637000,0.556414
2638000,475.391
2639000,0.544618
2640000,0.58797
2641000,12725.4
2642000,475.305
2643000,0.693831
2644000,0.600597
2645000,0.624251
2646000,0.567655
2647000,475.343
2648000,12250.7
2649000,475.308
2650000,0.579125
2651000,12725.3
2652000,12250.7
2653000,475.208
2654000,0.555816
2655000,0.596688
2656000,475.283
2657000,475.326
2658000,475.29
2659000,0.597492
2660000,0.631247
2661000,0.633935
2662000,0.632048
2663000,0.678728
2664000,0.643631
2665000,0.600789
2666000,475.331
2667000,475.372
2668000,475.265
2669000,12250.7
2670000,0.645327
2671000,0.594693
2672000,475.316
2673000,475.299
2674000,0.641365
2675000,0.584453
2676000,0.619823
2677000,0.544338
2678000,0.655574
2679000,0.627175
2680000,0.626415
2681000,0.583289
2682000,0.633843
2683000,0.632401
2684000,0.564427
2685000,475.273
2686000,475.317
2687000,475.335
2688000,0.623221
2689000,0.68179
2690000,0.608595
2691000,475.269
2692000,0.610185
2693000,0.670593
2694000,0.584095
2695000,0.718486
2696000,0.608521
2697000,0.57931
2698000,0.604935
2699000,0.608383
2700000,475.274
2701000,475.309
2702000,0.607549
2703000,0.59195
2704000,475.342
2705000,475.371
2706000,475.333
2707000,0.637383
2708000,0.617932
2709000,475.282
2710000,0.626086
2711000,0.657473
2712000,475.321
2713000,0.627351
2714000,475.392
2715000,0.667946
2716000,0.596286
2717000,475.35
2718000,0.642858
2719000,475.386
2720000,475.299
2721000,0.665568
2722000,0.596009
2723000,0.604313
2724000,0.679754
2725000,475.296
2726000,0.681962
2727000,0.630207
2728000,0.596382
2729000,0.645234
2730000,0.614074
2731000,0.6462
2732000,0.616171
2733000,0.608082
2734000,475.292
2735000,0.696266
2736000,475.327
2737000,475.335
2738000,475.321
2739000,0.501027
2740000,0.648026
2741000,0.629015
2742000,0.624323
2743000,0.586844
2744000,0.614131
2745000,475.326
2746000,0.536161
2747000,0.622822
2748000,475.303
2749000,475.259
2750000,0.621406
2751000,0.613955
2752000,475.282
2753000,475.281
2754000,0.56743
2755000,475.297
2756000,475.303
2757000,0.643492
2758000,0.650281
2759000,0.565572
2760000,0.68297
2761000,0.5729
2762000,0.667918
2763000,0.561338
2764000,475.237
2765000,0.643062
2766000,0.565351
2767000,0.645381
2768000,0.661415
2769000,0.665367
2770000,0.565388
2771000,475.346
2772000,0.584325
2773000,0.587029
2774000,475.354
2775000,0.556398
2776000,475.327
2777000,475.288
2778000,0.627459
2779000,475.361
2780000,0.623711
2781000,475.336
2782000,0.613654
2783000,475.322
2784000,475.407
2785000,0.564342
2786000,0.534413
2787000,0.60421
2788000,0.597684
2789000,0.674207
2790000,0.588611
2791000,475.277
2792000,0.596924
2793000,475.321
2794000,0.611335
2795000,475.301
2796000,0.624304
2797000,475.366
2798000,0.579354
2799000,0.613651
2800000,0.603004
2801000,0.613874
2802000,0.596707
2803000,0.613529
2804000,0.61547
2805000,475.327
2806000,475.302
2807000,475.333
2808000,0.643266
2809000,0.597965
2810000,0.595911
2811000,0.655606
2812000,0.619019
2813000,0.627364
2814000,0.601428
2815000,475.332
2816000,475.34
2817000,0.671137
2818000,0.657262
2819000,475.279
2820000,0.625288
2821000,475.22
2822000,475.32
2823000,475.327
2824000,475.339
2825000,475.333
2826000,0.653634
2827000,0.594302
2828000,0.611557
2829000,0.590653
2830000,0.579895
2831000,0.624872
2832000,475.319
2833000,0.724194
2834000,475.269
2835000,0.5787
2836000,0.57358
2837000,0.660591
2838000,0.62517
2839000,0.676625
2840000,475.261
2841000,0.627374
2842000,0.641019
2843000,0.534998
2844000,0.576988
2845000,0.616105
2846000,475.366
2847000,0.641147
2848000,0.611591
2849000,475.311
2850000,0.632359
2851000,475.289
2852000,475.242
2853000,475.332
2854000,475.303
2855000,475.342
2856000,0.565829
2857000,0.625755
2858000,0.592615
2859000,475.295
2860000,475.333
2861000,475.289
2862000,0.609526
2863000,475.32
2864000,0.580636
2865000,475.313
2866000,0.605033
2867000,0.668248
2868000,475.401
2869000,0.664983
2870000,475.357
2871000,0.591134
2872000,475.315
2873000,0.653052
2874000,0.615489
2875000,0.688634
2876000,0.644507
2877000,0.614142
2878000,0.606399
2879000,0.575102
2880000,0.71419
2881000,475.314
2882000,0.578275
2883000,0.629585
2884000,475.326
2885000,0.629898
2886000,0.612128
2887000,475.312
2888000,475.37
2889000,475.352
2890000,475.322
2891000,475.35
2892000,475.319
2893000,0.623119
2894000,475.348
2895000,475.293
2896000,0.672072
2897000,475.312
2898000,475.309
2899000,0.597912
2900000,475.328
2901000,475.264
2902000,0.604221
2903000,0.590636
2904000,0.589134
2905000,0.604473
2906000,0.642579
2907000,0.625656
2908000,475.372
2909000,475.356
2910000,475.352
2911000,0.661808
2912000,475.282
2913000,0.657647
2914000,475.335
2915000,0.611347
2916000,0.610677
2917000,0.619052
2918000,0.639561
2919000,475.273
2920000,0.592218
2921000,475.241
2922000,0.582847
2923000,0.671626
2924000,475.347
2925000,0.58573
2926000,475.305
2927000,0.649993
2928000,0.612904
2929000,0.650988
2930000,475.366
2931000,0.55499
2932000,475.316
2933000,0.618683
2934000,0.611751
2935000,0.573266
2936000,0.582287
2937000,0.605072
2938000,0.619277
2939000,0.626756
2940000,475.367
2941000,475.334
2942000,0.597415
2943000,0.594198
2944000,0.666811
2945000,0.583852
2946000,475.314
2947000,475.36
2948000,0.658794
2949000,0.663996
2950000,475.316
2951000,0.582657
2952000,475.304
2953000,0.627159
2954000,475.316
2955000,475.316
2956000,0.62939
2957000,0.658253
2958000,0.62715
2959000,475.334
2960000,475.354
2961000,0.664372
2962000,0.657958
2963000,475.32
2964000,0.639885
2965000,0.63027
2966000,0.651353
2967000,0.628109
2968000,0.56514
2969000,0.575008
2970000,0.560341
2971000,0.565215
2972000,475.308
2973000,0.619481
2974000,0.666765
2975000,475.285
2976000,0.688637
2977000,0.606943
2978000,0.540118
2979000,0.631869
2980000,0.599992
2981000,0.689802
2982000,0.676274
2983000,0.565855
2984000,0.612366
2985000,0.633015
2986000,475.358
2987000,0.655171
2988000,0.582307
2989000,0.650721
2990000,475.314
2991000,475.339
2992000,475.29
2993000,475.275
2994000,475.248
2995000,0.64929
2996000,0.657951
2997000,0.58347
2998000,0.617544
2999000,0.594652
3000000,0.670285
3001000,0.705225
3002000,0.57525
3003000,475.271
3004000,475.335
3005000,0.62795
3006000,475.273
3007000,0.688178
3008000,0.599873
3009000,475.26
3010000,0.573733
3011000,475.262
3012000,475.312
3013000,0.582467
3014000,0.631025
3015000,0.607458
3016000,0.578674
3017000,0.664883
3018000,0.571467
3019000,475.321
3020000,0.63828
3021000,0.608622
3022000,0.676604
3023000,0.582993
3024000,475.311
3025000,0.630566
3026000,0.599804
3027000,0.574957
3028000,475.265
3029000,475.259
3030000,0.593344
3031000,0.650158
3032000,0.592029
3033000,475.306
3034000,0.622098
3035000,0.571546
3036000,0.647087
3037000,0.624037
3038000,475.366
3039000,475.281
3040000,475.347
3041000,0.58339
3042000,0.643104
3043000,475.274
3044000,475.268
3045000,0.618897
3046000,475.278
3047000,0.545021
3048000,0.68578
3049000,0.638666
3050000,475.305
3051000,0.650225
3052000,475.352
3053000,0.567243
3054000,475.338
3055000,0.610838
3056000,0.614466
3057000,0.555463
3058000,475.302
3059000,0.587251
3060000,475.272
3061000,475.322
3062000,0.562465
3063000,475.315
3064000,0.54769
3065000,475.353
3066000,0.629239
3067000,0.582697
3068000,0.588938
3069000,0.634996
3070000,475.302
3071000,475.319
3072000,475.358
3073000,475.311
3074000,0.610544
3075000,0.608084
3076000,0.564765
3077000,0.572632
3078000,475.234
3079000,475.344
3080000,0.70033
3081000,0.630161
3082000,475.277
3083000,0.645866
3084000,0.680678
3085000,0.681773
3086000,475.343
3087000,475.355
3088000,475.329
3089000,0.624276
3090000,0.61009
3091000,0.552647
3092000,0.597475
3093000,0.654434
3094000,0.658754
3095000,0.609858
3096000,0.598215
3097000,475.321
3098000,0.611677
3099000,475.323
3100000,0.594184
3101000,475.334
3102000,475.264
3103000,475.353
3104000,0.686305
3105000,475.271
3106000,475.296
3107000,0.604268
3108000,0.691848
3109000,475.36
3110000,0.625361
3111000,475.313
3112000,0.639361
3113000,0.623325
3114000,0.606576
3115000,0.68252
3116000,0.582977
3117000,475.248
3118000,0.659945
3119000,475.292
3120000,0.641401
3121000,0.614588
3122000,475.317
3123000,0.694363
3124000,0.674332
3125000,0.576556
3126000,0.629561
3127000,0.641809
3128000,0.558399
3129000,475.416
3130000,0.658585
3131000,475.397
3132000,0.685306
3133000,0.646273
3134000,0.630569
3135000,0.626335
3136000,0.575626
3137000,475.307
3138000,475.288
3139000,0.64324
3140000,475.375
3141000,0.632459
3142000,0.610187
3143000,0.559849
3144000,475.297
3145000,0.597092
3146000,475.335
3147000,0.550994
3148000,0.65934
3149000,0.612089
3150000,475.335
3151000,0.61613
3152000,475.334
3153000,0.640732
3154000,0.610733
3155000,0.562778
3156000,0.523307
3157000,0.58514
3158000,0.594059
3159000,0.599745
3160000,475.321
3161000,475.341
3162000,475.306
3163000,0.589693
3164000,0.642009
3165000,475.281
3166000,0.641414
3167000,0.586039
3168000,475.3
3169000,0.637093
3170000,0.64821
3171000,0.61625
3172000,0.654855
3173000,0.70496
3174000,0.580179
3175000,0.647997
3176000,475.342
3177000,0.630472
3178000,475.354
3179000,0.662553
3180000,475.332
3181000,475.353
3182000,0.575296
3183000,0.623039
3184000,0.682171
3185000,0.646992
3186000,0.677608
3187000,0.536885
3188000,475.311
3189000,0.627867
3190000,475.263
3191000,0.583149
3192000,0.603264
3193000,0.659996
3194000,0.624436
3195000,475.34
3196000,0.596489
3197000,0.626746
3198000,0.629707
3199000,0.592201
3200000,0.611561
3201000,0.609076
3202000,0.547569
3203000,0.631072
3204000,475.303
3205000,0.610236
3206000,0.641912
3207000,0.565061
3208000,0.663768
3209000,475.296
3210000,475.372
3211000,0.616867
3212000,0.62987
3213000,0.657981
3214000,0.641422
3215000,475.318
3216000,475.361
3217000,0.65675
3218000,475.33
3219000,0.553544
3220000,475.368
3221000,475.272
3222000,0.672306
3223000,0.614513
3224000,475.333
3225000,0.614585
3226000,0.560209
3227000,0.60192
3228000,475.265
3229000,0.624217
3230000,0.612363
3231000,0.556502
3232000,475.368
3233000,0.572192
3234000,475.372
3235000,0.623992
3236000,0.573219
3237000,475.285
3238000,475.245
3239000,0.637894
3240000,0.626152
3241000,0.613713
3242000,0.665329
3243000,0.689017
3244000,0.569407
3245000,0.665846
3246000,0.56017
3247000,0.597363
3248000,0.624672
3249000,0.689251
3250000,0.604685
3251000,0.647045
3252000,475.304
3253000,475.345
3254000,0.649027
3255000,0.61799
3256000,0.583336
3257000,0.647916
3258000,0.594286
3259000,0.601224
3260000,475.399
3261000,475.285
3262000,0.638809
3263000,0.609642
3264000,475.329
3265000,0.633746
3266000,0.656141
3267000,0.5576
3268000,0.590371
3269000,475.334
3270000,475.365
3271000,0.552786
3272000,0.652009
3273000,0.592156
3274000,475.303
3275000,0.659294
3276000,0.642945
3277000,0.624971
3278000,0.608041
3279000,475.337
3280000,0.570913
3281000,0.610236
3282000,475.315
3283000,0.571783
3284000,0.580896
3285000,475.313
3286000,0.590113
3287000,0.645724
3288000,475.262
3289000,475.347
3290000,0.532243
3291000,0.680897
3292000,0.649843
3293000,0.648347
3294000,0.531045
3295000,475.249
3296000,475.338
3297000,0.639812
3298000,0.5629
3299000,0.654539
3300000,0.647247
3301000,0.692209
3302000,0.629554
3303000,0.633324
3304000,475.327
3305000,0.595718
3306000,0.672387
3307000,475.247
3308000,0.635277
3309000,0.630211
3310000,0.655314
3311000,475.401
3312000,0.679561
3313000,0.646439
3314000,0.706232
3315000,0.577966
3316000,0.608738
3317000,0.578133
3318000,0.621987
3319000,0.563135
3320000,475.324
3321000,0.591873
3322000,0.655165
3323000,0.599942
3324000,0.64186
3325000,0.560975
3326000,0.656891
3327000,0.630955
3328000,0.627248
3329000,475.334
3330000,0.621518
3331000,0.535152
3332000,0.610493
3333000,0.584065
3334000,475.31
3335000,475.294
3336000,475.346
3337000,475.241
3338000,0.588348
3339000,0.575745
3340000,0.58883
3341000,0.60241
3342000,0.605021
3343000,0.558454
3344000,0.538562
3345000,0.596059
3346000,0.658302
3347000,0.572406
3348000,0.617442
3349000,475.417
3350000,0.621677
3351000,0.607169
3352000,0.631944
3353000,0.610486
3354000,475.323
3355000,0.654508
3356000,475.253
3357000,0.574399
3358000,0.63548
3359000,0.538789
3360000,475.29
3361000,0.565318
3362000,475.305
3363000,475.298
3364000,0.592974
3365000,0.638407
3366000,0.595492
3367000,0.6146
3368000,0.637068
3369000,0.601525
3370000,475.35
3371000,0.647399
3372000,475.266
3373000,0.629185
3374000,0.645674
3375000,475.374
3376000,0.64294
3377000,475.396
3378000,475.304
3379000,0.651365
3380000,0.688462
3381000,0.613669
3382000,475.294
3383000,0.617729
3384000,475.243
3385000,475.272
3386000,0.599305
3387000,0.649547
3388000,475.36
3389000,0.577844
3390000,0.530879
3391000,0.570769
3392000,0.627825
3393000,0.606536
3394000,0.642358
3395000,475.322
3396000,0.579807
3397000,475.268
3398000,0.550479
3399000,0.628705
3400000,475.356
3401000,0.587512
3402000,475.344
3403000,0.562652
3404000,0.630193
3405000,0.560819
3406000,0.647582
3407000,0.605057
3408000,475.237
3409000,475.34
3410000,475.334
3411000,0.545261
3412000,0.531889
3413000,0.582784
3414000,475.282
3415000,475.351
3416000,0.657882
3417000,475.292
3418000,475.322
3419000,475.269
3420000,475.326
3421000,475.262
3422000,0.606304
3423000,475.469
3424000,475.28
3425000,0.615336
3426000,0.608741
3427000,475.363
3428000,0.682708
3429000,0.647836
3430000,0.608153
3431000,0.621263
3432000,0.609318
3433000,475.296
3434000,0.674344
3435000,0.573807
3436000,0.563292
3437000,0.589469
3438000,0.57545
3439000,475.242
3440000,475.32
3441000,475.317
3442000,475.308
3443000,0.61135
3444000,0.622515
3445000,0.53131
3446000,0.565706
3447000,475.364
3448000,475.29
3449000,0.645229
3450000,0.666683
3451000,0.63526
3452000,475.332
3453000,0.545535
3454000,475.325
3455000,475.381
3456000,0.635359
3457000,0.642764
3458000,0.548464
3459000,475.314
3460000,475.326
3461000,475.34
3462000,0.594858
3463000,0.573877
3464000,475.349
3465000,0.609289
3466000,475.349
3467000,475.229
3468000,0.535838
3469000,0.635549
3470000,0.678225
3471000,475.351
3472000,0.613032
3473000,0.660545
3474000,475.38
3475000,0.618851
3476000,0.676479
3477000,0.58523
3478000,475.415
3479000,0.552193
3480000,0.58426
3481000,0.639968
3482000,0.650319
3483000,475.337
3484000,0.571024
3485000,0.664275
3486000,475.366
3487000,0.538724
3488000,475.275
3489000,0.595164
3490000,0.564083
3491000,0.60757
3492000,475.291
3493000,0.565052
3494000,0.568916
3495000,0.684769
3496000,0.632426
3497000,0.627035
3498000,0.68687
3499000,0.574162
3500000,0.58301
3501000,0.638544
3502000,0.720015
3503000,0.711406
3504000,475.319
3505000,475.313
3506000,475.301
3507000,475.319
3508000,0.586387
3509000,475.319
3510000,0.656376
3511000,475.285
3512000,475.269
3513000,0.559194
3514000,0.586454
3515000,0.64558
3516000,475.232
3517000,475.354
3518000,0.714548
3519000,475.321
3520000,0.656897
3521000,0.638913
3522000,0.652291
3523000,0.619012
3524000,0.624483
3525000,0.558526
3526000,0.651118
3527000,475.294
3528000,0.648377
3529000,475.358
3530000,0.666409
3531000,0.649697
3532000,0.582968
3533000,0.593682
3534000,475.269
3535000,475.349
3536000,475.347
3537000,0.651121
3538000,0.658263
3539000,0.498293
3540000,475.303
3541000,0.571467
3542000,0.639525
3543000,475.339
3544000,0.629864
3545000,475.298
3546000,0.58971
3547000,0.663001
3548000,0.589046
3549000,0.650567
3550000,475.37
3551000,0.599121
3552000,0.568067
3553000,0.616522
3554000,475.301
3555000,0.625463
3556000,475.308
3557000,0.638209
3558000,475.279
3559000,0.575757
3560000,0.647663
3561000,475.342
3562000,0.551827
3563000,475.317
3564000,475.346
3565000,475.25
3566000,0.571556
3567000,475.277
3568000,0.637031
3569000,0.616219
3570000,0.63232
3571000,475.328
3572000,475.326
3573000,475.306
3574000,0.605684
3575000,475.345
3576000,475.283
3577000,475.258
3578000,475.309
3579000,0.661079
3580000,475.291
3581000,475.272
3582000,0.722354
3583000,0.674772
3584000,0.582831
3585000,475.258
3586000,0.64751
3587000,0.618261
3588000,475.264
3589000,0.665402
3590000,475.34
3591000,475.287
3592000,475.378
3593000,0.652383
3594000,475.32
3595000,0.550946
3596000,0.633968
3597000,0.645873
3598000,0.602434
3599000,0.6078
3600000,0.544439
3601000,475.323
3602000,0.704293
3603000,0.637713
3604000,475.368
3605000,0.644736
3606000,0.645618
3607000,0.654501
3608000,0.673151
3609000,0.584045
3610000,0.642457
3611000,0.601691
3612000,0.639675
3613000,475.34
3614000,475.361
3615000,0.66014
3616000,0.604195
3617000,0.60253
3618000,475.341
3619000,475.402
3620000,0.596161
3621000,0.581967
3622000,475.362
3623000,0.576063
3624000,0.522325
3625000,475.354
3626000,475.31
3627000,0.587128
3628000,0.635881
3629000,0.570809
3630000,0.587195
3631000,475.273
3632000,0.637922
3633000,475.312
3634000,475.35
3635000,0.641867
3636000,0.558425
3637000,0.646947
3638000,0.555666
3639000,475.312
3640000,0.60049
3641000,0.611549
3642000,475.342
3643000,0.608561
3644000,0.685554
3645000,0.635984
3646000,475.366
3647000,0.631757
3648000,475.249
3649000,0.655242
3650000,0.674473
3651000,0.667175
3652000,475.31
3653000,0.649907
3654000,475.333
3655000,0.623582
3656000,0.658399
3657000,475.331
3658000,475.314
3659000,475.285
3660000,0.640951
3661000,0.634216
3662000,0.630497
3663000,0.626395
3664000,0.566702
3665000,0.622802
3666000,475.283
3667000,0.610088
3668000,0.630171
3669000,0.655476
3670000,0.574896
3671000,0.586261
3672000,0.596963
3673000,0.632048
3674000,475.237
3675000,0.641936
3676000,0.57411
3677000,0.585299
3678000,475.287
3679000,475.338
3680000,0.603001
3681000,475.264
3682000,0.609426
3683000,0.648386
3684000,475.363
3685000,0.529651
3686000,0.582168
3687000,0.616613
3688000,475.23
3689000,475.264
3690000,0.581776
3691000,0.628141
3692000,0.604974
3693000,475.34
3694000,475.33
3695000,475.285
3696000,0.592569
3697000,0.644285
3698000,0.580001
3699000,0.664346
3700000,475.309
3701000,475.369
3702000,0.68468
3703000,475.238
3704000,0.63384
3705000,0.640404
3706000,0.61387
3707000,0.596166
3708000,0.574283
3709000,475.375
3710000,0.643974
3711000,0.596125
3712000,0.620777
3713000,0.656001
3714000,0.677988
3715000,0.6591
3716000,0.620919
3717000,0.646468
3718000,475.295
3719000,0.66726
3720000,475.294
3721000,0.601846
3722000,0.65727
3723000,0.694218
3724000,0.618887
3725000,0.694462
3726000,0.662393
3727000,475.334
3728000,0.656166
3729000,475.316
3730000,475.352
3731000,0.63787
3732000,0.597765
3733000,0.559914
3734000,0.647065
3735000,0.604319
3736000,0.650142
3737000,0.595505
3738000,475.306
3739000,0.579194
3740000,0.616963
3741000,475.405
3742000,0.688496
3743000,0.651155
3744000,475.276
3745000,0.531562
3746000,0.602825
3747000,0.576004
3748000,0.607758
3749000,0.664709
3750000,475.39
3751000,0.665956
3752000,0.594357
3753000,475.352
3754000,475.32
3755000,0.642399
3756000,0.69668
3757000,0.485429
3758000,0.66593
3759000,0.644674
3760000,0.576634
3761000,0.599748
3762000,475.267
3763000,475.249
3764000,0.637244
3765000,475.312
3766000,0.592017
3767000,0.642466
3768000,475.276
3769000,475.317
3770000,475.288
3771000,475.331
3772000,0.661874
3773000,0.641936
3774000,0.614946
3775000,0.610982
3776000,475.278
3777000,0.63511
3778000,0.589258
3779000,475.404
3780000,0.558204
3781000,0.622086
3782000,0.649289
3783000,0.613952
3784000,0.616401
3785000,475.292
3786000,0.646278
3787000,0.652415
3788000,0.564784
3789000,0.514208
3790000,0.613348
3791000,0.599429
3792000,0.622599
3793000,0.62033
3794000,0.566535
3795000,0.661041
3796000,475.316
3797000,0.628426
3798000,0.593076
3799000,475.402
3800000,0.60462
3801000,0.589257
3802000,475.345
3803000,475.331
3804000,0.564102
3805000,0.596699
3806000,0.551371
3807000,475.3
3808000,0.624073
3809000,475.329
3810000,0.649927
3811000,0.623784
3812000,0.622829
3813000,475.302
3814000,475.343
3815000,0.603459
3816000,0.669987
3817000,0.632445
3818000,0.60911
3819000,0.634957
3820000,0.622702
3821000,475.247
3822000,475.284
3823000,0.567191
3824000,475.301
3825000,475.339
3826000,0.555549
3827000,0.607763
3828000,0.638991
3829000,475.32
3830000,0.633872
3831000,475.285
3832000,0.632555
3833000,475.344
3834000,475.316
3835000,0.67548
3836000,475.367
3837000,475.313
3838000,0.640878
3839000,0.631309
3840000,0.577061
3841000,475.354
3842000,0.657862
3843000,0.564774
3844000,475.319
3845000,0.669439
3846000,0.636307
3847000,0.575345
3848000,0.582347
3849000,0.641579
3850000,475.273
3851000,0.653875
3852000,0.578329
3853000,475.316
3854000,475.298
3855000,0.61219
3856000,0.624841
3857000,0.62879
3858000,475.315
3859000,0.649144
3860000,475.306
3861000,475.348
3862000,0.56932
3863000,0.617575
3864000,0.628704
3865000,0.603329
3866000,0.607882
3867000,0.626185
3868000,475.275
3869000,0.551356
3870000,475.3
3871000,475.376
3872000,0.612338
3873000,475.366
3874000,0.59346
3875000,0.603179
3876000,0.626286
3877000,475.406
3878000,0.620762
3879000,0.610821
3880000,475.326
3881000,0.702048
3882000,0.66856
3883000,475.319
3884000,0.672734
3885000,0.631034
3886000,0.675676
3887000,475.314
3888000,0.651726
3889000,0.580232
3890000,475.34
3891000,475.338
3892000,0.630654
3893000,0.580745
3894000,0.618464
3895000,475.271
3896000,475.3
3897000,0.650444
3898000,0.631831
3899000,0.585076
3900000,475.295
3901000,0.644079
3902000,0.640397
3903000,0.606672
3904000,475.345
3905000,0.590378
3906000,475.278
3907000,475.336
3908000,475.28
3909000,0.570434
3910000,0.629139
3911000,0.656049
3912000,0.67917
3913000,0.618055
3914000,0.604424
3915000,0.616581
3916000,475.317
3917000,0.559908
3918000,0.602815
3919000,0.60059
3920000,0.69345
3921000,0.672586
3922000,0.526386
3923000,0.615859
3924000,475.261
3925000,0.645465
3926000,475.322
3927000,475.338
3928000,0.593841
3929000,0.61093
3930000,0.542189
3931000,0.663699
3932000,0.634585
3933000,0.658404
3934000,0.587147
3935000,0.626951
3936000,475.277
3937000,0.602734
3938000,0.547694
3939000,475.249
3940000,475.269
3941000,475.393
3942000,0.651535
3943000,0.616424
3944000,0.678959
3945000,475.314
3946000,475.292
3947000,0.587652
3948000,0.588654
3949000,0.636763
3950000,475.358
3951000,0.64238
3952000,475.367
3953000,475.297
3954000,0.627224
3955000,475.366
3956000,0.624662
3957000,0.627515
3958000,0.490298
3959000,0.563167
3960000,0.602509
3961000,475.272
3962000,0.608986
3963000,0.637166
3964000,0.590599
3965000,0.602457
3966000,0.652074
3967000,0.613284
3968000,0.617978
3969000,0.676425
3970000,0.623385
3971000,475.253
3972000,0.571964
3973000,0.648121
3974000,0.643669
3975000,475.328
3976000,0.632078
3977000,0.649751
3978000,475.314
3979000,475.383
3980000,0.64694
3981000,0.629784
3982000,0.647282
3983000,475.314
3984000,0.655523
3985000,475.283
3986000,475.274
3987000,0.596308
3988000,0.652949
3989000,475.347
3990000,0.605459
3991000,0.652137
3992000,0.613439
3993000,475.273
3994000,0.613346
3995000,475.282
3996000,0.595154
3997000,0.566094
3998000,0.650428
3999000,0.658408
4000000,0.591587
4001000,475.275
4002000,0.552454
4003000,0.620129
4004000,0.590924
4005000,0.634384
4006000,0.64291
4007000,0.607668
4008000,475.295
4009000,0.613492
4010000,475.347
4011000,0.535833
4012000,0.611161
4013000,0.629725
4014000,475.293
4015000,0.616048
4016000,0.563903
4017000,475.289
4018000,0.679829
4019000,0.655859
4020000,0.681091
4021000,0.639492
4022000,0.628041
4023000,0.542838
4024000,0.617004
4025000,475.283
4026000,0.589354
4027000,475.296
4028000,0.63977
4029000,0.643124
4030000,0.62329
4031000,0.621526
4032000,0.597505
4033000,475.293
4034000,0.554261
4035000,0.641716
4036000,0.605999
4037000,0.555549
4038000,0.56756
4039000,475.418
4040000,475.359
4041000,0.563674
4042000,475.319
4043000,0.651088
4044000,0.653812
4045000,0.619312
4046000,0.650159
4047000,0.584477
4048000,475.286
4049000,0.669099
4050000,0.541322
4051000,0.622564
4052000,475.312
4053000,0.60693
4054000,0.593623
4055000,0.604401
4056000,0.604154
4057000,0.653607
4058000,0.561215
4059000,0.641013
4060000,0.579623
4061000,0.688629
4062000,0.604863
4063000,0.620245
4064000,0.583422
4065000,0.627736
4066000,0.573488
4067000,0.626385
4068000,475.29
4069000,475.297
4070000,0.630914
4071000,475.297
4072000,0.651545
4073000,475.326
4074000,0.580656
4075000,475.34
4076000,0.598005
4077000,475.31
4078000,0.617424
4079000,475.39
4080000,0.640036
4081000,475.306
4082000,0.604411
4083000,0.56366
4084000,475.195
4085000,0.672637
4086000,0.6091
4087000,475.344
4088000,475.388
4089000,0.652686
4090000,0.598614
4091000,0.531296
4092000,475.297
4093000,0.544519
4094000,0.672265
4095000,0.611436
4096000,0.549842
4097000,475.327
4098000,0.603524
4099000,0.593917
4100000,475.34
4101000,475.337
4102000,475.331
4103000,0.661419
4104000,0.73758
4105000,0.62199
4106000,0.53764
4107000,475.298
4108000,0.628398
4109000,0.66872
4110000,0.660695
4111000,475.318
4112000,0.559216
4113000,475.301
4114000,475.295
4115000,0.725752
4116000,0.632114
4117000,475.333
4118000,475.305
4119000,0.59895
4120000,475.275
4121000,0.652904
4122000,475.248
4123000,0.637752
4124000,0.673322
4125000,0.554841
4126000,475.392
4127000,0.579233
4128000,0.561685
4129000,0.648896
4130000,475.346
4131000,0.652884
4132000,475.377
4133000,475.334
4134000,475.352
4135000,0.614685
4136000,0.572489
4137000,0.623132
4138000,0.673969
4139000,0.623247
4140000,0.645439
4141000,0.641041
4142000,0.640431
4143000,0.665607
4144000,0.578217
4145000,0.69596
4146000,0.65364
4147000,0.677238
4148000,0.59671
4149000,0.597698
4150000,0.559587
4151000,0.642798
4152000,0.675032
4153000,475.327
4154000,0.640624
4155000,0.571428
4156000,0.608179
4157000,475.286
4158000,0.551113
4159000,0.64636
4160000,0.648259
4161000,475.293
4162000,0.603245
4163000,475.367
4164000,0.613059
4165000,0.624173
4166000,0.597322
4167000,0.630458
4168000,0.640809
4169000,0.640817
4170000,475.294
4171000,0.571933
4172000,0.631233
4173000,0.684015
4174000,0.523539
4175000,0.62507
4176000,0.592129
4177000,0.567214
4178000,0.626105
4179000,475.31
4180000,0.579983
4181000,475.35
4182000,0.67187
4183000,0.610512
4184000,0.61051
4185000,0.650983
4186000,0.614073
4187000,0.574299
4188000,0.633233
4189000,475.35
4190000,0.596044
4191000,0.51965
4192000,0.529777
4193000,475.347
4194000,475.28
4195000,475.314
4196000,0.671838
4197000,0.535211
4198000,475.278
4199000,0.638196
4200000,475.326
4201000,475.288
4202000,0.615287
4203000,0.621723
4204000,475.35
4205000,0.600134
4206000,0.574237
4207000,0.610851
4208000,0.565272
4209000,0.631128
4210000,0.645561
4211000,0.682337
4212000,0.565373
4213000,0.619914
4214000,475.324
4215000,0.634871
4216000,475.309
4217000,0.607676
4218000,475.341
4219000,0.70907
4220000,475.322
4221000,0.611834
4222000,0.617833
4223000,0.548453
4224000,0.548282
4225000,0.558471
4226000,475.328
4227000,475.334
4228000,0.571392
4229000,0.685631
4230000,475.321
4231000,0.661519
4232000,475.317
4233000,475.301
4234000,475.334
4235000,0.568342
4236000,0.620354
4237000,0.594218
4238000,0.551191
4239000,0.596745
4240000,0.610214
4241000,0.633435
4242000,475.337
4243000,0.681265
4244000,0.575399
4245000,475.323
4246000,0.641133
4247000,0.592787
4248000,475.297
4249000,0.5703
4250000,0.61699
4251000,475.316
4252000,475.315
4253000,0.675465
4254000,0.600931
4255000,0.583583
4256000,0.613489
4257000,0.64613
4258000,475.303
4259000,475.353
4260000,475.289
4261000,0.575571
4262000,0.624283
4263000,0.622595
4264000,0.61689
4265000,475.287
4266000,0.63384
4267000,0.555023
4268000,0.645543
4269000,0.595458
4270000,0.590718
4271000,475.343
4272000,0.575647
4273000,0.590413
4274000,475.339
4275000,0.580686
4276000,0.572234
4277000,0.603419
4278000,0.597571
4279000,0.662169
4280000,475.361
4281000,475.228
4282000,0.61704
4283000,0.583923
4284000,0.586592
4285000,475.306
4286000,475.29
4287000,475.328
4288000,0.629867
4289000,475.304
4290000,475.374
4291000,475.306
4292000,475.293
4293000,0.578062
4294000,475.352
4295000,0.56429
4296000,0.552815
4297000,0.604346
4298000,0.549994
4299000,0.568189
4300000,0.621545
4301000,0.575867
4302000,0.616775
4303000,0.640444
4304000,0.615145
4305000,0.582409
4306000,0.619771
4307000,0.583755
4308000,0.653469
4309000,0.620496
4310000,475.318
4311000,0.629717
4312000,0.634717
4313000,0.583348
4314000,0.630622
4315000,0.584521
4316000,0.621411
4317000,475.355
4318000,475.287
4319000,0.647382
4320000,475.3
4321000,475.307
4322000,0.692761
4323000,0.612493
4324000,0.633076
4325000,475.33
4326000,475.353
4327000,0.586411
4328000,0.600242
4329000,0.618431
4330000,0.670965
4331000,475.225
4332000,475.311
4333000,0.562301
4334000,475.342
4335000,475.362
4336000,0.58689
4337000,0.629884
4338000,0.606216
4339000,475.391
4340000,0.652255
4341000,475.357
4342000,0.648332
4343000,475.359
4344000,0.672054
4345000,0.659414
4346000,0.580449
4347000,475.323
4348000,0.659789
4349000,475.301
4350000,0.698188
4351000,0.621524
4352000,475.341
4353000,0.567553
4354000,0.555761
4355000,0.59109
4356000,475.348
4357000,0.568596
4358000,475.319
4359000,0.535977
4360000,475.401
4361000,0.668938
4362000,0.596037
4363000,475.378
4364000,0.656348
4365000,475.318
4366000,0.680131
4367000,0.642154
4368000,0.71016
4369000,0.578309
4370000,475.34
4371000,475.356
4372000,0.666841
4373000,0.59786
4374000,0.617635
4375000,0.617973
4376000,475.328
4377000,0.603173
4378000,0.688315
4379000,0.619049
4380000,475.355
4381000,0.548889
4382000,475.338
4383000,475.297
4384000,0.570963
4385000,0.599325
4386000,0.620631
4387000,475.404
4388000,0.535272
4389000,0.611801
4390000,0.610692
4391000,0.661685
4392000,0.600439
4393000,475.308
4394000,0.617862
4395000,475.254
4396000,475.339
4397000,0.667259
4398000,475.28
4399000,475.367
4400000,0.621226
4401000,475.313
4402000,0.717503
4403000,0.58957
4404000,475.309
4405000,0.606916
4406000,0.600463
4407000,475.238
4408000,0.628091
4409000,475.338
4410000,0.57013
4411000,475.344
4412000,0.630772
4413000,0.626879
4414000,0.63204
4415000,0.596879
4416000,0.64257
4417000,0.574331
4418000,0.597451
4419000,0.663206
4420000,0.650312
4421000,0.610908
4422000,475.32
4423000,0.6911
4424000,0.638033
4425000,0.628533
4426000,475.352
4427000,0.714824
4428000,475.314
4429000,475.33
4430000,475.331
4431000,0.643134
4432000,475.257
4433000,0.616054
4434000,475.276
4435000,475.377
4436000,0.666111
4437000,475.354
4438000,475.344
4439000,0.650508
4440000,475.299
4441000,475.293
4442000,475.344
4443000,475.352
4444000,475.386
4445000,475.243
4446000,475.249
4447000,475.247
4448000,475.258
4449000,0.580945
4450000,475.326
4451000,475.321
4452000,0.605391
4453000,0.681905
4454000,475.35
4455000,0.602985
4456000,0.528418
4457000,0.691865
4458000,0.574824
4459000,0.59874
4460000,0.549054
4461000,0.584655
4462000,475.333
4463000,0.614592
4464000,475.351
4465000,475.305
4466000,475.348
4467000,0.626466
4468000,0.586834
4469000,475.253
4470000,475.304
4471000,475.295
4472000,475.357
4473000,475.294
4474000,0.634436
4475000,0.582941
4476000,475.249
4477000,475.322
4478000,0.603538
4479000,0.59426
4480000,0.629627
4481000,0.62586
4482000,475.382
4483000,475.312
4484000,0.496111
4485000,475.395
4486000,475.25
4487000,0.641036
4488000,475.274
4489000,0.659102
4490000,475.313
4491000,475.362
4492000,0.692956
4493000,475.33
4494000,475.334
4495000,0.588901
4496000,0.593852
4497000,475.318
4498000,0.7079
4499000,475.22
4500000,0.648772
4501000,475.347
4502000,0.653522
4503000,475.314
4504000,0.632724
4505000,0.671249
4506000,475.327
4507000,475.304
4508000,0.554103
4509000,0.635953
4510000,0.646899
4511000,475.296
4512000,475.363
4513000,0.63607
4514000,475.234
4515000,0.57929
4516000,0.602557
4517000,0.529371
4518000,0.63203
4519000,475.357
4520000,0.590308
4521000,0.641223
4522000,475.261
4523000,475.262
4524000,0.499123
4525000,0.600493
4526000,0.538131
4527000,0.575661
4528000,0.592626
4529000,0.604686
4530000,475.299
4531000,0.612864
4532000,0.642869
4533000,0.685775
4534000,475.348
4535000,475.308
4536000,475.294
4537000,0.625535
4538000,0.622136
4539000,0.595518
4540000,0.588337
4541000,0.548316
4542000,475.317
4543000,0.632472
4544000,0.555761
4545000,0.600606
4546000,0.630914
4547000,0.597941
4548000,0.675041
4549000,0.652903
4550000,475.327
4551000,475.29
4552000,0.686589
4553000,475.311
4554000,475.324
4555000,0.625093
4556000,0.626557
4557000,475.287
4558000,0.625433
4559000,475.278
4560000,0.52827
4561000,0.550304
4562000,475.311
4563000,0.670473
4564000,0.554742
4565000,0.621144
4566000,475.295
4567000,0.585743
4568000,475.328
4569000,0.60453
4570000,475.347
4571000,475.307
4572000,0.696142
4573000,0.586266
4574000,0.665258
4575000,475.313
4576000,475.326
4577000,0.604231
4578000,475.323
4579000,475.27
4580000,475.356
4581000,0.632821
4582000,475.325
4583000,0.639519
4584000,475.311
4585000,475.313
4586000,475.346
4587000,475.351
4588000,0.635666
4589000,475.3
4590000,475.364
4591000,0.624694
4592000,0.593776
4593000,475.331
4594000,0.622745
4595000,475.397
4596000,0.641129
4597000,0.599959
4598000,0.70888
4599000,475.336
4600000,0.586473
4601000,0.628575
4602000,475.288
4603000,0.579971
4604000,0.586054
4605000,0.502292
4606000,475.271
4607000,475.296
4608000,0.575616
4609000,0.652019
4610000,475.328
4611000,0.555644
4612000,0.591864
4613000,475.326
4614000,0.651074
4615000,475.285
4616000,0.54895
4617000,0.62421
4618000,0.698947
4619000,0.601156
4620000,0.634716
4621000,475.307
4622000,0.580544
4623000,475.269
4624000,0.656839
4625000,0.554568
4626000,0.628171
4627000,0.551287
4628000,0.5568
4629000,0.639936
4630000,0.572057
4631000,475.316
4632000,0.556765
4633000,475.298
4634000,0.620802
4635000,0.619446
4636000,0.740922
4637000,475.217
4638000,475.277
4639000,0.675157
4640000,0.586989
4641000,0.544239
4642000,0.587142
4643000,0.57988
4644000,0.556268
4645000,0.661744
4646000,0.649592
4647000,0.624447
4648000,0.641469
4649000,475.278
4650000,0.707383
4651000,0.614511
4652000,0.610819
4653000,475.283
4654000,0.592696
4655000,0.60152
4656000,475.25
4657000,0.590288
4658000,0.601133
4659000,0.615797
4660000,0.612725
4661000,0.610165
4662000,0.617771
4663000,475.312
4664000,0.63135
4665000,0.600457
4666000,0.636982
4667000,0.564178
4668000,0.611073
4669000,0.537651
4670000,0.610745
4671000,0.651232
4672000,0.625754
4673000,0.602814
4674000,0.587664
4675000,0.581716
4676000,0.601816
4677000,0.695026
4678000,0.611906
4679000,475.289
4680000,0.613018
4681000,475.419
4682000,0.612083
4683000,0.579596
4684000,0.632269
4685000,0.662698
4686000,0.64864
4687000,0.613835
4688000,0.63237
4689000,0.562707
4690000,0.615074
4691000,0.601203
4692000,475.328
4693000,0.5636
4694000,0.59834
4695000,0.580349
4696000,475.302
4697000,0.581239
4698000,0.598796
4699000,0.647317
4700000,0.613257
4701000,0.585967
4702000,0.618047
4703000,0.606079
4704000,475.412
4705000,475.342
4706000,0.606524
4707000,475.369
4708000,0.54319
4709000,475.375
4710000,475.262
4711000,0.605549
4712000,475.223
4713000,0.528499
4714000,0.53628
4715000,475.355
4716000,0.709132
4717000,475.264
4718000,475.336
4719000,0.564568
4720000,0.602456
4721000,0.564166
4722000,0.603107
4723000,0.632974
4724000,475.238
4725000,0.671972
4726000,0.638301
4727000,0.601665
4728000,0.585878
4729000,0.568787
4730000,0.570204
4731000,0.665822
4732000,0.543088
4733000,475.288
4734000,475.304
4735000,0.608299
4736000,0.604823
4737000,0.650857
4738000,0.58795
4739000,0.677349
4740000,475.339
4741000,0.616035
4742000,0.603244
4743000,0.60461
4744000,475.252
4745000,0.608494
4746000,0.621957
4747000,475.237
4748000,0.519278
4749000,0.619278
4750000,475.332
4751000,475.373
4752000,475.263
4753000,0.537948
4754000,475.326
4755000,475.353
4756000,0.631452
4757000,475.334
4758000,475.331
4759000,0.583815
4760000,0.63402
4761000,0.637615
4762000,475.355
4763000,0.603054
4764000,0.579534
4765000,475.281
4766000,0.685066
4767000,0.582888
4768000,0.638663
4769000,0.570795
4770000,0.575063
4771000,475.3
4772000,475.363
4773000,0.602473
4774000,475.323
4775000,475.293
4776000,0.602244
4777000,475.396
4778000,0.604777
4779000,0.623189
4780000,0.569127
4781000,0.659927
4782000,0.677833
4783000,0.687093
4784000,475.277
4785000,475.333
4786000,0.542642
4787000,0.597619
4788000,0.612287
4789000,0.635385
4790000,0.673864
4791000,0.592009
4792000,475.339
4793000,0.616848
4794000,0.605265
4795000,475.316
4796000,475.37
4797000,475.251
4798000,0.60955
4799000,475.28
4800000,0.568083
4801000,0.549174
4802000,475.286
4803000,0.648569
4804000,0.615258
4805000,0.631312
4806000,0.58308
4807000,475.266
4808000,475.274
4809000,0.544994
4810000,0.615818
4811000,0.653289
4812000,0.649953
4813000,0.672018
4814000,0.635797
4815000,0.632396
4816000,0.580543
4817000,0.640611
4818000,0.651054
4819000,475.308
4820000,475.377
4821000,0.546408
4822000,0.6423
4823000,0.599694
4824000,0.613931
4825000,0.649861
4826000,475.335
4827000,0.5557
4828000,0.571232
4829000,0.590496
4830000,0.608016
4831000,0.602487
4832000,0.550043
4833000,0.593676
4834000,475.273
4835000,0.606781
4836000,0.568319
4837000,475.402
4838000,0.592322
4839000,475.401
4840000,0.649159
4841000,0.600466
4842000,0.634116
4843000,0.645127
4844000,475.36
4845000,475.374
4846000,0.615249
4847000,475.358
4848000,0.640174
4849000,0.594266
4850000,0.622153
4851000,0.57017
4852000,475.319
4853000,475.324
4854000,0.623453
4855000,0.640719
4856000,475.293
4857000,0.636552
4858000,475.319
4859000,0.652464
4860000,0.604808
4861000,475.295
4862000,0.549087
4863000,0.607295
4864000,0.580253
4865000,0.624186
4866000,475.338
4867000,475.326
4868000,0.675115
4869000,0.635171
4870000,0.64412
4871000,475.283
4872000,0.5985
4873000,0.565096
4874000,0.708502
4875000,475.283
4876000,475.256
4877000,475.352
4878000,475.382
4879000,0.561526
4880000,0.673883
4881000,475.291
4882000,0.668477
4883000,475.324
4884000,0.593637
4885000,0.583781
4886000,0.61779
4887000,0.623595
4888000,0.596058
4889000,0.623409
4890000,0.569119
4891000,475.307
4892000,475.341
4893000,0.686819
4894000,0.641549
4895000,475.26
4896000,0.608908
4897000,475.321
4898000,0.687341
4899000,0.547967
4900000,0.627725
4901000,0.648063
4902000,475.38
4903000,475.31
4904000,0.588557
4905000,0.653669
4906000,475.318
4907000,0.596332
4908000,0.571192
4909000,0.623371
4910000,475.308
4911000,0.583766
4912000,0.600309
4913000,0.597025
4914000,0.616038
4915000,0.627654
4916000,475.363
4917000,0.667085
4918000,0.683887
4919000,0.659461
4920000,0.697489
4921000,0.628972
4922000,0.651714
4923000,0.545132
4924000,0.694076
4925000,0.589037
4926000,0.592681
4927000,0.603287
4928000,0.674963
4929000,0.6427
4930000,475.383
4931000,475.372
4932000,0.686893
4933000,0.656666
4934000,0.57206
4935000,0.609981
4936000,0.649326
4937000,0.565406
4938000,0.616737
4939000,0.577885
4940000,0.649701
4941000,0.607212
4942000,475.316
4943000,0.590763
4944000,0.693588
4945000,475.318
4946000,0.591555
4947000,0.686838
4948000,0.572528
4949000,475.343
4950000,0.646743
4951000,475.342
4952000,0.627563
4953000,0.638386
4954000,0.625485
4955000,475.216
4956000,475.3
4957000,0.626664
4958000,0.63267
4959000,0.63154
4960000,0.665956
4961000,0.584105
4962000,0.581501
4963000,0.695035
4964000,0.597484
4965000,475.234
4966000,475.306
4967000,0.5055
4968000,0.596446
4969000,0.683263
4970000,0.509178
4971000,0.652048
4972000,0.592803
4973000,0.534881
4974000,0.626794
4975000,475.333
4976000,475.334
4977000,0.58582
4978000,0.634221
4979000,0.669108
4980000,475.269
4981000,0.612598
4982000,0.637252
4983000,0.566397
4984000,0.603596
4985000,0.630029
4986000,0.573769
4987000,0.605436
4988000,475.36
4989000,475.321
4990000,0.63313
4991000,475.346
4992000,0.608177
4993000,0.567285
4994000,475.321
4995000,475.274
4996000,475.319
4997000,0.591753
4998000,0.620102
4999000,0.636429
5000000,0.627597
5001000,0.577375
5002000,0.600727
5003000,0.613956
5004000,475.276
5005000,0.628244
5006000,0.63205
5007000,0.666434
5008000,0.696443
5009000,0.58617
5010000,0.623138
5011000,0.679346
5012000,475.316
5013000,0.599415
5014000,0.675758
5015000,0.550692
5016000,0.641824
5017000,0.639115
5018000,0.583092
5019000,475.365
5020000,0.644895
5021000,0.642747
5022000,0.658888
5023000,0.626082
5024000,475.369
5025000,0.547202
5026000,475.29
5027000,0.596333
5028000,475.309
5029000,0.659449
5030000,0.612035
5031000,0.584161
5032000,475.304
5033000,0.61906
5034000,475.311
5035000,475.284
5036000,0.674398
5037000,475.272
5038000,475.336
5039000,475.375
5040000,475.275
5041000,475.304
5042000,0.660117
5043000,0.585167
5044000,475.278
5045000,475.305
5046000,0.568082
5047000,0.586956
5048000,0.637039
5049000,0.587456
5050000,0.633708
5051000,0.615161
5052000,0.592285
5053000,475.339
5054000,0.53938
5055000,475.317
5056000,0.641995
5057000,0.564443
5058000,0.599151
5059000,0.625964
5060000,0.574034
5061000,475.344
5062000,0.636221
5063000,475.279
5064000,0.606929
5065000,0.564267
5066000,0.672081
5067000,0.610925
5068000,0.645187
5069000,0.639436
5070000,0.641538
5071000,0.593655
5072000,475.281
5073000,0.701725
5074000,0.660616
5075000,0.590478
5076000,0.576717
5077000,0.613184
5078000,0.57157
5079000,475.301
5080000,0.57921
5081000,0.700096
5082000,475.329
5083000,0.632005
5084000,475.365
5085000,475.308
5086000,0.64154
5087000,0.583803
5088000,0.653849
5089000,475.29
5090000,0.576741
5091000,0.644463
5092000,0.639579
5093000,0.650097
5094000,475.357
5095000,475.282
5096000,0.688553
5097000,0.590165
5098000,0.529456
5099000,0.582816
5100000,0.609898
5101000,0.621836
5102000,0.603409
5103000,0.643862
5104000,475.394
5105000,0.638665
5106000,475.347
5107000,475.32
5108000,0.594427
5109000,0.614731
5110000,0.71555
5111000,475.359
5112000,475.396
5113000,475.276
5114000,475.25
5115000,0.667181
5116000,475.268
5117000,0.597771
5118000,0.564412
5119000,0.663325
5120000,0.580012
5121000,0.663064
5122000,0.659688
5123000,475.354
5124000,0.562025
5125000,0.559607
5126000,0.609521
5127000,0.595124
5128000,0.613482
5129000,475.28
5130000,0.645188
5131000,475.301
5132000,0.60931
5133000,0.593022
5134000,0.572507
5135000,0.648964
5136000,475.268
5137000,0.632183
5138000,0.659883
5139000,475.333
5140000,0.529866
5141000,0.579169
5142000,475.324
5143000,0.576949
5144000,0.587259
5145000,475.265
5146000,475.315
5147000,475.358
5148000,0.626903
5149000,0.563747
5150000,0.634737
5151000,0.640333
5152000,475.288
5153000,475.268
5154000,0.662399
5155000,0.646535
5156000,0.602845
5157000,0.588168
5158000,475.287
5159000,475.337
5160000,0.678697
5161000,0.68324
5162000,0.593841
5163000,475.396
5164000,0.606808
5165000,0.634597
5166000,0.614351
5167000,0.618563
5168000,0.614808
5169000,0.625005
5170000,0.61436
5171000,0.625505
5172000,0.561836
5173000,0.691393
5174000,0.670371
5175000,475.408
5176000,0.661152
5177000,475.323
5178000,0.568033
5179000,475.273
5180000,475.344
5181000,0.599923
5182000,475.274
5183000,0.603777
5184000,0.633638
5185000,0.655153
5186000,0.58764
5187000,0.60357
5188000,0.612216
5189000,0.587579
5190000,0.633233
5191000,475.337
5192000,475.37
5193000,0.600276
5194000,0.661418
5195000,0.608835
5196000,0.677841
5197000,0.619561
5198000,475.291
5199000,0.614924
5200000,0.597823
5201000,0.558166
5202000,475.291
5203000,0.598024
5204000,475.327
5205000,475.269
5206000,0.605566
5207000,475.308
5208000,475.304
5209000,0.547292
5210000,0.578773
5211000,0.610261
5212000,475.329
5213000,475.384
5214000,0.666471
5215000,0.651913
5216000,0.603781
5217000,475.319
5218000,0.649285
5219000,0.629954
5220000,0.63707
5221000,0.64584
5222000,0.680015
5223000,0.571757
5224000,0.6194
5225000,0.680422
5226000,0.668481
5227000,0.650162
5228000,0.602045
5229000,475.289
5230000,475.315
5231000,475.258
5232000,475.326
5233000,475.309
5234000,0.608244
5235000,475.341
5236000,0.573191
5237000,475.385
5238000,475.372
5239000,475.385
5240000,0.686362
5241000,475.302
5242000,0.60421
5243000,475.348
5244000,475.35
5245000,475.364
5246000,475.347
5247000,0.592591
5248000,0.629412
5249000,0.61747
5250000,475.315
5251000,0.618936
5252000,0.632085
5253000,0.509679
5254000,0.659991
5255000,0.644814
5256000,0.630126
5257000,0.567465
5258000,0.574237
5259000,0.648285
5260000,475.279
5261000,0.589664
5262000,475.402
5263000,0.607606
5264000,0.694214
5265000,0.615573
5266000,0.610513
5267000,475.328
5268000,0.615631
5269000,0.603127
5270000,0.690063
5271000,0.596172
5272000,0.583404
5273000,0.597571
5274000,0.615619
5275000,0.672281
5276000,0.574183
5277000,0.651864
5278000,0.595035
5279000,0.61921
5280000,0.625852
5281000,0.558976
5282000,0.638607
5283000,0.639058
5284000,0.58951
5285000,0.635342
5286000,0.604073
5287000,0.634902
5288000,0.548398
5289000,0.671618
5290000,0.571712
5291000,0.569647
5292000,0.664493
5293000,0.667966
5294000,0.708012
5295000,0.577671
5296000,0.551839
5297000,0.663189
5298000,0.650447
5299000,0.580503
5300000,0.570837
5301000,0.641683
5302000,0.673733
5303000,0.576915
5304000,0.611508
5305000,0.57475
5306000,0.680108
5307000,0.586476
5308000,0.615762
5309000,0.589682
5310000,0.56533
5311000,0.648937
5312000,0.636301
5313000,0.670195
5314000,0.645187
5315000,0.601002
5316000,0.667257
5317000,0.667116
5318000,0.626069
5319000,0.56951
5320000,0.531921
5321000,0.597918
5322000,0.61506
5323000,0.621756
5324000,0.589359
5325000,0.644328
5326000,0.623862
5327000,0.693782
5328000,0.581269
5329000,0.678285
5330000,0.588179
5331000,0.602146
5332000,0.613191
5333000,0.645315
5334000,0.694721
5335000,0.726359
5336000,0.682976
5337000,0.594745
5338000,0.594263
5339000,0.579314
5340000,0.635914
5341000,0.571485
5342000,0.672785
5343000,0.695341
5344000,0.674159
5345000,0.622931
5346000,0.615851
5347000,0.618066
5348000,0.616279
5349000,0.674181
5350000,0.583358
5351000,0.593817
5352000,0.563246
5353000,0.664215
5354000,0.564756
5355000,0.611752
5356000,0.597791
5357000,0.564019
5358000,0.619028
5359000,0.582465
5360000,0.644514
5361000,0.559888
5362000,0.709677
5363000,0.627112
5364000,0.606143
5365000,0.648223
5366000,0.609416
5367000,0.633917
5368000,0.531301
5369000,0.66172
5370000,0.587154
5371000,0.576222
5372000,0.640983
5373000,0.56883
5374000,0.616553
5375000,0.687099
5376000,0.596275
5377000,0.573538
5378000,0.717253
5379000,0.590249
5380000,0.63845
5381000,0.616885
5382000,0.647388
5383000,0.638146
5384000,0.646436
5385000,0.579711
5386000,0.571274
5387000,0.593095
5388000,0.579645
5389000,0.620159
5390000,0.631634
5391000,0.59669
5392000,0.631023
5393000,0.636245
5394000,0.658802
5395000,0.574185
5396000,0.605564
5397000,0.633494
5398000,0.608074
5399000,0.57166
5400000,0.565771
5401000,0.59956
5402000,0.629508
5403000,0.556887
5404000,0.667597
5405000,0.629798
5406000,0.612576
5407000,0.643196
5408000,0.724157
5409000,0.602714
5410000,0.595991
5411000,0.680596
5412000,0.684623
5413000,0.634916
5414000,0.585253
5415000,0.659101
5416000,0.540381
5417000,0.610718
5418000,0.591658
5419000,0.630405
5420000,0.649074
5421000,0.640806
5422000,0.647616
5423000,0.562037
5424000,0.57746
5425000,0.645502
5426000,0.610167
5427000,0.5998
5428000,0.588703
5429000,0.608912
5430000,0.642224
5431000,0.649801
5432000,0.686352
5433000,0.509936
5434000,0.570904
5435000,0.55204
5436000,0.614446
5437000,0.611268
5438000,0.628654
5439000,0.632898
5440000,0.60417
5441000,0.592641
5442000,0.654409
5443000,0.631953
5444000,0.627451
5445000,0.604928
5446000,0.62365
5447000,0.572788
5448000,0.609109
5449000,0.598559
5450000,0.654082
5451000,0.640281
5452000,0.576255
5453000,0.603389
5454000,0.628623
5455000,0.612579
5456000,0.669988
5457000,0.691769
5458000,0.662438
5459000,0.561001
5460000,0.569356
5461000,0.653911
5462000,0.632424
5463000,0.657985
5464000,0.642026
5465000,0.616861
5466000,0.667928
5467000,0.603599
5468000,0.568644
5469000,0.648325
5470000,0.672227
5471000,0.58932
5472000,0.63975
5473000,0.564948
5474000,0.599759
5475000,0.53916
5476000,0.620396
5477000,0.540655
5478000,0.600666
5479000,0.581054
5480000,0.618174
5481000,0.599183
5482000,0.635682
5483000,0.598828
5484000,0.587159
5485000,0.684192
5486000,0.559673
5487000,0.628602
5488000,0.648004
5489000,0.599536
5490000,0.642648
5491000,0.568759
5492000,0.578851
5493000,0.654499
5494000,0.602583
5495000,0.594822
5496000,0.607718
5497000,0.670667
5498000,0.573754
5499000,0.612887
5500000,0.577532
5501000,0.61924
5502000,0.698309
5503000,0.661309
5504000,0.574445
5505000,0.599011
5506000,0.58541
5507000,0.554671
5508000,0.605132
5509000,0.557647
5510000,0.617402
5511000,0.663781
5512000,0.576966
5513000,0.570848
5514000,0.656851
5515000,0.640781
5516000,0.640633
5517000,0.57738
5518000,0.561998
5519000,0.649076
5520000,0.581583
5521000,0.660252
5522000,0.626826
5523000,0.629748
5524000,0.63747
5525000,0.611391
5526000,0.65296
5527000,0.633518
5528000,0.646498
5529000,0.63198
5530000,0.674926
5531000,0.588697
5532000,0.580471
5533000,0.607665
5534000,0.71173
5535000,0.576635
5536000,0.669397
5537000,0.602606
5538000,0.540521
5539000,0.671164
5540000,0.563107
5541000,0.607971
5542000,0.566766
5543000,0.634001
5544000,0.523931
5545000,0.603201
5546000,0.591463
5547000,0.655472
5548000,0.636312
5549000,0.576005
5550000,0.686551
5551000,0.657755
5552000,0.616435
5553000,0.642861
5554000,0.65298
5555000,0.609081
5556000,0.512658
5557000,0.592791
5558000,0.60236
5559000,0.644651
5560000,0.616498
5561000,0.530672
5562000,0.615032
5563000,0.652951
5564000,0.65607
5565000,0.581819
5566000,0.549007
5567000,0.55237
5568000,0.631533
5569000,0.631634
5570000,0.620244
5571000,0.594641
5572000,0.63497
5573000,0.594972
5574000,0.574757
5575000,0.661556
5576000,0.640006
5577000,0.599873
5578000,0.598327
5579000,0.598687
5580000,0.597519
5581000,0.655349
5582000,0.611572
5583000,0.614901
5584000,0.620879
5585000,0.562883
5586000,0.632393
5587000,0.668905
5588000,0.598439
5589000,0.645598
5590000,0.591055
5591000,0.598806
5592000,0.602251
5593000,0.707309
5594000,0.629515
5595000,0.641362
5596000,0.621709
5597000,0.682567
5598000,0.606288
5599000,0.601008
5600000,0.631392
5601000,0.610456
5602000,0.587148
5603000,0.567373
5604000,0.67173
5605000,0.579598
5606000,0.604655
5607000,0.60787
5608000,0.667347
5609000,0.638356
5610000,0.683401
5611000,0.603709
5612000,0.612567
5613000,0.61922
5614000,0.638713
5615000,0.609034
5616000,0.669861
5617000,0.592337
5618000,0.564297
5619000,0.650601
5620000,0.614824
5621000,0.648888
5622000,0.584129
5623000,0.593028
5624000,0.604736
5625000,0.568156
5626000,0.638016
5627000,0.597137
5628000,0.607706
5629000,0.620034
5630000,0.627883
5631000,0.69619
5632000,0.713913
5633000,0.588641
5634000,0.642329
5635000,0.637503
5636000,0.612311
5637000,0.619198
5638000,0.671142
5639000,0.662426
5640000,0.634455
5641000,0.531356
5642000,0.582185
5643000,0.596101
5644000,0.659475
5645000,0.558791
5646000,0.551774
5647000,0.603039
5648000,0.663767
5649000,0.685789
5650000,0.644974
5651000,0.614715
5652000,0.607931
5653000,0.70233
5654000,0.622957
5655000,0.616017
5656000,0.528982
5657000,0.639179
5658000,0.649496
5659000,0.51825
5660000,0.637238
5661000,0.588472
5662000,0.56447
5663000,0.63058
5664000,0.589563
5665000,0.598312
5666000,0.59388
5667000,0.644856
5668000,0.667792
5669000,0.62532
5670000,0.624212
5671000,0.642703
5672000,0.619318
5673000,0.697088
5674000,0.604173
5675000,0.628453
5676000,0.615551
5677000,0.631958
5678000,0.632417
5679000,0.624194
5680000,0.617006
5681000,0.563197
5682000,0.571168
5683000,0.596032
5684000,0.619941
5685000,0.594207
5686000,0.620429
5687000,0.53111
5688000,0.689253
5689000,0.601222
5690000,0.619755
5691000,0.58627
5692000,0.59809
5693000,0.621637
5694000,0.618611
5695000,0.661513
5696000,0.655233
5697000,0.587468
5698000,0.620868
5699000,0.632298
5700000,0.58401
5701000,0.620875
5702000,0.605205
5703000,0.652151
5704000,0.634634
5705000,0.600284
5706000,0.58017
5707000,0.604737
5708000,0.634701
5709000,0.645362
5710000,0.585239
5711000,0.648512
5712000,0.639928
5713000,0.673959
5714000,0.610968
5715000,0.679002
5716000,0.589037
5717000,0.635082
5718000,0.612805
5719000,0.556899
5720000,0.684039
5721000,0.587709
5722000,0.640639
5723000,0.625736
5724000,0.585782
5725000,0.602537
5726000,0.601992
5727000,0.573321
5728000,0.593987
5729000,0.666443
5730000,0.661161
5731000,0.671019
5732000,0.608772
5733000,0.606948
5734000,0.603372
5735000,0.578238
5736000,0.613644
5737000,0.6435
5738000,0.638277
5739000,0.654898
5740000,0.639257
5741000,0.569982
5742000,0.67985
5743000,0.654466
5744000,0.654009
5745000,0.650639
5746000,0.611926
5747000,0.561202
5748000,0.571783
5749000,0.645598
5750000,0.606695
5751000,0.552094
5752000,0.650001
5753000,0.630278
5754000,0.563354
5755000,0.614341
5756000,0.533302
5757000,0.669036
5758000,0.675699
5759000,0.6294
5760000,0.634767
5761000,0.549165
5762000,0.641309
5763000,0.652125
5764000,0.684536
5765000,0.702474
5766000,0.64463
5767000,0.616223
5768000,0.624011
5769000,0.588326
5770000,0.572864
5771000,0.58157
5772000,0.641317
5773000,0.611707
5774000,0.639771
5775000,0.624906
5776000,0.585836
5777000,0.593586
5778000,0.592771
5779000,0.63484
5780000,0.673542
5781000,0.626669
5782000,0.672805
5783000,0.554488
5784000,0.637203
5785000,0.625885
5786000,0.600137
5787000,0.666862
5788000,0.592411
5789000,0.599525
5790000,0.673191
5791000,0.645592
5792000,0.687464
5793000,0.658122
5794000,0.68152
5795000,0.652921
5796000,0.624291
5797000,0.629864
5798000,0.638077
5799000,0.559224
5800000,0.600456
5801000,0.633024
5802000,0.664593
5803000,0.591874
5804000,0.595181
5805000,0.654289
5806000,0.625586
5807000,0.63786
5808000,0.630661
5809000,0.638715
5810000,0.574161
5811000,0.591703
5812000,0.633136
5813000,0.550878
5814000,0.668836
5815000,0.595883
5816000,0.633139
5817000,0.599639
5818000,0.633605
5819000,0.645767
5820000,0.641174
5821000,0.636586
5822000,0.593308
5823000,0.522255
5824000,0.616979
5825000,0.616669
5826000,0.57016
5827000,0.683707
5828000,0.648857
5829000,0.621613
5830000,0.532774
5831000,0.611536
5832000,0.688714
5833000,0.575806
5834000,0.588528
5835000,0.634738
5836000,0.52564
5837000,0.631044
5838000,0.672647
5839000,0.59833
5840000,0.610298
5841000,0.656903
5842000,0.606684
5843000,0.54899
5844000,0.702657
5845000,0.603051
5846000,0.579608
5847000,0.670443
5848000,0.585671
5849000,0.619524
5850000,0.536928
5851000,0.628745
5852000,0.601766
5853000,0.602267
5854000,0.578698
5855000,0.578276
5856000,0.623086
5857000,0.615938
5858000,0.526874
5859000,0.583744
5860000,0.686275
5861000,0.540915
5862000,0.599199
5863000,0.561611
5864000,0.590592
5865000,0.655232
5866000,0.632982
5867000,0.623415
5868000,0.656855
5869000,0.628465
5870000,0.693962
5871000,0.570097
5872000,0.559252
5873000,0.622918
5874000,0.637401
5875000,0.620774
5876000,0.684829
5877000,0.663607
5878000,0.603748
5879000,0.582803
5880000,0.554744
5881000,0.615084
5882000,0.686846
5883000,0.667425
5884000,0.678408
5885000,0.630019
5886000,0.601647
5887000,0.5939
5888000,0.577633
5889000,0.65204
5890000,0.642062
5891000,0.64604
5892000,0.601813
5893000,0.588499
5894000,0.638634
5895000,0.624056
5896000,0.573209
5897000,0.622008
5898000,0.614738
5899000,0.60591
5900000,0.63672
5901000,0.613435
5902000,0.593635
5903000,0.660449
5904000,0.559377
5905000,0.566495
5906000,0.553638
5907000,0.615596
5908000,0.584176
5909000,0.62044
5910000,0.591977
5911000,0.649484
5912000,0.61024
5913000,0.525597
5914000,0.593556
5915000,0.574108
5916000,0.638276
5917000,0.625694
5918000,0.672441
5919000,0.629658
5920000,0.681303
5921000,0.622878
5922000,0.606841
5923000,0.645246
5924000,0.624146
5925000,0.598388
5926000,0.595514
5927000,0.659878
5928000,0.6169
5929000,0.667
5930000,0.590856
5931000,0.539338
5932000,0.593851
5933000,0.625876
5934000,0.622487
5935000,0.645422
5936000,0.57994
5937000,0.567514
5938000,0.65772
5939000,0.530791
5940000,0.662215
5941000,0.625649
5942000,0.567772
5943000,0.610742
5944000,0.631116
5945000,0.690368
5946000,0.517088
5947000,0.571027
5948000,0.587182
5949000,0.644239
5950000,0.684992
5951000,0.697271
5952000,0.648257
5953000,0.622875
5954000,0.654044
5955000,0.65287
5956000,0.531985
5957000,0.615308
5958000,0.636156
5959000,0.567564
5960000,0.673922
5961000,0.557593
5962000,0.552278
5963000,0.577211
5964000,0.611326
5965000,0.594328
5966000,0.534584
5967000,0.590043
5968000,0.62916
5969000,0.550377
5970000,0.544159
5971000,0.627042
5972000,0.647985
5973000,0.665599
5974000,0.558713
5975000,0.611383
5976000,0.580024
5977000,0.644838
5978000,0.609557
5979000,0.591398
5980000,0.632493
5981000,0.55106
5982000,0.585626
5983000,0.610159
5984000,0.625891
5985000,0.652865
5986000,0.654103
5987000,0.623992
5988000,0.621889
5989000,0.656684
5990000,0.707322
5991000,0.626552
5992000,0.645982
5993000,0.630726
5994000,0.603622
5995000,0.564348
5996000,0.590201
5997000,0.633164
5998000,0.613508
5999000,0.662375
6000000,0.589103
6001000,0.5361
6002000,0.621234
6003000,0.614821
6004000,0.5873
6005000,0.629298
6006000,0.578361
6007000,0.617348
6008000,0.560783
6009000,0.539592
6010000,0.639812
6011000,0.60275
6012000,0.678573
6013000,0.655221
6014000,0.663786
6015000,0.671053
6016000,0.604822
6017000,0.606104
6018000,0.558066
6019000,0.598343
6020000,0.606449
6021000,0.619323
6022000,0.680019
6023000,0.643501
6024000,0.587628
6025000,0.599493
6026000,0.629975
6027000,0.578038
6028000,0.725167
6029000,0.634806
6030000,0.622532
6031000,0.629416
6032000,0.626172
6033000,0.63966
6034000,0.692419
6035000,0.580778
6036000,0.569876
6037000,0.578443
6038000,0.633474
6039000,0.683501
6040000,0.605818
6041000,0.673989
6042000,0.605274
6043000,0.629121
6044000,0.606673
6045000,0.591947
6046000,0.689254
6047000,0.63631
6048000,0.548406
6049000,0.712999
6050000,0.591089
6051000,0.637367
6052000,0.591232
6053000,0.639661
6054000,0.660169
6055000,0.619885
6056000,0.624552
6057000,0.574668
6058000,0.629137
6059000,0.630652
6060000,0.509082
6061000,0.549411
6062000,0.633743
6063000,0.621994
6064000,0.645144
6065000,0.598449
6066000,0.655686
6067000,0.593923
6068000,0.620834
6069000,0.543557
6070000,0.580951
6071000,0.665315
6072000,0.649856
6073000,0.617287
6074000,0.561611
6075000,0.577606
6076000,0.658325
6077000,0.58838
6078000,0.587868
6079000,0.655154
6080000,0.635838
6081000,0.61587
6082000,0.636217
6083000,0.649437
6084000,0.599846
6085000,0.637835
6086000,0.668853
6087000,0.662562
6088000,0.670002
6089000,0.672782
6090000,0.601034
6091000,0.60191
6092000,0.529047
6093000,0.643314
6094000,0.598963
6095000,0.562661
6096000,0.546059
6097000,0.595116
6098000,0.63904
6099000,0.740461
6100000,0.59018
6101000,0.676558
6102000,0.655283
6103000,0.621091
6104000,0.609986
6105000,0.56722
6106000,0.618772
6107000,0.631679
6108000,0.609223
6109000,0.629846
6110000,0.568903
6111000,0.626477
6112000,0.64734
6113000,0.63133
6114000,0.649405
6115000,0.665284
6116000,0.537117
6117000,0.542026
6118000,0.666588
6119000,0.568175
6120000,0.565856
6121000,0.654534
6122000,0.615977
6123000,0.61499
6124000,0.623409
6125000,0.572061
6126000,0.637434
6127000,0.551604
6128000,0.579194
6129000,0.707701
6130000,0.661683
6131000,0.590397
6132000,0.651769
6133000,0.56595
6134000,0.592334
6135000,0.647203
6136000,0.667565
6137000,0.546181
6138000,0.588259
6139000,0.558771
6140000,0.599807
6141000,0.570446
6142000,0.571038
6143000,0.694028
6144000,0.666038
6145000,0.669505
6146000,0.685829
6147000,0.590463
6148000,0.616244
6149000,0.655999
6150000,0.680228
6151000,0.675133
6152000,0.614524
6153000,0.617639
6154000,0.628474
6155000,0.588026
6156000,0.589369
6157000,0.520742
6158000,0.67737
6159000,0.626944
6160000,0.624002
6161000,0.640974
6162000,0.631707
6163000,0.555545
6164000,0.598279
6165000,0.61129
6166000,0.674044
6167000,0.649925
6168000,0.591774
6169000,0.557061
6170000,0.636622
6171000,0.568235
6172000,0.577904
6173000,0.656981
6174000,0.557377
6175000,0.638764
6176000,0.556376
6177000,0.651691
6178000,0.569306
6179000,0.704176
6180000,0.648372
6181000,0.682669
6182000,0.683156
6183000,0.547796
6184000,0.574873
6185000,0.571271
6186000,0.630544
6187000,0.608328
6188000,0.664639
6189000,0.609566
6190000,0.59164
6191000,0.598811
6192000,0.599324
6193000,0.610561
6194000,0.63327
6195000,0.60786
6196000,0.576815
6197000,0.60126
6198000,0.582419
6199000,0.63411
6200000,0.608032
6201000,0.643291
6202000,0.606078
6203000,0.574168
6204000,0.630598
6205000,0.60616
6206000,0.569343
6207000,0.654996
6208000,0.567246
6209000,0.677637
6210000,0.599885
6211000,0.588577
6212000,0.557386
6213000,0.542779
6214000,0.569766
6215000,0.619537
6216000,0.642629
6217000,0.567241
6218000,0.668122
6219000,0.590651
6220000,0.551227
6221000,0.587657
6222000,0.623398
6223000,0.656354
6224000,0.543966
6225000,0.627516
6226000,0.644798
6227000,0.598526
6228000,0.616801
6229000,0.617154
6230000,0.662825
6231000,0.63026
6232000,0.605211
6233000,0.612193
6234000,0.570202
6235000,0.624743
6236000,0.502661
6237000,0.559627
6238000,0.642842
6239000,0.649504
6240000,0.647374
6241000,0.607305
6242000,0.634185
6243000,0.562454
6244000,0.613876
6245000,0.563106
6246000,0.534506
6247000,0.641623
6248000,0.548903
6249000,0.563624
6250000,0.596756
6251000,0.658793
6252000,0.648367
6253000,0.642155
6254000,0.585575
6255000,0.604885
6256000,0.667386
6257000,0.65757
6258000,0.729923
6259000,0.594516
6260000,0.633845
6261000,0.523612
6262000,0.633422
6263000,0.596377
6264000,0.57624
6265000,0.567635
6266000,0.595424
6267000,0.593557
6268000,0.644599
6269000,0.570152
6270000,0.596819
6271000,0.636523
6272000,0.593208
6273000,0.586868
6274000,0.578831
6275000,0.651598
6276000,0.646382
6277000,0.625327
6278000,0.58634
6279000,0.616361
6280000,0.608526
6281000,0.5827
6282000,0.606644
6283000,0.6614
6284000,0.641576
6285000,0.618991
6286000,0.611475
6287000,0.678887
6288000,0.589889
6289000,0.634824
6290000,0.656308
6291000,0.59666
6292000,0.579396
6293000,0.578712
6294000,0.588392
6295000,0.66411
6296000,0.609483
6297000,0.608266
6298000,0.655817
6299000,0.638451
6300000,0.62523
6301000,0.606469
6302000,0.597178
6303000,0.592449
6304000,0.595273
6305000,0.688716
6306000,0.640597
6307000,0.633056
6308000,0.551217
6309000,0.587831
6310000,0.642091
6311000,0.684912
6312000,0.643513
6313000,0.638866
6314000,0.582556
6315000,0.614778
6316000,0.59475
6317000,0.68729
6318000,0.633233
6319000,0.59021
6320000,0.614702
6321000,0.611964
6322000,0.658238
6323000,0.622338
6324000,0.609491
6325000,0.650334
6326000,0.581349
6327000,0.631456
6328000,0.650519
6329000,0.669278
6330000,0.718436
6331000,0.643091
6332000,0.577426
6333000,0.61105
6334000,0.60367
6335000,0.547129
6336000,0.599095
6337000,0.558994
6338000,0.559018
6339000,0.621675
6340000,0.612401
6341000,0.572047
6342000,0.640278
6343000,0.630449
6344000,0.586276
6345000,0.637144
6346000,0.566622
6347000,0.576489
6348000,0.580835
6349000,0.680125
6350000,0.610135
6351000,0.592803
6352000,0.609867
6353000,0.659762
6354000,0.637066
6355000,0.604123
6356000,0.646799
6357000,0.586569
6358000,0.60816
6359000,0.7025
6360000,0.641802
6361000,0.605963
6362000,0.573779
6363000,0.592213
6364000,0.64816
6365000,0.642174
6366000,0.657305
6367000,0.620807
6368000,0.608048
6369000,0.564232
6370000,0.636199
6371000,0.553101
6372000,0.574537
6373000,0.729652
6374000,0.653905
6375000,0.592197
6376000,0.55416
6377000,0.614604
6378000,0.612026
6379000,0.691073
6380000,0.508051
6381000,0.625251
6382000,0.576617
6383000,0.567868
6384000,0.616712
6385000,0.574034
6386000,0.582835
6387000,0.628366
6388000,0.621176
6389000,0.568287
6390000,0.61693
6391000,0.616835
6392000,0.610175
6393000,0.583699
6394000,0.654117
6395000,0.62732
6396000,0.574381
6397000,0.581491
6398000,0.615418
6399000,0.634815
6400000,0.591572
6401000,0.606528
6402000,0.565936
6403000,0.611661
6404000,0.651038
6405000,0.640201
6406000,0.567636
6407000,0.674852
6408000,0.632638
6409000,0.671722
6410000,0.616778
6411000,0.672011
6412000,0.632275
6413000,0.626875
6414000,0.607255
6415000,0.57155
6416000,0.620053
6417000,0.638755
6418000,0.570837
6419000,0.6634
6420000,0.578083
6421000,0.576538
6422000,0.597105
6423000,0.608811
6424000,0.686695
6425000,0.612347
6426000,0.721307
6427000,0.660858
6428000,0.59799
6429000,0.624258
6430000,0.612147
6431000,0.584501
6432000,0.62967
6433000,0.551372
6434000,0.582273
6435000,0.598464
6436000,0.604527
6437000,0.582732
6438000,0.594413
6439000,0.716043
6440000,0.599777
6441000,0.585986
6442000,0.600832
6443000,0.632257
6444000,0.597652
6445000,0.624827
6446000,0.600176
6447000,0.606579
6448000,0.605487
6449000,0.624068
6450000,0.580548
6451000,0.669653
6452000,0.706027
6453000,0.599557
6454000,0.59657
6455000,0.586503
6456000,0.612553
6457000,0.62737
6458000,0.625258
6459000,0.618335
6460000,0.595377
6461000,0.650733
6462000,0.566403
6463000,0.644346
6464000,0.58627
6465000,0.586878
6466000,0.591635
6467000,0.58554
6468000,0.623824
6469000,0.656573
6470000,0.568497
6471000,0.585363
6472000,0.661919
6473000,0.606643
6474000,0.621362
6475000,0.618649
6476000,0.566028
6477000,0.660349
6478000,0.517408
6479000,0.661845
6480000,0.608558
6481000,0.636892
6482000,0.554966
6483000,0.581352
6484000,0.594627
6485000,0.584814
6486000,0.573814
6487000,0.618351
6488000,0.589382
6489000,0.671825
6490000,0.683341
6491000,0.642754
6492000,0.664632
6493000,0.599798
6494000,0.650784
6495000,0.593557
6496000,0.686726
6497000,0.626112
6498000,0.62179
6499000,0.660449
6500000,0.5867
6501000,0.729384
6502000,0.593855
6503000,0.66652
6504000,0.622779
6505000,0.568138
6506000,0.555928
6507000,0.623881
6508000,0.595595
6509000,0.617937
6510000,0.636612
6511000,0.581853
6512000,0.526462
6513000,0.58214
6514000,0.636289
6515000,0.642405
6516000,0.647166
6517000,0.616408
6518000,0.627794
6519000,0.628386
6520000,0.566426
6521000,0.649993
6522000,0.664799
6523000,0.612701
6524000,0.55575
6525000,0.580262
6526000,0.59419
6527000,0.611353
6528000,0.616926
6529000,0.662167
6530000,0.672286
6531000,0.593449
6532000,0.591977
6533000,0.61079
6534000,0.664105
6535000,0.626455
6536000,0.508358
6537000,0.648893
6538000,0.575008
6539000,0.658705
6540000,0.662515
6541000,0.587084
6542000,0.672014
6543000,0.60812
6544000,0.640608
6545000,0.659074
6546000,0.577138
6547000,0.606229
6548000,0.661376
6549000,0.644071
6550000,0.657724
6551000,0.587924
6552000,0.624502
6553000,0.587493
6554000,0.60946
6555000,0.592524
6556000,0.637577
6557000,0.617043
6558000,0.565667
6559000,0.620971
6560000,0.643228
6561000,0.642653
6562000,0.575506
6563000,0.606899
6564000,0.614396
6565000,0.672264
6566000,0.641164
6567000,0.627693
6568000,0.675079
6569000,0.595664
6570000,0.647467
6571000,0.653458
6572000,0.629499
6573000,0.594101
6574000,0.617256
6575000,0.678178
6576000,0.680601
6577000,0.600397
6578000,0.621745
6579000,0.594373
6580000,0.627027
6581000,0.62526
6582000,0.583539
6583000,0.61185
6584000,0.576364
6585000,0.658319
6586000,0.590572
6587000,0.60921
6588000,0.610853
6589000,0.590815
6590000,0.632049
6591000,0.632027
6592000,0.631106
6593000,0.531147
6594000,0.649852
6595000,0.57813
6596000,0.600767
6597000,0.646111
6598000,0.514602
6599000,0.59445
6600000,0.560775
6601000,0.664654
6602000,0.646224
6603000,0.646087
6604000,0.651967
6605000,0.65676
6606000,0.632519
6607000,0.563275
6608000,0.590632
6609000,0.596141
6610000,0.62689
6611000,0.601342
6612000,0.603502
6613000,0.514526
6614000,0.657613
6615000,0.616347
6616000,0.653405
6617000,0.654561
6618000,0.626378
6619000,0.631377
6620000,0.624609
6621000,0.661482
6622000,0.628894
6623000,0.62384
6624000,0.611937
6625000,0.599371
6626000,0.624413
6627000,0.582105
6628000,0.596144
6629000,0.628484
6630000,0.6568
6631000,0.685573
6632000,0.600494
6633000,0.553207
6634000,0.554807
6635000,0.609585
6636000,0.59022
6637000,0.637747
6638000,0.5475
6639000,0.635657
6640000,0.608914
6641000,0.597561
6642000,0.627682
6643000,0.593725
6644000,0.705313
6645000,0.675805
6646000,0.588088
6647000,0.628235
6648000,0.556506
6649000,0.661414
6650000,0.591268
6651000,0.610699
6652000,0.623078
6653000,0.662181
6654000,0.598264
6655000,0.676615
6656000,0.657636
6657000,0.64163
6658000,0.596844
6659000,0.585558
6660000,0.582457
6661000,0.573607
6662000,0.547019
6663000,0.52876
6664000,0.681428
6665000,0.604944
6666000,0.668267
6667000,0.661666
6668000,0.603894
6669000,0.629662
6670000,0.572111
6671000,0.642147
6672000,0.569405
6673000,0.606977
6674000,0.588885
6675000,0.630668
6676000,0.603717
6677000,0.604952
6678000,0.581831
6679000,0.654375
6680000,0.671969
6681000,0.624838
6682000,0.641911
6683000,0.591365
6684000,0.613424
6685000,0.676563
6686000,0.608223
6687000,0.623871
6688000,0.641151
6689000,0.660591
6690000,0.617511
6691000,0.583131
6692000,0.648425
6693000,0.591893
6694000,0.567929
6695000,0.602648
6696000,0.580222
6697000,0.64135
6698000,0.663375
6699000,0.612504
6700000,0.659774
6701000,0.639315
6702000,0.639972
6703000,0.643001
6704000,0.643498
6705000,0.60246
6706000,0.630982
6707000,0.562861
6708000,0.584614
6709000,0.673688
6710000,0.696424
6711000,0.555928
6712000,0.57923
6713000,0.576927
6714000,0.595503
6715000,0.572569
6716000,0.606955
6717000,0.665053
6718000,0.569205
6719000,0.653085
6720000,0.576616
6721000,0.652355
6722000,0.669014
6723000,0.615808
6724000,0.632229
6725000,0.588224
6726000,0.700235
6727000,0.661685
6728000,0.556495
6729000,0.611309
6730000,0.620077
6731000,0.661459
6732000,0.596386
6733000,0.567325
6734000,0.704861
6735000,0.637008
6736000,0.570609
6737000,0.598689
6738000,0.67066
6739000,0.62873
6740000,0.622023
6741000,0.668355
6742000,0.547776
6743000,0.622979
6744000,0.606521
6745000,0.665016
6746000,0.639485
6747000,0.651364
6748000,0.651321
6749000,0.587926
6750000,0.568506
6751000,0.615203
6752000,0.581695
6753000,0.663506
6754000,0.583631
6755000,0.667698
6756000,0.56421
6757000,0.608863
6758000,0.63844
6759000,0.675963
6760000,0.613894
6761000,0.621586
6762000,0.529025
6763000,0.595698
6764000,0.563419
6765000,0.633887
6766000,0.564985
6767000,0.617841
6768000,0.65815
6769000,0.652687
6770000,0.687407
6771000,0.645263
6772000,0.614464
6773000,0.59863
6774000,0.577802
6775000,0.538389
6776000,0.579637
6777000,0.557849
6778000,0.575761
6779000,0.641521
6780000,0.620741
6781000,0.628647
6782000,0.58831
6783000,0.591224
6784000,0.590602
6785000,0.636784
6786000,0.623408
6787000,0.624123
6788000,0.67915
6789000,0.595525
6790000,0.646966
6791000,0.567484
6792000,0.610624
6793000,0.65786
6794000,0.56345
6795000,0.72567
6796000,0.681553
6797000,0.617638
6798000,0.611194
6799000,0.583591
6800000,0.562103
6801000,0.624081
6802000,0.690627
6803000,0.575916
6804000,0.592384
6805000,0.552979
6806000,0.610685
6807000,0.623145
6808000,0.601005
6809000,0.620314
6810000,0.641191
6811000,0.666223
6812000,0.673658
6813000,0.607309
6814000,0.59415
6815000,0.554382
6816000,0.645311
6817000,0.630838
6818000,0.553794
6819000,0.625585
6820000,0.569324
6821000,0.560271
6822000,0.61208
6823000,0.633369
6824000,0.590987
6825000,0.639499
6826000,0.62453
6827000,0.621785
6828000,0.598141
6829000,0.664926
6830000,0.677087
6831000,0.616999
6832000,0.696424
6833000,0.612394
6834000,0.608458
6835000,0.63824
6836000,0.62808
6837000,0.599015
6838000,0.610178
6839000,0.61997
6840000,0.600325
6841000,0.614927
6842000,0.620842
6843000,0.628822
6844000,0.634093
6845000,0.676369
6846000,0.564509
6847000,0.642833
6848000,0.657286
6849000,0.619521
6850000,0.672608
6851000,0.606691
6852000,0.62752
6853000,0.646633
6854000,0.555268
6855000,0.602623
6856000,0.639078
6857000,0.532536
6858000,0.588628
6859000,0.659307
6860000,0.643781
6861000,0.636638
6862000,0.641116
6863000,0.557601
6864000,0.59675
6865000,0.660709
6866000,0.670555
6867000,0.65939
6868000,0.632523
6869000,0.562934
6870000,0.609702
6871000,0.582058
6872000,0.583282
6873000,0.689291
6874000,0.570698
6875000,0.616579
6876000,0.631622
6877000,0.69648
6878000,0.598519
6879000,0.603994
6880000,0.595786
6881000,0.566676
6882000,0.678775
6883000,0.632138
6884000,0.615944
6885000,0.638804
6886000,0.616863
6887000,0.564207
6888000,0.614771
6889000,0.669235
6890000,0.519851
6891000,0.636891
6892000,0.523597
6893000,0.588357
6894000,0.63879
6895000,0.587694
6896000,0.597257
6897000,0.639523
6898000,0.633833
6899000,0.608061
6900000,0.607563
6901000,0.647037
6902000,0.613356
6903000,0.601716
6904000,0.550056
6905000,0.699652
6906000,0.62148
6907000,0.582498
6908000,0.598898
6909000,0.629279
6910000,0.656477
6911000,0.603228
6912000,0.627958
6913000,0.677643
6914000,0.656124
6915000,0.635476
6916000,0.620661
6917000,0.619217
6918000,0.621236
6919000,0.617112
6920000,0.612699
6921000,0.615512
6922000,0.644087
6923000,0.691244
6924000,0.577089
6925000,0.600972
6926000,0.637499
6927000,0.601034
6928000,0.690295
6929000,0.665797
6930000,0.636274
6931000,0.653775
6932000,0.602363
6933000,0.612942
6934000,0.66105
6935000,0.653168
6936000,0.619509
6937000,0.647193
6938000,0.622308
6939000,0.562613
6940000,0.607458
6941000,0.667966
6942000,0.616515
6943000,0.635303
6944000,0.584615
6945000,0.628902
6946000,0.605023
6947000,0.610397
6948000,0.639784
6949000,0.613346
6950000,0.582685
6951000,0.652421
6952000,0.675585
6953000,0.633994
6954000,0.56353
6955000,0.617568
6956000,0.579993
6957000,0.624844
6958000,0.572538
6959000,0.58078
6960000,0.606643
6961000,0.673481
6962000,0.637667
6963000,0.612251
6964000,0.596143
6965000,0.69691
6966000,0.643681
6967000,0.573733
6968000,0.549349
6969000,0.627699
6970000,0.6542
6971000,0.627932
6972000,0.613713
6973000,0.647681
6974000,0.6746
6975000,0.64387
6976000,0.634911
6977000,0.592479
6978000,0.596543
6979000,0.608128
6980000,0.597587
6981000,0.596663
6982000,0.659618
6983000,0.521316
6984000,0.624265
6985000,0.566049
6986000,0.634028
6987000,0.623798
6988000,0.652302
6989000,0.586972
6990000,0.639832
6991000,0.581092
6992000,0.591664
6993000,0.636535
6994000,0.591135
6995000,0.654909
6996000,0.642244
6997000,0.536568
6998000,0.574908
6999000,0.650849
7000000,0.556407
7001000,0.599112
7002000,0.656736
7003000,0.646953
7004000,0.612107
7005000,0.579733
7006000,0.665528
7007000,0.577319
7008000,0.549319
7009000,0.620512
7010000,0.616441
7011000,0.692083
7012000,0.671881
7013000,0.600796
7014000,0.640043
7015000,0.666072
7016000,0.57543
7017000,0.613251
7018000,0.657036
7019000,0.598403
7020000,0.60807
7021000,0.545447
7022000,0.64618
7023000,0.646214
7024000,0.586431
7025000,0.614632
7026000,0.637662
7027000,0.617092
7028000,0.615737
7029000,0.655676
7030000,0.615757
7031000,0.628757
7032000,0.678847
7033000,0.642351
7034000,0.676526
7035000,0.609927
7036000,0.557702
7037000,0.584762
7038000,0.694939
7039000,0.654236
7040000,0.651536
7041000,0.664476
7042000,0.687503
7043000,0.667398
7044000,0.629834
7045000,0.608041
7046000,0.66945
7047000,0.595277
7048000,0.521491
7049000,0.568139
7050000,0.549899
7051000,0.597013
7052000,0.575909
7053000,0.710747
7054000,0.584514
7055000,0.616453
7056000,0.64565
7057000,0.589239
7058000,0.584805
7059000,0.566936
7060000,0.588776
7061000,0.564731
7062000,0.623548
7063000,0.61242
7064000,0.663555
7065000,0.608431
7066000,0.637583
7067000,0.519064
7068000,0.592026
7069000,0.587974
7070000,0.617366
7071000,0.643677
7072000,0.637159
7073000,0.572588
7074000,0.614099
7075000,0.608368
7076000,0.627906
7077000,0.677823
7078000,0.612704
7079000,0.624827
7080000,0.611625
7081000,0.570277
7082000,0.567496
7083000,0.629633
7084000,0.55179
7085000,0.583118
7086000,0.604669
7087000,0.595351
7088000,0.628007
7089000,0.575936
7090000,0.62475
7091000,0.594264
7092000,0.630953
7093000,0.67602
7094000,0.665965
7095000,0.607162
7096000,0.60929
7097000,0.632272
7098000,0.590006
7099000,0.600624
7100000,0.641607
7101000,0.570491
7102000,0.579072
7103000,0.577148
7104000,0.630386
7105000,0.59493
7106000,0.600586
7107000,0.621679
7108000,0.582276
7109000,0.648079
7110000,0.610837
7111000,0.627524
7112000,0.56922
7113000,0.566712
7114000,0.657448
7115000,0.600508
7116000,0.63364
7117000,0.678089
7118000,0.593734
7119000,0.608327
7120000,0.655621
7121000,0.621676
7122000,0.575747
7123000,0.605418
7124000,0.63184
7125000,0.68386
7126000,0.62282
7127000,0.576352
7128000,0.56374
7129000,0.579726
7130000,0.567414
7131000,0.597524
7132000,0.586252
7133000,0.583221
7134000,0.62825
7135000,0.653442
7136000,0.609557
7137000,0.627698
7138000,0.62016
7139000,0.554843
7140000,0.594749
7141000,0.591568
7142000,0.574133
7143000,0.570912
7144000,0.594293
7145000,0.543633
7146000,0.565889
7147000,0.593497
7148000,0.594073
7149000,0.583604
7150000,0.641024
7151000,0.582497
7152000,0.624698
7153000,0.621111
7154000,0.657418
7155000,0.604252
7156000,0.576278
7157000,0.648195
7158000,0.613966
7159000,0.576169
7160000,0.550078
7161000,0.629978
7162000,0.587605
7163000,0.669183
7164000,0.662235
7165000,0.603972
7166000,0.650565
7167000,0.587922
7168000,0.607013
7169000,0.644052
7170000,0.653151
7171000,0.568277
7172000,0.634157
7173000,0.682193
7174000,0.61195
7175000,0.602015
7176000,0.60193
7177000,0.638156
7178000,0.598758
7179000,0.62449
7180000,0.548503
7181000,0.644267
7182000,0.61264
7183000,0.635523
7184000,0.583935
7185000,0.642384
7186000,0.566795
7187000,0.546366
7188000,0.582709
7189000,0.596835
7190000,0.617587
7191000,0.676425
7192000,0.545619
7193000,0.692408
7194000,0.659566
7195000,0.588385
7196000,0.615958
7197000,0.637587
7198000,0.659321
7199000,0.587153
7200000,0.612789
7201000,0.648487
7202000,0.648872
7203000,0.708056
7204000,0.597786
7205000,0.62196
7206000,0.607712
7207000,0.570929
7208000,0.651596
7209000,0.64727
7210000,0.587547
7211000,0.628006
7212000,0.594659
7213000,0.557664
7214000,0.616095
7215000,0.599732
7216000,0.595778
7217000,0.557649
7218000,0.648014
7219000,0.594634
7220000,0.69542
7221000,0.586592
7222000,0.604554
7223000,0.718923
7224000,0.61879
7225000,0.694565
7226000,0.595351
7227000,0.568465
7228000,0.624562
7229000,0.61051
7230000,0.634841
7231000,0.628579
7232000,0.60772
7233000,0.672642
7234000,0.531393
7235000,0.640742
7236000,0.621848
7237000,0.546295
7238000,0.58501
7239000,0.604521
7240000,0.57382
7241000,0.610535
7242000,0.611672
7243000,0.617839
7244000,0.599125
7245000,0.632755
7246000,0.585794
7247000,0.609935
7248000,0.513641
7249000,0.553335
7250000,0.615103
7251000,0.669132
7252000,0.625736
7253000,0.625271
7254000,0.589984
7255000,0.637532
7256000,0.648195
7257000,0.619257
7258000,0.637773
7259000,0.675958
7260000,0.563323
7261000,0.668169
7262000,0.642949
7263000,0.614534
7264000,0.567966
7265000,0.655443
7266000,0.616449
7267000,0.59615
7268000,0.669966
7269000,0.578136
7270000,0.660246
7271000,0.565132
7272000,0.613707
7273000,0.596387
7274000,0.616492
7275000,0.636539
7276000,0.658245
7277000,0.65059
7278000,0.660982
7279000,0.576124
7280000,0.618289
7281000,0.615162
7282000,0.65252
7283000,0.611177
7284000,0.642663
7285000,0.596373
7286000,0.637172
7287000,0.660509
7288000,0.581397
7289000,0.588952
7290000,0.630593
7291000,0.661312
7292000,0.616839
7293000,0.595781
7294000,0.680614
7295000,0.625308
7296000,0.615026
7297000,0.649452
7298000,0.617469
7299000,0.66625
7300000,0.670542
7301000,0.612498
7302000,0.638771
7303000,0.56501
7304000,0.64486
7305000,0.660333
7306000,0.563628
7307000,0.666303
7308000,0.619979
7309000,0.610229
7310000,0.634535
7311000,0.720061
7312000,0.610281
7313000,0.656162
7314000,0.635714
7315000,0.651309
7316000,0.615118
7317000,0.58784
7318000,0.612143
7319000,0.572924
7320000,0.618445
7321000,0.650718
7322000,0.675164
7323000,0.650556
7324000,0.645424
7325000,0.707647
7326000,0.626378
7327000,0.507224
7328000,0.546304
7329000,0.665077
7330000,0.616888
7331000,0.679043
7332000,0.608752
7333000,0.60145
7334000,0.575915
7335000,0.642472
7336000,0.64472
7337000,0.666747
7338000,0.65194
7339000,0.566783
7340000,0.641147
7341000,0.56994
7342000,0.684089
7343000,0.586876
7344000,0.58969
7345000,0.575974
7346000,0.667271
7347000,0.646632
7348000,0.591641
7349000,0.693358
7350000,0.598374
7351000,0.616998
7352000,0.623493
7353000,0.579195
7354000,0.691584
7355000,0.613085
7356000,0.595006
7357000,0.614128
7358000,0.65747
7359000,0.608372
7360000,0.591706
7361000,0.611093
7362000,0.682137
7363000,0.661688
7364000,0.638499
7365000,0.635749
7366000,0.677706
7367000,0.655278
7368000,0.610561
7369000,0.676216
7370000,0.649468
7371000,0.666571
7372000,0.570439
7373000,0.567623
7374000,0.606104
7375000,0.569543
7376000,0.647436
7377000,0.593741
7378000,0.655781
7379000,0.676805
7380000,0.662987
7381000,0.677667
7382000,0.594445
7383000,0.690016
7384000,0.688191
7385000,0.610703
7386000,0.601676
7387000,0.618044
7388000,0.649045
7389000,0.667634
7390000,0.568695
7391000,0.578815
7392000,0.605659
7393000,0.629331
7394000,0.561411
7395000,0.630438
7396000,0.645022
7397000,0.640448
7398000,0.632274
7399000,0.542189
7400000,0.602848
7401000,0.593539
7402000,0.596574
7403000,0.583072
7404000,0.62907
7405000,0.603958
7406000,0.625925
7407000,0.619761
7408000,0.560258
7409000,0.661911
7410000,0.646994
7411000,0.575236
7412000,0.611101
7413000,0.647579
7414000,0.60452
7415000,0.623853
7416000,0.628289
7417000,0.680702
7418000,0.536871
7419000,0.667753
7420000,0.552564
7421000,0.58921
7422000,0.584489
7423000,0.624791
7424000,0.645268
7425000,0.634268
7426000,0.663368
7427000,0.629608
7428000,0.618813
7429000,0.656552
7430000,0.713696
7431000,0.578188
7432000,0.695688
7433000,0.604625
7434000,0.66686
7435000,0.640642
7436000,0.614537
7437000,0.645318
7438000,0.60382
7439000,0.613696
7440000,0.595604
7441000,0.653883
7442000,0.597183
7443000,0.699278
7444000,0.670732
7445000,0.638142
7446000,0.62865
7447000,0.592218
7448000,0.571746
7449000,0.584874
7450000,0.549194
7451000,0.600581
7452000,0.673057
7453000,0.627205
7454000,0.685507
7455000,0.555189
7456000,0.655247
7457000,0.57093
7458000,0.575457
7459000,0.585711
7460000,0.611888
7461000,0.543551
7462000,0.549521
7463000,0.525933
7464000,0.668989
7465000,0.625878
7466000,0.619924
7467000,0.648952
7468000,0.635662
7469000,0.501047
7470000,0.548613
7471000,0.611539
7472000,0.575184
7473000,0.55486
7474000,0.62852
7475000,0.650953
7476000,0.598862
7477000,0.651047
7478000,0.651845
7479000,0.560156
7480000,0.569368
7481000,0.559755
7482000,0.59987
7483000,0.683463
7484000,0.636466
7485000,0.600452
7486000,0.616806
7487000,0.588447
7488000,0.627115
7489000,0.619589
7490000,0.550153
7491000,0.646242
7492000,0.62319
7493000,0.591411
7494000,0.638019
7495000,0.701633
7496000,0.578545
7497000,0.574071
7498000,0.593976
7499000,0.647798
7500000,0.705861
7501000,0.605294
7502000,0.616619
7503000,0.624717
7504000,0.571117
7505000,0.594723
7506000,0.593014
7507000,0.591828
7508000,0.611097
7509000,0.595107
7510000,0.580684
7511000,0.626076
7512000,0.63598
7513000,0.60072
7514000,0.668985
7515000,0.598008
7516000,0.599274
7517000,0.666282
7518000,0.54457
7519000,0.560824
7520000,0.6135
7521000,0.555446
7522000,0.561329
7523000,0.60499
7524000,0.629749
7525000,0.634177
7526000,0.586142
7527000,0.61759
7528000,0.64151
7529000,0.588854
7530000,0.6048
7531000,0.662854
7532000,0.602634
7533000,0.620268
7534000,0.565874
7535000,0.567548
7536000,0.6174
7537000,0.710992
7538000,0.641278
7539000,0.593285
7540000,0.572786
7541000,0.586325
7542000,0.539791
7543000,0.588803
7544000,0.595812
7545000,0.585397
7546000,0.624349
7547000,0.695911
7548000,0.567585
7549000,0.646601
7550000,0.639671
7551000,0.567735
7552000,0.581138
7553000,0.553796
7554000,0.591847
7555000,0.628298
7556000,0.598657
7557000,0.655716
7558000,0.640965
7559000,0.593506
7560000,0.630674
7561000,0.543612
7562000,0.616421
7563000,0.577473
7564000,0.607511
7565000,0.580918
7566000,0.627974
7567000,0.670287
7568000,0.650566
7569000,0.556991
7570000,0.615011
7571000,0.66255
7572000,0.669395
7573000,0.624983
7574000,0.565918
7575000,0.652352
7576000,0.635265
7577000,0.650397
7578000,0.638035
7579000,0.592194
7580000,0.647172
7581000,0.716644
7582000,0.618154
7583000,0.536514
7584000,0.686078
7585000,0.673471
7586000,0.584564
7587000,0.670668
7588000,0.68746
7589000,0.674023
7590000,0.573118
7591000,0.549301
7592000,0.67235
7593000,0.601613
7594000,0.708907
7595000,0.570415
7596000,0.625718
7597000,0.568658
7598000,0.563019
7599000,0.620144
7600000,0.718865
7601000,0.591457
7602000,0.62737
7603000,0.59885
7604000,0.648651
7605000,0.552926
7606000,0.602345
7607000,0.62046
7608000,0.663625
7609000,0.588114
7610000,0.589974
7611000,0.557361
7612000,0.614675
7613000,0.55049
7614000,0.623854
7615000,0.569772
7616000,0.651474
7617000,0.623525
7618000,0.581128
7619000,0.655752
7620000,0.574792
7621000,0.633768
7622000,0.594316
7623000,0.65678
7624000,0.558333
7625000,0.576938
7626000,0.578044
7627000,0.685525
7628000,0.614074
7629000,0.592482
7630000,0.591905
7631000,0.649141
7632000,0.627535
7633000,0.584519
7634000,0.645383
7635000,0.593705
7636000,0.651835
7637000,0.640501
7638000,0.549137
7639000,0.582576
7640000,0.597289
7641000,0.692727
7642000,0.595495
7643000,0.66759
7644000,0.59824
7645000,0.621748
7646000,0.701072
7647000,0.608963
7648000,0.582677
7649000,0.662385
7650000,0.602899
7651000,0.630714
7652000,0.633258
7653000,0.63548
7654000,0.610065
7655000,0.611285
7656000,0.613307
7657000,0.602666
7658000,0.547175
7659000,0.645084
7660000,0.652298
7661000,0.699044
7662000,0.628198
7663000,0.610272
7664000,0.62887
7665000,0.644284
7666000,0.627862
7667000,0.628833
7668000,0.648866
7669000,0.605414
7670000,0.591091
7671000,0.573668
7672000,0.625133
7673000,0.649655
7674000,0.667145
7675000,0.661396
7676000,0.604204
7677000,0.663956
7678000,0.640582
7679000,0.602468
7680000,0.620006
7681000,0.577143
7682000,0.567108
7683000,0.659413
7684000,0.640996
7685000,0.579138
7686000,0.628885
7687000,0.619095
7688000,0.65414
7689000,0.679451
7690000,0.537122
7691000,0.600794
7692000,0.637924
7693000,0.648152
7694000,0.603944
7695000,0.607474
7696000,0.563184
7697000,0.611127
7698000,0.581244
7699000,0.648907
7700000,0.62088
7701000,0.604392
7702000,0.612305
7703000,0.613888
7704000,0.638005
7705000,0.586489
7706000,0.638877
7707000,0.64462
7708000,0.565189
7709000,0.748926
7710000,0.600406
7711000,0.624081
7712000,0.540147
7713000,0.647135
7714000,0.62305
7715000,0.62979
7716000,0.629714
7717000,0.58533
7718000,0.605819
7719000,0.601493
7720000,0.63689
7721000,0.600077
7722000,0.61331
7723000,0.567264
7724000,0.618538
7725000,0.63895
7726000,0.663743
7727000,0.629598
7728000,0.617706
7729000,0.622749
7730000,0.64983
7731000,0.667214
7732000,0.644159
7733000,0.567654
7734000,0.563884
7735000,0.629967
7736000,0.580445
7737000,0.610595
7738000,0.595382
7739000,0.588711
7740000,0.604424
7741000,0.598425
7742000,0.644043
7743000,0.6873
7744000,0.654943
7745000,0.592073
7746000,0.653563
7747000,0.671413
7748000,0.587145
7749000,0.562609
7750000,0.66008
7751000,0.63845
7752000,0.612803
7753000,0.591219
7754000,0.571986
7755000,0.695121
7756000,0.580027
7757000,0.724435
7758000,0.586086
7759000,0.61731
7760000,0.65162
7761000,0.553963
7762000,0.666284
7763000,0.64014
7764000,0.614979
7765000,0.646821
7766000,0.553341
7767000,0.649446
7768000,0.585514
7769000,0.66785
7770000,0.576688
7771000,0.625917
7772000,0.60078
7773000,0.607703
7774000,0.666654
7775000,0.60802
7776000,0.631022
7777000,0.57916
7778000,0.624273
7779000,0.675688
7780000,0.619105
7781000,0.625972
7782000,0.636823
7783000,0.652724
7784000,0.606083
7785000,0.605568
7786000,0.629251
7787000,0.641329
7788000,0.598519
7789000,0.599058
7790000,0.650381
7791000,0.62571
7792000,0.634562
7793000,0.581964
7794000,0.588809
7795000,0.641878
7796000,0.601494
7797000,0.613697
7798000,0.614358
7799000,0.645556
7800000,0.574752
7801000,0.662808
7802000,0.636997
7803000,0.629532
7804000,0.692125
7805000,0.616812
7806000,0.584276
7807000,0.633502
7808000,0.633973
7809000,0.592982
7810000,0.596959
7811000,0.609133
7812000,0.628511
7813000,0.654228
7814000,0.637307
7815000,0.637812
7816000,0.619986
7817000,0.633067
7818000,0.561986
7819000,0.558462
7820000,0.548074
7821000,0.662637
7822000,0.591353
7823000,0.5738
7824000,0.561513
7825000,0.579108
7826000,0.55819
7827000,0.639066
7828000,0.722631
7829000,0.566082
7830000,0.616797
7831000,0.618035
7832000,0.630325
7833000,0.669814
7834000,0.653379
7835000,0.605276
7836000,0.607998
7837000,0.604885
7838000,0.545556
7839000,0.601346
7840000,0.593308
7841000,0.640716
7842000,0.649127
7843000,0.645696
7844000,0.594094
7845000,0.589101
7846000,0.663641
7847000,0.628615
7848000,0.644862
7849000,0.694505
7850000,0.662066
7851000,0.608323
7852000,0.573988
7853000,0.638682
7854000,0.602853
7855000,0.586128
7856000,0.569409
7857000,0.620844
7858000,0.616909
7859000,0.671978
7860000,0.588798
7861000,0.592826
7862000,0.643558
7863000,0.643258
7864000,0.590931
7865000,0.659801
7866000,0.553111
7867000,0.594816
7868000,0.658719
7869000,0.603646
7870000,0.622314
7871000,0.623656
7872000,0.671346
7873000,0.632262
7874000,0.58091
7875000,0.614516
7876000,0.640066
7877000,0.647841
7878000,0.604872
7879000,0.657119
7880000,0.624222
7881000,0.706795
7882000,0.637087
7883000,0.639654
7884000,0.662278
7885000,0.637065
7886000,0.599653
7887000,0.626019
7888000,0.58247
7889000,0.53513
7890000,0.572093
7891000,0.596605
7892000,0.663598
7893000,0.549475
7894000,0.585818
7895000,0.629389
7896000,0.611746
7897000,0.579708
7898000,0.592564
7899000,0.619938
7900000,0.591428
7901000,0.612133
7902000,0.666202
7903000,0.583718
7904000,0.582995
7905000,0.622405
7906000,0.599442
7907000,0.584579
7908000,0.597526
7909000,0.632395
7910000,0.649004
7911000,0.643608
7912000,0.613313
7913000,0.536913
7914000,0.64883
7915000,0.625684
7916000,0.635815
7917000,0.543678
7918000,0.627659
7919000,0.609539
7920000,0.620523
7921000,0.67166
7922000,0.616488
7923000,0.631603
7924000,0.574619
7925000,0.606268
7926000,0.559156
7927000,0.649341
7928000,0.574168
7929000,0.643844
7930000,0.637062
7931000,0.610479
7932000,0.581309
7933000,0.566707
7934000,0.607927
7935000,0.593729
7936000,0.587416
7937000,0.577802
7938000,0.594602
7939000,0.604019
7940000,0.670047
7941000,0.619159
7942000,0.63976
7943000,0.625705
7944000,0.547739
7945000,0.604355
7946000,0.675004
7947000,0.689112
7948000,0.63631
7949000,0.64086
7950000,0.606462
7951000,0.643611
7952000,0.639377
7953000,0.607816
7954000,0.550211
7955000,0.650302
7956000,0.665154
7957000,0.668832
7958000,0.517383
7959000,0.611436
7960000,0.589209
7961000,0.570348
7962000,0.679028
7963000,0.641499
7964000,0.563922
7965000,0.605216
7966000,0.69171
7967000,0.532246
7968000,0.638535
7969000,0.576237
7970000,0.61881
7971000,0.609433
7972000,0.64027
7973000,0.613864
7974000,0.645204
7975000,0.557781
7976000,0.527453
7977000,0.695312
7978000,0.588104
7979000,0.615404
7980000,0.599569
7981000,0.597815
7982000,0.624175
7983000,0.691152
7984000,0.621852
7985000,0.509538
7986000,0.592736
7987000,0.575917
7988000,0.622523
7989000,0.623092
7990000,0.663273
7991000,0.571517
7992000,0.635667
7993000,0.598689
7994000,0.648911
7995000,0.60781
7996000,0.59856
7997000,0.674702
7998000,0.641912
7999000,0.617933
8000000,0.592603
8001000,0.620414
8002000,0.682551
8003000,0.614522
8004000,0.685331
8005000,0.593618
8006000,0.57724
8007000,0.552868
8008000,0.596361
8009000,0.598508
8010000,0.632736
8011000,0.67882
8012000,0.610956
8013000,0.63763
8014000,0.63745
8015000,0.628643
8016000,0.655805
8017000,0.613819
8018000,0.604247
8019000,0.670473
8020000,0.623298
8021000,0.589709
8022000,0.595787
8023000,0.583726
8024000,0.521701
8025000,0.547215
8026000,0.606192
8027000,0.631599
8028000,0.63419
8029000,0.601767
8030000,0.628961
8031000,0.619395
8032000,0.625131
8033000,0.614158
8034000,0.581799
8035000,0.648114
8036000,0.678164
8037000,0.64213
8038000,0.602634
8039000,0.615236
8040000,0.578693
8041000,0.697142
8042000,0.654513
8043000,0.657509
8044000,0.615718
8045000,0.636174
8046000,0.62099
8047000,0.659734
8048000,0.582774
8049000,0.666876
8050000,0.571958
8051000,0.622817
8052000,0.647665
8053000,0.578129
8054000,0.635795
8055000,0.597686
8056000,0.614213
8057000,0.666667
8058000,0.553921
8059000,0.629771
8060000,0.642681
8061000,0.597735
8062000,0.590244
8063000,0.690322
8064000,0.64537
8065000,0.607163
8066000,0.626193
8067000,0.603385
8068000,0.63627
8069000,0.583167
8070000,0.593735
8071000,0.606504
8072000,0.657074
8073000,0.577595
8074000,0.617012
8075000,0.650196
8076000,0.567278
8077000,0.685332
8078000,0.543523
8079000,0.633871
8080000,0.681084
8081000,0.594757
8082000,0.600119
8083000,0.597363
8084000,0.713152
8085000,0.641582
8086000,0.676209
8087000,0.601105
8088000,0.641117
8089000,0.612793
8090000,0.563244
8091000,0.575479
8092000,0.5846
8093000,0.604793
8094000,0.547251
8095000,0.591959
8096000,0.613225
8097000,0.623976
8098000,0.62333
8099000,0.623278
8100000,0.6491
8101000,0.641264
8102000,0.634634
8103000,0.606766
8104000,0.634702
8105000,0.610031
8106000,0.645052
8107000,0.645044
8108000,0.601608
8109000,0.629764
8110000,0.656955
8111000,0.664626
8112000,0.616766
8113000,0.60913
8114000,0.573349
8115000,0.768492
8116000,0.629289
8117000,0.577214
8118000,0.600295
8119000,0.558822
8120000,0.672143
8121000,0.630985
8122000,0.544725
8123000,0.696293
8124000,0.61045
8125000,0.636695
8126000,0.510052
8127000,0.654331
8128000,0.568374
8129000,0.613299
8130000,0.592395
8131000,0.580911
8132000,0.6308
8133000,0.538796
8134000,0.59872
8135000,0.610249
8136000,0.591061
8137000,0.636956
8138000,0.619223
8139000,0.64753
8140000,0.675549
8141000,0.641079
8142000,0.617786
8143000,0.637767
8144000,0.505412
8145000,0.620648
8146000,0.694136
8147000,0.635353
8148000,0.627695
8149000,0.618114
8150000,0.601452
8151000,0.561594
8152000,0.686679
8153000,0.568045
8154000,0.612324
8155000,0.609191
8156000,0.57628
8157000,0.686788
8158000,0.57829
8159000,0.583336
8160000,0.637884
8161000,0.625059
8162000,0.612439
8163000,0.544964
8164000,0.638454
8165000,0.62649
8166000,0.60783
8167000,0.630161
8168000,0.554613
8169000,0.635406
8170000,0.669178
8171000,0.606269
8172000,0.524243
8173000,0.68495
8174000,0.666114
8175000,0.564545
8176000,0.643025
8177000,0.664494
8178000,0.652039
8179000,0.603468
8180000,0.646175
8181000,0.623494
8182000,0.681097
8183000,0.587662
8184000,0.571194
8185000,0.587023
8186000,0.578034
8187000,0.604517
8188000,0.580781
8189000,0.584323
8190000,0.665667
8191000,0.654469
8192000,0.603853
8193000,0.57137
8194000,0.542048
8195000,0.568736
8196000,0.57813
8197000,0.635735
8198000,0.672291
8199000,0.567558
8200000,0.567091
8201000,0.527124
8202000,0.656812
8203000,0.589489
8204000,0.633195
8205000,0.621147
8206000,0.610518
8207000,0.660909
8208000,0.573186
8209000,0.555471
8210000,0.642228
8211000,0.662099
8212000,0.587915
8213000,0.600559
8214000,0.631468
8215000,0.689983
8216000,0.577617
8217000,0.669343
8218000,0.611428
8219000,0.623631
8220000,0.645544
8221000,0.648198
8222000,0.576019
8223000,0.662358
8224000,0.667652
8225000,0.64588
8226000,0.588617
8227000,0.595518
8228000,0.620074
8229000,0.639882
8230000,0.571914
8231000,0.586996
8232000,0.619887
8233000,0.644403
8234000,0.654465
8235000,0.610745
8236000,0.655457
8237000,0.61284
8238000,0.607385
8239000,0.6729
8240000,0.577762
8241000,0.598444
8242000,0.589868
8243000,0.505078
8244000,0.613745
8245000,0.563868
8246000,0.621955
8247000,0.628863
8248000,0.628586
8249000,0.637403
8250000,0.663556
8251000,0.598673
8252000,0.58525
8253000,0.602255
8254000,0.604029
8255000,0.55815
8256000,0.634092
8257000,0.572513
8258000,0.572712
8259000,0.599199
8260000,0.70886
8261000,0.629036
8262000,0.559227
8263000,0.670279
8264000,0.64202
8265000,0.596588
8266000,0.568828
8267000,0.567736
8268000,0.629746
8269000,0.583624
8270000,0.615969
8271000,0.644173
8272000,0.646049
8273000,0.727736
8274000,0.625885
8275000,0.59923
8276000,0.628411
8277000,0.628729
8278000,0.616617
8279000,0.605101
8280000,0.642625
8281000,0.585995
8282000,0.624298
8283000,0.639683
8284000,0.561222
8285000,0.577737
8286000,0.624951
8287000,0.654265
8288000,0.612766
8289000,0.661802
8290000,0.570517
8291000,0.61329
8292000,0.550441
8293000,0.635964
8294000,0.596959
8295000,0.634561
8296000,0.606174
8297000,0.594147
8298000,0.589037
8299000,0.598839
8300000,0.616219
8301000,0.613656
8302000,0.603278
8303000,0.603478
8304000,0.632887
8305000,0.573735
8306000,0.590263
8307000,0.5899
8308000,0.627066
8309000,0.648548
8310000,0.593361
8311000,0.664207
8312000,0.624483
8313000,0.650874
8314000,0.558898
8315000,0.621062
8316000,0.596683
8317000,0.60084
8318000,0.671255
8319000,0.636218
8320000,0.63037
8321000,0.623878
8322000,0.63158
8323000,0.585543
8324000,0.554906
8325000,0.583514
8326000,0.60786
8327000,0.628367
8328000,0.672064
8329000,0.54753
8330000,0.587366
8331000,0.658788
8332000,0.646598
8333000,0.631689
8334000,0.574379
8335000,0.596396
8336000,0.599467
8337000,0.582665
8338000,0.678455
8339000,0.623318
8340000,0.638648
8341000,0.619169
8342000,0.621243
8343000,0.5899
8344000,0.613766
8345000,0.619897
8346000,0.642238
8347000,0.615858
8348000,0.579346
8349000,0.637227
8350000,0.637821
8351000,0.53795
8352000,0.685162
8353000,0.612167
8354000,0.673669
8355000,0.659877
8356000,0.659601
8357000,0.615341
8358000,0.564431
8359000,0.631667
8360000,0.5892
8361000,0.617711
8362000,0.518965
8363000,0.635712
8364000,0.686019
8365000,0.633754
8366000,0.646001
8367000,0.611573
8368000,0.549935
8369000,0.663651
8370000,0.663849
8371000,0.611614
8372000,0.685146
8373000,0.609248
8374000,0.598452
8375000,0.629852
8376000,0.619844
8377000,0.620033
8378000,0.672048
8379000,0.560819
8380000,0.60855
8381000,0.694639
8382000,0.630474
8383000,0.617753
8384000,0.649181
8385000,0.488431
8386000,0.606654
8387000,0.575336
8388000,0.615632
8389000,0.706567
8390000,0.665704
8391000,0.632077
8392000,0.634339
8393000,0.649325
8394000,0.614871
8395000,0.677652
8396000,0.596178
8397000,0.545294
8398000,0.611838
8399000,0.627077
8400000,0.64523
8401000,0.650448
8402000,0.585241
8403000,0.634335
8404000,0.59742
8405000,0.60531
8406000,0.593601
8407000,0.65746
8408000,0.595565
8409000,0.671173
8410000,0.593166
8411000,0.632038
8412000,0.609544
8413000,0.630858
8414000,0.705781
8415000,0.62997
8416000,0.690679
8417000,0.621312
8418000,0.634071
8419000,0.633199
8420000,0.694038
8421000,0.586918
8422000,0.704893
8423000,0.587512
8424000,0.577556
8425000,0.605065
8426000,0.520389
8427000,0.620738
8428000,0.649586
8429000,0.618838
8430000,0.649845
8431000,0.599296
8432000,0.655536
8433000,0.614004
8434000,0.653495
8435000,0.635409
8436000,0.629086
8437000,0.652002
8438000,0.630977
8439000,0.586929
8440000,0.673899
8441000,0.648415
8442000,0.660169
8443000,0.624818
8444000,0.603324
8445000,0.651021
8446000,0.608532
8447000,0.577063
8448000,0.67624
8449000,0.710298
8450000,0.637422
8451000,0.62762
8452000,0.603303
8453000,0.556187
8454000,0.618407
8455000,0.630744
8456000,0.63754
8457000,0.632899
8458000,0.55152
8459000,0.561795
8460000,0.666598
8461000,0.60214
8462000,0.663797
8463000,0.555915
8464000,0.62268
8465000,0.632706
8466000,0.556206
8467000,0.557474
8468000,0.590892
8469000,0.552788
8470000,0.665031
8471000,0.673291
8472000,0.646034
8473000,0.626068
8474000,0.584631
8475000,0.621443
8476000,0.676792
8477000,0.620341
8478000,0.611514
8479000,0.571104
8480000,0.635546
8481000,0.622002
8482000,0.664362
8483000,0.694558
8484000,0.681141
8485000,0.540012
8486000,0.673535
8487000,0.583501
8488000,0.643608
8489000,0.706466
8490000,0.604492
8491000,0.631921
8492000,0.615591
8493000,0.622003
8494000,0.650617
8495000,0.586287
8496000,0.659686
8497000,0.606101
8498000,0.554406
8499000,0.571508
8500000,0.628064
8501000,0.61779
8502000,0.629598
8503000,0.644145
8504000,0.640576
8505000,0.648527
8506000,0.633836
8507000,0.650162
8508000,0.605353
8509000,0.623878
8510000,0.638487
8511000,0.62236
8512000,0.604265
8513000,0.672235
8514000,0.608205
8515000,0.631439
8516000,0.610302
8517000,0.559529
8518000,0.5897
8519000,0.613129
8520000,0.622979
8521000,0.615202
8522000,0.629016
8523000,0.607453
8524000,0.696892
8525000,0.601864
8526000,0.647248
8527000,0.588179
8528000,0.591842
8529000,0.645526
8530000,0.565207
8531000,0.628948
8532000,0.637602
8533000,0.673648
8534000,0.629627
8535000,0.66816
8536000,0.525019
8537000,0.647724
8538000,0.561223
8539000,0.647682
8540000,0.657646
8541000,0.582163
8542000,0.672041
8543000,0.59174
8544000,0.699671
8545000,0.575332
8546000,0.593967
8547000,0.574615
8548000,0.695905
8549000,0.587118
8550000,0.61848
8551000,0.654849
8552000,0.661158
8553000,0.630725
8554000,0.685131
8555000,0.663433
8556000,0.601878
8557000,0.5564
8558000,0.679646
8559000,0.625731
8560000,0.583504
8561000,0.577009
8562000,0.617182
8563000,0.705502
8564000,0.614057
8565000,0.658517
8566000,0.560797
8567000,0.704228
8568000,0.622525
8569000,0.618617
8570000,0.616071
8571000,0.752682
8572000,0.614583
8573000,0.644102
8574000,0.48869
8575000,0.605989
8576000,0.574494
8577000,0.609604
8578000,0.595483
8579000,0.585107
8580000,0.690592
8581000,0.558136
8582000,0.649437
8583000,0.673682
8584000,0.593911
8585000,0.625538
8586000,0.645133
8587000,0.552308
8588000,0.660308
8589000,0.604557
8590000,0.577228
8591000,0.624184
8592000,0.610727
8593000,0.580077
8594000,0.63819
8595000,0.560255
8596000,0.583718
8597000,0.61854
8598000,0.660926
8599000,0.647291
8600000,0.684213
8601000,0.537075
8602000,0.623204
8603000,0.7094
8604000,0.613675
8605000,0.628496
8606000,0.572605
8607000,0.676248
8608000,0.672745
8609000,0.665001
8610000,0.620965
8611000,0.571959
8612000,0.672549
8613000,0.619143
8614000,0.587307
8615000,0.668417
8616000,0.588972
8617000,0.618503
8618000,0.587345
8619000,0.591415
8620000,0.671598
8621000,0.575515
8622000,0.551956
8623000,0.57015
8624000,0.618843
8625000,0.646309
8626000,0.619348
8627000,0.563404
8628000,0.622677
8629000,0.551308
8630000,0.666546
8631000,0.65242
8632000,0.606116
8633000,0.673907
8634000,0.617191
8635000,0.610763
8636000,0.572925
8637000,0.662926
8638000,0.647004
8639000,0.599609
8640000,0.64571
8641000,0.605429
8642000,0.66052
8643000,0.621557
8644000,0.600429
8645000,0.580812
8646000,0.626733
8647000,0.5806
8648000,0.616954
8649000,0.63829
8650000,0.601341
8651000,0.591671
8652000,0.603896
8653000,0.578243
8654000,0.612023
8655000,0.673875
8656000,0.496392
8657000,0.617347
8658000,0.630177
8659000,0.587901
8660000,0.545789
8661000,0.671518
8662000,0.560844
8663000,0.658973
8664000,0.592378
8665000,0.599965
8666000,0.633928
8667000,0.633846
8668000,0.581633
8669000,0.61887
8670000,0.655716
8671000,0.599129
8672000,0.668321
8673000,0.637781
8674000,0.61788
8675000,0.581865
8676000,0.657317
8677000,0.557282
8678000,0.660185
8679000,0.613918
8680000,0.578564
8681000,0.641512
8682000,0.66219
8683000,0.585464
8684000,0.660939
8685000,0.586465
8686000,0.633457
8687000,0.609804
8688000,0.697079
8689000,0.622947
8690000,0.627038
8691000,0.63041
8692000,0.59339
8693000,0.637713
8694000,0.650726
8695000,0.583422
8696000,0.618311
8697000,0.660058
8698000,0.579089
8699000,0.615761
8700000,0.59751
8701000,0.645215
8702000,0.603607
8703000,0.58764
8704000,0.57533
8705000,0.559023
8706000,0.546445
8707000,0.588069
8708000,0.570818
8709000,0.582576
8710000,0.647373
8711000,0.543389
8712000,0.666149
8713000,0.617252
8714000,0.555318
8715000,0.605177
8716000,0.520617
8717000,0.662737
8718000,0.600002
8719000,0.586043
8720000,0.62217
8721000,0.544533
8722000,0.611656
8723000,0.586086
8724000,0.623754
8725000,0.573694
8726000,0.571093
8727000,0.63022
8728000,0.624472
8729000,0.679456
8730000,0.635547
8731000,0.645863
8732000,0.630676
8733000,0.614876
8734000,0.620103
8735000,0.573646
8736000,0.561251
8737000,0.59257
8738000,0.597601
8739000,0.589664
8740000,0.591857
8741000,0.670453
8742000,0.663533
8743000,0.616778
8744000,0.625616
8745000,0.533783
8746000,0.64114
8747000,0.572915
8748000,0.579841
8749000,0.618294
8750000,0.679593
8751000,0.644323
8752000,0.655606
8753000,0.622618
8754000,0.621352
8755000,0.605663
8756000,0.549622
8757000,0.616819
8758000,0.608738
8759000,0.559218
8760000,0.658322
8761000,0.59805
8762000,0.651863
8763000,0.611458
8764000,0.64696
8765000,0.566666
8766000,0.690039
8767000,0.603931
8768000,0.635782
8769000,0.66883
8770000,0.62088
8771000,0.642833
8772000,0.616806
8773000,0.654758
8774000,0.583501
8775000,0.64463
8776000,0.536268
8777000,0.606347
8778000,0.617273
8779000,0.580154
8780000,0.629169
8781000,0.617299
8782000,0.715213
8783000,0.565339
8784000,0.556906
8785000,0.579847
8786000,0.62159
8787000,0.616243
8788000,0.64631
8789000,0.614298
8790000,0.672213
8791000,0.61678
8792000,0.639226
8793000,0.631653
8794000,0.601524
8795000,0.668047
8796000,0.632246
8797000,0.59702
8798000,0.607221
8799000,0.630909
8800000,0.659439
8801000,0.650658
8802000,0.661029
8803000,0.603977
8804000,0.612292
8805000,0.627081
8806000,0.594674
8807000,0.67886
8808000,0.579593
8809000,0.622528
8810000,0.561922
8811000,0.616694
8812000,0.567682
8813000,0.642411
8814000,0.610614
8815000,0.641105
8816000,0.667078
8817000,0.660243
8818000,0.634922
8819000,0.618232
8820000,0.551889
8821000,0.634478
8822000,0.614532
8823000,0.602878
8824000,0.660043
8825000,0.589652
8826000,0.593031
8827000,0.627537
8828000,0.640344
8829000,0.622971
8830000,0.62197
8831000,0.609037
8832000,0.608813
8833000,0.648272
8834000,0.601044
8835000,0.649669
8836000,0.637596
8837000,0.585096
8838000,0.641751
8839000,0.603006
8840000,0.594583
8841000,0.599095
8842000,0.623827
8843000,0.623761
8844000,0.645258
8845000,0.660948
8846000,0.575341
8847000,0.594775
8848000,0.673777
8849000,0.601544
8850000,0.547135
8851000,0.666907
8852000,0.657506
8853000,0.563029
8854000,0.576058
8855000,0.561168
8856000,0.634715
8857000,0.606038
8858000,0.643103
8859000,0.619661
8860000,0.609656
8861000,0.636898
8862000,0.656629
8863000,0.653855
8864000,0.578903
8865000,0.653753
8866000,0.566528
8867000,0.565995
8868000,0.633578
8869000,0.641993
8870000,0.584632
8871000,0.53656
8872000,0.585822
8873000,0.598763
8874000,0.565653
8875000,0.644182
8876000,0.620948
8877000,0.629816
8878000,0.666161
8879000,0.676342
8880000,0.618797
8881000,0.618989
8882000,0.69712
8883000,0.640109
8884000,0.622958
8885000,0.624096
8886000,0.62052
8887000,0.62864
8888000,0.589627
8889000,0.629518
8890000,0.625885
8891000,0.634136
8892000,0.621911
8893000,0.639142
8894000,0.610881
8895000,0.668836
8896000,0.608495
8897000,0.63271
8898000,0.618867
8899000,0.6244
8900000,0.546149
8901000,0.663443
8902000,0.61252
8903000,0.676581
8904000,0.622196
8905000,0.688376
8906000,0.603052
8907000,0.6799
8908000,0.491797
8909000,0.648217
8910000,0.656843
8911000,0.60812
8912000,0.634749
8913000,0.585334
8914000,0.565691
8915000,0.59748
8916000,0.62799
8917000,0.59805
8918000,0.705093
8919000,0.608035
8920000,0.622242
8921000,0.571281
8922000,0.648444
8923000,0.622839
8924000,0.64103
8925000,0.547293
8926000,0.624089
8927000,0.610994
8928000,0.550776
8929000,0.651345
8930000,0.659074
8931000,0.691777
8932000,0.669082
8933000,0.622765
8934000,0.606001
8935000,0.699584
8936000,0.544077
8937000,0.597318
8938000,0.597437
8939000,0.600424
8940000,0.59447
8941000,0.629969
8942000,0.651305
8943000,0.656068
8944000,0.563925
8945000,0.580298
8946000,0.612451
8947000,0.6301
8948000,0.682387
8949000,0.661068
8950000,0.575445
8951000,0.608878
8952000,0.700085
8953000,0.597559
8954000,0.567879
8955000,0.663784
8956000,0.69287
8957000,0.640361
8958000,0.613657
8959000,0.57989
8960000,0.668852
8961000,0.665119
8962000,0.623914
8963000,0.576622
8964000,0.635969
8965000,0.672974
8966000,0.577076
8967000,0.60865
8968000,0.654856
8969000,0.608955
8970000,0.559842
8971000,0.607843
8972000,0.653556
8973000,0.593793
8974000,0.539147
8975000,0.585998
8976000,0.611376
8977000,0.670436
8978000,0.577223
8979000,0.572984
8980000,0.632019
8981000,0.530666
8982000,0.603789
8983000,0.635715
8984000,0.64301
8985000,0.638165
8986000,0.589789
8987000,0.552295
8988000,0.576378
8989000,0.601644
8990000,0.611677
8991000,0.620263
8992000,0.635733
8993000,0.684417
8994000,0.637089
8995000,0.567304
8996000,0.614845
8997000,0.593784
8998000,0.593668
8999000,0.652752
9000000,0.659258
9001000,0.681232
9002000,0.571103
9003000,0.654379
9004000,0.643923
9005000,0.624716
9006000,0.647232
9007000,0.589648
9008000,0.608008
9009000,0.640534
9010000,0.595442
9011000,0.672407
9012000,0.592194
9013000,0.663405
9014000,0.664737
9015000,0.658711
9016000,0.636623
9017000,0.665229
9018000,0.680998
9019000,0.648486
9020000,0.628586
9021000,0.607808
9022000,0.648929
9023000,0.598051
9024000,0.620714
9025000,0.623949
9026000,0.683735
9027000,0.634788
9028000,0.644741
9029000,0.648697
9030000,0.534991
9031000,0.607044
9032000,0.645662
9033000,0.613512
9034000,0.604415
9035000,0.638761
9036000,0.622271
9037000,0.60642
9038000,0.612316
9039000,0.584849
9040000,0.607292
9041000,0.555138
9042000,0.582323
9043000,0.584389
9044000,0.616027
9045000,0.625285
9046000,0.617095
9047000,0.63406
9048000,0.582241
9049000,0.677266
9050000,0.590354
9051000,0.599729
9052000,0.640446
9053000,0.613556
9054000,0.644095
9055000,0.679811
9056000,0.601549
9057000,0.614074
9058000,0.679494
9059000,0.630098
9060000,0.56164
9061000,0.576902
9062000,0.620066
9063000,0.607205
9064000,0.621496
9065000,0.645291
9066000,0.616619
9067000,0.540822
9068000,0.637047
9069000,0.661845
9070000,0.608069
9071000,0.574988
9072000,0.617404
9073000,0.667717
9074000,0.658998
9075000,0.677554
9076000,0.617654
9077000,0.601155
9078000,0.580509
9079000,0.608436
9080000,0.60193
9081000,0.655607
9082000,0.674312
9083000,0.667355
9084000,0.69096
9085000,0.647766
9086000,0.5956
9087000,0.607827
9088000,0.586696
9089000,0.696213
9090000,0.595365
9091000,0.718421
9092000,0.63419
9093000,0.606049
9094000,0.635421
9095000,0.702456
9096000,0.588735
9097000,0.582951
9098000,0.643858
9099000,0.605468
9100000,0.637303
9101000,0.618967
9102000,0.622876
9103000,0.605245
9104000,0.656926
9105000,0.588813
9106000,0.583775
9107000,0.607276
9108000,0.581639
9109000,0.680144
9110000,0.644789
9111000,0.556785
9112000,0.581705
9113000,0.538484
9114000,0.639269
9115000,0.601741
9116000,0.640567
9117000,0.566242
9118000,0.596285
9119000,0.626758
9120000,0.643774
9121000,0.65232
9122000,0.606044
9123000,0.581904
9124000,0.604947
9125000,0.564533
9126000,0.617457
9127000,0.621528
9128000,0.566726
9129000,0.667226
9130000,0.621555
9131000,0.615597
9132000,0.621047
9133000,0.622702
9134000,0.598517
9135000,0.628497
9136000,0.535139
9137000,0.575611
9138000,0.60775
9139000,0.631615
9140000,0.63537
9141000,0.646783
9142000,0.613098
9143000,0.646573
9144000,0.628269
9145000,0.642694
9146000,0.630782
9147000,0.562686
9148000,0.651359
9149000,0.561934
9150000,0.534034
9151000,0.592503
9152000,0.545104
9153000,0.653172
9154000,0.64273
9155000,0.617801
9156000,0.555436
9157000,0.55166
9158000,0.600168
9159000,0.615503
9160000,0.658073
9161000,0.640795
9162000,0.608327
9163000,0.567631
9164000,0.558485
9165000,0.607402
9166000,0.649832
9167000,0.653412
9168000,0.698936
9169000,0.575667
9170000,0.576923
9171000,0.713043
9172000,0.659472
9173000,0.673088
9174000,0.616659
9175000,0.707281
9176000,0.609839
9177000,0.64267
9178000,0.639532
9179000,0.628838
9180000,0.648293
9181000,0.610264
9182000,0.559562
9183000,0.609476
9184000,0.603939
9185000,0.574641
9186000,0.579518
9187000,0.635692
9188000,0.665815
9189000,0.696722
9190000,0.621456
9191000,0.632601
9192000,0.588099
9193000,0.610501
9194000,0.61146
9195000,0.590295
9196000,0.653573
9197000,0.599967
9198000,0.674263
9199000,0.575994
9200000,0.635492
9201000,0.615656
9202000,0.618769
9203000,0.582059
9204000,0.635214
9205000,0.646652
9206000,0.699066
9207000,0.627505
9208000,0.641552
9209000,0.595156
9210000,0.708414
9211000,0.637008
9212000,0.594584
9213000,0.596032
9214000,0.682549
9215000,0.624997
9216000,0.639063
9217000,0.599447
9218000,0.658944
9219000,0.624414
9220000,0.647983
9221000,0.637325
9222000,0.584265
9223000,0.608661
9224000,0.594312
9225000,0.585645
9226000,0.659786
9227000,0.58909
9228000,0.696411
9229000,0.646589
9230000,0.588504
9231000,0.561846
9232000,0.644637
9233000,0.542898
9234000,0.634654
9235000,0.532746
9236000,0.625308
9237000,0.619518
9238000,0.60919
9239000,0.652823
9240000,0.600019
9241000,0.65271
9242000,0.585113
9243000,0.618248
9244000,0.645731
9245000,0.634708
9246000,0.610272
9247000,0.644
9248000,0.564405
9249000,0.596697
9250000,0.60489
9251000,0.639433
9252000,0.637941
9253000,0.667078
9254000,0.617879
9255000,0.585827
9256000,0.643245
9257000,0.6956
9258000,0.634265
9259000,0.575349
9260000,0.661613
9261000,0.644512
9262000,0.600423
9263000,0.653029
9264000,0.671241
9265000,0.64125
9266000,0.608257
9267000,0.573295
9268000,0.610723
9269000,0.64535
9270000,0.559234
9271000,0.607859
9272000,0.548963
9273000,0.663702
9274000,0.593385
9275000,0.630823
9276000,0.621205
9277000,0.585139
9278000,0.642962
9279000,0.603382
9280000,0.571802
9281000,0.655435
9282000,0.667308
9283000,0.63293
9284000,0.579129
9285000,0.666784
9286000,0.58028
9287000,0.566046
9288000,0.591891
9289000,0.63689
9290000,0.656558
9291000,0.617361
9292000,0.635398
9293000,0.576045
9294000,0.548528
9295000,0.660492
9296000,0.642228
9297000,0.610246
9298000,0.595675
9299000,0.600825
9300000,0.599184
9301000,0.519003
9302000,0.616809
9303000,0.608082
9304000,0.634235
9305000,0.609176
9306000,0.642403
9307000,0.634972
9308000,0.61747
9309000,0.580533
9310000,0.644786
9311000,0.62897
9312000,0.623367
9313000,0.627602
9314000,0.561716
9315000,0.630146
9316000,0.662477
9317000,0.562523
9318000,0.695705
9319000,0.673044
9320000,0.561146
9321000,0.605617
9322000,0.586445
9323000,0.624773
9324000,0.662918
9325000,0.604086
9326000,0.606436
9327000,0.566915
9328000,0.683114
9329000,0.670611
9330000,0.566883
9331000,0.582858
9332000,0.68266
9333000,0.601313
9334000,0.619935
9335000,0.626462
9336000,0.578339
9337000,0.569094
9338000,0.69961
9339000,0.632186
9340000,0.554521
9341000,0.657362
9342000,0.586348
9343000,0.636845
9344000,0.582023
9345000,0.635603
9346000,0.576981
9347000,0.606466
9348000,0.61594
9349000,0.587354
9350000,0.670215
9351000,0.598959
9352000,0.615654
9353000,0.621994
9354000,0.685037
9355000,0.605233
9356000,0.614926
9357000,0.536673
9358000,0.58054
9359000,0.688435
9360000,0.576195
9361000,0.607397
9362000,0.57604
9363000,0.624628
9364000,0.616586
9365000,0.609291
9366000,0.697297
9367000,0.616364
9368000,0.643182
9369000,0.685717
9370000,0.644961
9371000,0.593261
9372000,0.602386
9373000,0.62189
9374000,0.590721
9375000,0.632845
9376000,0.61168
9377000,0.637386
9378000,0.684334
9379000,0.651658
9380000,0.644932
9381000,0.562088
9382000,0.543301
9383000,0.555998
9384000,0.571467
9385000,0.646865
9386000,0.623442
9387000,0.639764
9388000,0.639165
9389000,0.675139
9390000,0.580843
9391000,0.5866
9392000,0.622534
9393000,0.592425
9394000,0.525994
9395000,0.662954
9396000,0.617996
9397000,0.638656
9398000,0.60397
9399000,0.661157
9400000,0.619664
9401000,0.692331
9402000,0.576053
9403000,0.574917
9404000,0.58434
9405000,0.575347
9406000,0.618014
9407000,0.604724
9408000,0.510794
9409000,0.581379
9410000,0.51545
9411000,0.710386
9412000,0.611242
9413000,0.543015
9414000,0.5535
9415000,0.562877
9416000,0.608061
9417000,0.68394
9418000,0.595802
9419000,0.645616
9420000,0.615397
9421000,0.596869
9422000,0.543976
9423000,0.56286
9424000,0.604862
9425000,0.581767
9426000,0.576871
9427000,0.639224
9428000,0.611196
9429000,0.562223
9430000,0.632836
9431000,0.626047
9432000,0.601343
9433000,0.600217
9434000,0.644554
9435000,0.648661
9436000,0.612953
9437000,0.593679
9438000,0.60858
9439000,0.614667
9440000,0.588892
9441000,0.563179
9442000,0.590651
9443000,0.64791
9444000,0.621776
9445000,0.666429
9446000,0.531403
9447000,0.638241
9448000,0.555495
9449000,0.609711
9450000,0.671717
9451000,0.608119
9452000,0.598859
9453000,0.672797
9454000,0.669996
9455000,0.600321
9456000,0.61803
9457000,0.598007
9458000,0.688446
9459000,0.646348
9460000,0.641233
9461000,0.554949
9462000,0.562987
9463000,0.608099
9464000,0.629788
9465000,0.666519
9466000,0.632999
9467000,0.561299
9468000,0.616227
9469000,0.529645
9470000,0.642211
9471000,0.571152
9472000,0.64003
9473000,0.596865
9474000,0.602203
9475000,0.570509
9476000,0.653717
9477000,0.584094
9478000,0.579811
9479000,0.666946
9480000,0.58171
9481000,0.638172
9482000,0.610316
9483000,0.569358
9484000,0.592428
9485000,0.697953
9486000,0.583553
9487000,0.653914
9488000,0.654835
9489000,0.60261
9490000,0.623713
9491000,0.576248
9492000,0.536627
9493000,0.642092
9494000,0.614354
9495000,0.608978
9496000,0.592964
9497000,0.592917
9498000,0.57927
9499000,0.570623
9500000,0.597362
9501000,0.639949
9502000,0.689683
9503000,0.620405
9504000,0.637245
9505000,0.632679
9506000,0.638176
9507000,0.645028
9508000,0.538393
9509000,0.657288
9510000,0.700489
9511000,0.610048
9512000,0.699353
9513000,0.546009
9514000,0.612695
9515000,0.580229
9516000,0.600017
9517000,0.625171
9518000,0.583406
9519000,0.565546
9520000,0.571985
9521000,0.632293
9522000,0.58206
9523000,0.591264
9524000,0.579415
9525000,0.614998
9526000,0.618667
9527000,0.643333
9528000,0.61546
9529000,0.630153
9530000,0.614887
9531000,0.607892
9532000,0.579899
9533000,0.653126
9534000,0.595284
9535000,0.523936
9536000,0.570034
9537000,0.636067
9538000,0.621139
9539000,0.639017
9540000,0.589302
9541000,0.634162
9542000,0.617761
9543000,0.562559
9544000,0.569378
9545000,0.574152
9546000,0.639986
9547000,0.618197
9548000,0.54523
9549000,0.677966
9550000,0.663513
9551000,0.628659
9552000,0.61576
9553000,0.620776
9554000,0.698553
9555000,0.615942
9556000,0.648929
9557000,0.629406
9558000,0.637036
9559000,0.632952
9560000,0.636581
9561000,0.636148
9562000,0.662189
9563000,0.574064
9564000,0.641039
9565000,0.613939
9566000,0.62192
9567000,0.581275
9568000,0.616688
9569000,0.619903
9570000,0.662873
9571000,0.445896
9572000,0.55637
9573000,0.679379
9574000,0.601234
9575000,0.598458
9576000,0.706506
9577000,0.591651
9578000,0.541133
9579000,0.646731
9580000,0.649818
9581000,0.590389
9582000,0.699886
9583000,0.583874
9584000,0.520549
9585000,0.617797
9586000,0.658697
9587000,0.607481
9588000,0.62153
9589000,0.644045
9590000,0.611136
9591000,0.665679
9592000,0.721964
9593000,0.599225
9594000,0.585187
9595000,0.653347
9596000,0.586353
9597000,0.638043
9598000,0.535772
9599000,0.590866
9600000,0.63732
9601000,0.605606
9602000,0.634588
9603000,0.633207
9604000,0.637858
9605000,0.657115
9606000,0.620341
9607000,0.613581
9608000,0.692751
9609000,0.623076
9610000,0.564213
9611000,0.628629
9612000,0.552253
9613000,0.594316
9614000,0.639267
9615000,0.585368
9616000,0.610188
9617000,0.631606
9618000,0.649879
9619000,0.589727
9620000,0.597633
9621000,0.663863
9622000,0.639879
9623000,0.670768
9624000,0.628678
9625000,0.632445
9626000,0.622748
9627000,0.613267
9628000,0.671496
9629000,0.613806
9630000,0.658236
9631000,0.611942
9632000,0.631037
9633000,0.612815
9634000,0.645203
9635000,0.552539
9636000,0.645361
9637000,0.666775
9638000,0.60898
9639000,0.625354
9640000,0.567058
9641000,0.570257
9642000,0.667782
9643000,0.517916
9644000,0.598953
9645000,0.584374
9646000,0.596823
9647000,0.679031
9648000,0.611855
9649000,0.590707
9650000,0.614675
9651000,0.597157
9652000,0.609005
9653000,0.631987
9654000,0.606003
9655000,0.607642
9656000,0.692824
9657000,0.607517
9658000,0.613682
9659000,0.633496
9660000,0.516112
9661000,0.65838
9662000,0.57723
9663000,0.628609
9664000,0.531595
9665000,0.652481
9666000,0.621408
9667000,0.590551
9668000,0.601598
9669000,0.499744
9670000,0.644845
9671000,0.657601
9672000,0.615436
9673000,0.612738
9674000,0.625204
9675000,0.623766
9676000,0.65312
9677000,0.586587
9678000,0.593866
9679000,0.633716
9680000,0.664061
9681000,0.587242
9682000,0.601662
9683000,0.677355
9684000,0.658151
9685000,0.616573
9686000,0.608881
9687000,0.621928
9688000,0.643247
9689000,0.641922
9690000,0.649939
9691000,0.592205
9692000,0.577238
9693000,0.699143
9694000,0.549491
9695000,0.606258
9696000,0.607184
9697000,0.620621
9698000,0.612816
9699000,0.640275
9700000,0.59639
9701000,0.687391
9702000,0.620123
9703000,0.629431
9704000,0.587075
9705000,0.589092
9706000,0.569891
9707000,0.610389
9708000,0.682243
9709000,0.515812
9710000,0.630855
9711000,0.601897
9712000,0.579232
9713000,0.591076
9714000,0.640978
9715000,0.613965
9716000,0.568036
9717000,0.556881
9718000,0.665727
9719000,0.6514
9720000,0.547467
9721000,0.604741
9722000,0.611386
9723000,0.54773
9724000,0.631443
9725000,0.673021
9726000,0.569826
9727000,0.60013
9728000,0.530994
9729000,0.541129
9730000,0.59759
9731000,0.583749
9732000,0.663844
9733000,0.525193
9734000,0.615173
9735000,0.597599
9736000,0.583238
9737000,0.629998
9738000,0.666965
9739000,0.598639
9740000,0.623698
9741000,0.615715
9742000,0.666355
9743000,0.621314
9744000,0.630507
9745000,0.646563
9746000,0.625526
9747000,0.580698
9748000,0.612897
9749000,0.598152
9750000,0.594212
9751000,0.624165
9752000,0.642042
9753000,0.604034
9754000,0.591955
9755000,0.580335
9756000,0.676026
9757000,0.612387
9758000,0.58273
9759000,0.539554
9760000,0.575064
9761000,0.625377
9762000,0.631809
9763000,0.63093
9764000,0.700248
9765000,0.566568
9766000,0.613383
9767000,0.639559
9768000,0.692246
9769000,0.61729
9770000,0.629798
9771000,0.668234
9772000,0.620434
9773000,0.63488
9774000,0.627083
9775000,0.665635
9776000,0.57567
9777000,0.614462
9778000,0.736271
9779000,0.769537
9780000,0.61713
9781000,0.629631
9782000,0.683289
9783000,0.578933
9784000,0.577128
9785000,0.682459
9786000,0.59103
9787000,0.637609
9788000,0.686844
9789000,0.627026
9790000,0.659506
9791000,0.665721
9792000,0.558062
9793000,0.588929
9794000,0.589494
9795000,0.547999
9796000,0.573128
9797000,0.602651
9798000,0.637576
9799000,0.651978
9800000,0.74997
9801000,0.666545
9802000,0.600479
9803000,0.645426
9804000,0.651683
9805000,0.643876
9806000,0.619174
9807000,0.649411
9808000,0.64527
9809000,0.569853
9810000,0.56583
9811000,0.63374
9812000,0.532443
9813000,0.532514
9814000,0.645957
9815000,0.623888
9816000,0.592493
9817000,0.657435
9818000,0.661132
9819000,0.62008
9820000,0.58938
9821000,0.644226
9822000,0.573565
9823000,0.607923
9824000,0.629234
9825000,0.542025
9826000,0.626681
9827000,0.573094
9828000,0.650608
9829000,0.578106
9830000,0.613501
9831000,0.642105
9832000,0.607331
9833000,0.620384
9834000,0.642592
9835000,0.662855
9836000,0.623798
9837000,0.608198
9838000,0.670729
9839000,0.579283
9840000,0.570086
9841000,0.579174
9842000,0.615067
9843000,0.608476
9844000,0.629226
9845000,0.682003
9846000,0.630935
9847000,0.685978
9848000,0.640873
9849000,0.650855
9850000,0.675646
9851000,0.615683
9852000,0.630354
9853000,0.651048
9854000,0.684999
9855000,0.659509
9856000,0.557495
9857000,0.652022
9858000,0.622235
9859000,0.597217
9860000,0.642765
9861000,0.643202
9862000,0.628861
9863000,0.637485
9864000,0.62278
9865000,0.597227
9866000,0.684924
9867000,0.562825
9868000,0.57142
9869000,0.616738
9870000,0.633082
9871000,0.603286
9872000,0.569544
9873000,0.606844
9874000,0.543435
9875000,0.607997
9876000,0.610326
9877000,0.616393
9878000,0.63307
9879000,0.649842
9880000,0.626495
9881000,0.646253
9882000,0.639891
9883000,0.561233
9884000,0.573618
9885000,0.658899
9886000,0.547566
9887000,0.693332
9888000,0.573107
9889000,0.593573
9890000,0.56902
9891000,0.629606
9892000,0.591067
9893000,0.68081
9894000,0.63288
9895000,0.646958
9896000,0.625959
9897000,0.623352
9898000,0.523714
9899000,0.606677
9900000,0.602687
9901000,0.633954
9902000,0.545946
9903000,0.571104
9904000,0.55987
9905000,0.590815
9906000,0.586504
9907000,0.651115
9908000,0.662683
9909000,0.59628
9910000,0.591008
9911000,0.645442
9912000,0.673536
9913000,0.571483
9914000,0.635374
9915000,0.610355
9916000,0.55345
9917000,0.547715
9918000,0.673303
9919000,0.58009
9920000,0.609073
9921000,0.599875
9922000,0.702193
9923000,0.591241
9924000,0.646188
9925000,0.652674
9926000,0.637424
9927000,0.607044
9928000,0.596799
9929000,0.633808
9930000,0.6803
9931000,0.614468
9932000,0.544054
9933000,0.646375
9934000,0.615989
9935000,0.610042
9936000,0.580644
9937000,0.659346
9938000,0.69996
9939000,0.628908
9940000,0.68968
9941000,0.556587
9942000,0.6497
9943000,0.535354
9944000,0.651886
9945000,0.528347
9946000,0.591353
9947000,0.634596
9948000,0.582282
9949000,0.598465
9950000,0.634102
9951000,0.65455
9952000,0.652574
9953000,0.623438
9954000,0.628662
9955000,0.60298
9956000,0.572794
9957000,0.626678
9958000,0.611011
9959000,0.649426
9960000,0.647005
9961000,0.572703
9962000,0.586598
9963000,0.623611
9964000,0.672955
9965000,0.574324
9966000,0.654434
9967000,0.614428
9968000,0.690852
9969000,0.599236
9970000,0.665691
9971000,0.652276
9972000,0.566347
9973000,0.572972
9974000,0.551468
9975000,0.671213
9976000,0.646125
9977000,0.627846
9978000,0.597831
9979000,0.536382
9980000,0.647376
9981000,0.655822
9982000,0.585853
9983000,0.625392
9984000,0.633655
9985000,0.699751
9986000,0.621272
9987000,0.635073
9988000,0.613427
9989000,0.618676
9990000,0.638495
9991000,0.601711
9992000,0.659684
9993000,0.589272
9994000,0.611985
9995000,0.609656
9996000,0.634257
9997000,0.66785
9998000,0.637255
9999000,0.536633
10000000,0.66795
10001000,0.631472
10002000,0.611738
10003000,0.592601
10004000,0.589902
10005000,0.517716
10006000,0.685832
10007000,0.614515
10008000,0.636532
10009000,0.623522
10010000,0.642723
10011000,0.602873
10012000,0.536106
10013000,0.636645
10014000,0.703238
10015000,0.626409
10016000,0.653374
10017000,0.632255
10018000,0.664185
10019000,0.524723
10020000,0.573668
10021000,0.647074
10022000,0.614681
10023000,0.615689
10024000,0.617472
10025000,0.639262
10026000,0.61686
10027000,0.645849
10028000,0.641242
10029000,0.599282
10030000,0.594727
10031000,0.594646
10032000,0.637936
10033000,0.566326
10034000,0.632107
10035000,0.565556
10036000,0.620767
10037000,0.617014
10038000,0.608341
10039000,0.584967
10040000,0.582896
10041000,0.639446
10042000,0.634905
10043000,0.605096
10044000,0.635074
10045000,0.601008
10046000,0.685798
10047000,0.568734
10048000,0.597435
10049000,0.652239
10050000,0.669498
10051000,0.624438
10052000,0.623517
10053000,0.65658
10054000,0.670194
10055000,0.572183
10056000,0.557271
10057000,0.667186
10058000,0.60156
10059000,0.626112
10060000,0.577087
10061000,0.631536
10062000,0.578708
10063000,0.590464
10064000,0.612268
10065000,0.62596
10066000,0.600062
10067000,0.615118
10068000,0.58809
10069000,0.543659
10070000,0.600169
10071000,0.615088
10072000,0.630462
10073000,0.627468
10074000,0.604551
10075000,0.651278
10076000,0.598923
10077000,0.625095
10078000,0.614246
10079000,0.548389
10080000,0.609659
10081000,0.623503
10082000,0.584932
10083000,0.595128
10084000,0.613527
10085000,0.637691
10086000,0.624628
10087000,0.648457
10088000,0.588967
10089000,0.619182
10090000,0.590119
10091000,0.63721
10092000,0.621238
10093000,0.596291
10094000,0.62864
10095000,0.633698
10096000,0.570314
10097000,0.57369
10098000,0.581695
10099000,0.571555
10100000,0.664057
10101000,0.626655
10102000,0.650776
10103000,0.628466
10104000,0.698931
10105000,0.634964
10106000,0.646416
10107000,0.667355
10108000,0.615447
10109000,0.595147
10110000,0.615894
10111000,0.606975
10112000,0.656377
10113000,0.623831
10114000,0.654144
10115000,0.629297
10116000,0.616217
10117000,0.604274
10118000,0.530726
10119000,0.677547
10120000,0.601759
10121000,0.635938
10122000,0.630663
10123000,0.543475
10124000,0.632328
10125000,0.609193
10126000,0.604608
10127000,0.634905
10128000,0.571873
10129000,0.64323
10130000,0.644467
10131000,0.648227
10132000,0.624465
10133000,0.650807
10134000,0.695874
10135000,0.63133
10136000,0.615094
10137000,0.582217
10138000,0.66348
10139000,0.686638
10140000,0.674001
10141000,0.582984
10142000,0.62582
10143000,0.63224
10144000,0.563738
10145000,0.710325
10146000,0.590083
10147000,0.630651
10148000,0.613638
10149000,0.673962
10150000,0.678127
10151000,0.504124
10152000,0.637818
10153000,0.631807
10154000,0.587697
10155000,0.562696
10156000,0.599858
10157000,0.524029
10158000,0.626668
10159000,0.579584
10160000,0.613774
10161000,0.579481
10162000,0.603969
10163000,0.616403
10164000,0.635847
10165000,0.583067
10166000,0.622019
10167000,0.639059
10168000,0.596883
10169000,0.598803
10170000,0.544182
10171000,0.587669
10172000,0.523848
10173000,0.603323
10174000,0.611101
10175000,0.647417
10176000,0.589001
10177000,0.6685
10178000,0.59066
10179000,0.621585
10180000,0.609006
10181000,0.633486
10182000,0.582994
10183000,0.679503
10184000,0.590633
10185000,0.648648
10186000,0.557448
10187000,0.580408
10188000,0.614114
10189000,0.5869
10190000,0.594736
10191000,0.559722
10192000,0.633171
10193000,0.59848
10194000,0.596696
10195000,0.592956
10196000,0.657064
10197000,0.639071
10198000,0.640574
10199000,0.617055
10200000,0.663942
10201000,0.583238
10202000,0.595298
10203000,0.590957
10204000,0.641237
10205000,0.652529
10206000,0.600274
10207000,0.613343
10208000,0.553181
10209000,0.608875
10210000,0.663353
10211000,0.564553
10212000,0.561486
10213000,0.590846
10214000,0.637253
10215000,0.656826
10216000,0.608184
10217000,0.5805
10218000,0.610081
10219000,0.631219
10220000,0.670721
10221000,0.571181
10222000,0.640944
10223000,0.633478
10224000,0.544774
10225000,0.54909
10226000,0.619787
10227000,0.600395
10228000,0.589327
10229000,0.636276
10230000,0.642048
10231000,0.600198
10232000,0.613297
10233000,0.567072
10234000,0.547211
10235000,0.592235
10236000,0.611424
10237000,0.653104
10238000,0.657189
10239000,0.545055
10240000,0.599275
10241000,0.64393
10242000,0.650116
10243000,0.575084
10244000,0.601256
10245000,0.668842
10246000,0.631329
10247000,0.598243
10248000,0.622112
10249000,0.601807
10250000,0.559012
10251000,0.669324
10252000,0.666789
10253000,0.645151
10254000,0.599753
10255000,0.588411
10256000,0.565049
10257000,0.664141
10258000,0.660727
10259000,0.619491
10260000,0.574621
10261000,0.614549
10262000,0.723133
10263000,0.662646
10264000,0.638488
10265000,0.625699
10266000,0.606184
10267000,0.633066
10268000,0.637853
10269000,0.621484
10270000,0.681452
10271000,0.666669
10272000,0.606712
10273000,0.569389
10274000,0.592142
10275000,0.626758
10276000,0.596777
10277000,0.641743
10278000,0.567054
10279000,0.541258
10280000,0.528625
10281000,0.651233
10282000,0.594816
10283000,0.674278
10284000,0.566003
10285000,0.637414
10286000,0.587168
10287000,0.676727
10288000,0.59263
10289000,0.602216
10290000,0.552505
10291000,0.665253
10292000,0.60624
10293000,0.662819
10294000,0.5943
10295000,0.653449
10296000,0.667522
10297000,0.605739
10298000,0.571365
10299000,0.622024
10300000,0.589311
10301000,0.607285
10302000,0.65767
10303000,0.597351
10304000,0.651943
10305000,0.668789
10306000,0.634354
10307000,0.608462
10308000,0.640482
10309000,0.568101
10310000,0.651289
10311000,0.599927
10312000,0.627131
10313000,0.664416
10314000,0.512
10315000,0.635584
10316000,0.584885
10317000,0.601312
10318000,0.558538
10319000,0.569596
10320000,0.57487
10321000,0.566191
10322000,0.605586
10323000,0.605974
10324000,0.619064
10325000,0.615111
10326000,0.595349
10327000,0.655172
10328000,0.615455
10329000,0.674109
10330000,0.630105
10331000,0.56913
10332000,0.555071
10333000,0.612007
10334000,0.649691
10335000,0.666281
10336000,0.604833
10337000,0.598799
10338000,0.583777
10339000,0.628482
10340000,0.632744
10341000,0.687544
10342000,0.675824
10343000,0.637756
10344000,0.625025
10345000,0.636751
10346000,0.593311
10347000,0.585109
10348000,0.530478
10349000,0.57444
10350000,0.627012
10351000,0.616558
10352000,0.556074
10353000,0.558032
10354000,0.630062
10355000,0.573786
10356000,0.592541
10357000,0.640011
10358000,0.634449
10359000,0.660374
10360000,0.588306
10361000,0.60738
10362000,0.578912
10363000,0.676086
10364000,0.608197
10365000,0.535518
10366000,0.590346
10367000,0.602053
10368000,0.496625
10369000,0.555432
10370000,0.676687
10371000,0.609446
10372000,0.660123
10373000,0.646183
10374000,0.685645
10375000,0.637474
10376000,0.610199
10377000,0.648213
10378000,0.638912
10379000,0.551775
10380000,0.637855
10381000,0.634701
10382000,0.671169
10383000,0.616413
10384000,0.615801
10385000,0.563675
10386000,0.623224
10387000,0.644899
10388000,0.683548
10389000,0.63653
10390000,0.59379
10391000,0.690334
10392000,0.618235
10393000,0.590972
10394000,0.610165
10395000,0.629761
10396000,0.627264
10397000,0.619593
10398000,0.617219
10399000,0.640222
10400000,0.584081
10401000,0.624657
10402000,0.658042
10403000,0.589627
10404000,0.693145
10405000,0.673074
10406000,0.617997
10407000,0.638633
10408000,0.536283
10409000,0.682364
10410000,0.624887
10411000,0.582859
10412000,0.637992
10413000,0.528094
10414000,0.597412
10415000,0.699391
10416000,0.668055
10417000,0.618963
10418000,0.627064
10419000,0.628541
10420000,0.64406
10421000,0.596697
10422000,0.560811
10423000,0.617049
10424000,0.62262
10425000,0.638219
10426000,0.63572
10427000,0.568609
10428000,0.601389
10429000,0.653785
10430000,0.610427
10431000,0.666336
10432000,0.611766
10433000,0.549531
10434000,0.585967
10435000,0.68695
10436000,0.584397
10437000,0.595449
10438000,0.621239
10439000,0.610269
10440000,0.539427
10441000,0.59721
10442000,0.625588
10443000,0.5857
10444000,0.639336
10445000,0.65541
10446000,0.635052
10447000,0.712511
10448000,0.624692
10449000,0.598839
10450000,0.612761
10451000,0.599475
10452000,0.629437
10453000,0.66757
10454000,0.683777
10455000,0.690537
10456000,0.61645
10457000,0.576451
10458000,0.618922
10459000,0.629197
10460000,0.539067
10461000,0.697858
10462000,0.612334
10463000,0.642441
10464000,0.66885
10465000,0.593489
10466000,0.602374
10467000,0.615854
10468000,0.570738
10469000,0.68499
10470000,0.615884
10471000,0.537433
10472000,0.638491
10473000,0.60724
10474000,0.627115
10475000,0.671224
10476000,0.568828
10477000,0.590814
10478000,0.537091
10479000,0.59873
10480000,0.577825
10481000,0.588816
10482000,0.627546
10483000,0.584166
10484000,0.55487
10485000,0.631434
10486000,0.606494
10487000,0.621359
10488000,0.639294
10489000,0.610931
10490000,0.63991
10491000,0.528401
10492000,0.592002
10493000,0.646051
10494000,0.59424
10495000,0.640215
10496000,0.569154
10497000,0.648371
10498000,0.633656
10499000,0.668287
10500000,0.588852
10501000,0.639164
10502000,0.603502
10503000,0.714103
10504000,0.654594
10505000,0.632986
10506000,0.685578
10507000,0.572465
10508000,0.59942
10509000,0.673719
10510000,0.596891
10511000,0.576233
10512000,0.624366
10513000,0.630693
10514000,0.62196
10515000,0.645496
10516000,0.62349
10517000,0.644713
10518000,0.630524
10519000,0.6135
10520000,0.643325
10521000,0.627222
10522000,0.629644
10523000,0.651151
10524000,0.646112
10525000,0.671124
10526000,0.585306
10527000,0.564887
10528000,0.676717
10529000,0.637242
10530000,0.603895
10531000,0.613516
10532000,0.608138
10533000,0.657184
10534000,0.617583
10535000,0.605358
10536000,0.687754
10537000,0.57071
10538000,0.618239
10539000,0.61693
10540000,0.626146
10541000,0.601557
10542000,0.53796
10543000,0.587773
10544000,0.584457
10545000,0.592899
10546000,0.450711
10547000,0.624179
10548000,0.564901
10549000,0.569688
10550000,0.649658
10551000,0.635628
10552000,0.557101
10553000,0.641107
10554000,0.592983
10555000,0.653933
10556000,0.640143
10557000,0.61929
10558000,0.633363
10559000,0.594889
10560000,0.643768
10561000,0.575529
10562000,0.575441
10563000,0.616817
10564000,0.615746
10565000,0.641767
10566000,0.612397
10567000,0.645368
10568000,0.657018
10569000,0.606694
10570000,0.57634
10571000,0.607105
10572000,0.582642
10573000,0.582467
10574000,0.539805
10575000,0.598532
10576000,0.682401
10577000,0.598116
10578000,0.554505
10579000,0.628939
10580000,0.651229
10581000,0.649628
10582000,0.646422
10583000,0.583556
10584000,0.619072
10585000,0.600781
10586000,0.629712
10587000,0.572131
10588000,0.631749
10589000,0.61284
10590000,0.565987
10591000,0.644476
10592000,0.634817
10593000,0.636243
10594000,0.633174
10595000,0.567563
10596000,0.587711
10597000,0.649243
10598000,0.650355
10599000,0.628934
10600000,0.600024
10601000,0.597368
10602000,0.583053
10603000,0.616723
10604000,0.633688
10605000,0.634793
10606000,0.623627
10607000,0.620857
10608000,0.563699
10609000,0.61069
10610000,0.575688
10611000,0.63661
10612000,0.607236
10613000,0.607112
10614000,0.635116
10615000,0.629092
10616000,0.612754
10617000,0.678362
10618000,0.583579
10619000,0.614546
10620000,0.699792
10621000,0.686657
10622000,0.568944
10623000,0.62311
10624000,0.647549
10625000,0.670257
10626000,0.660524
10627000,0.67392
10628000,0.626034
10629000,0.612737
10630000,0.597877
10631000,0.61638
10632000,0.606691
10633000,0.571462
10634000,0.65179
10635000,0.530028
10636000,0.697658
10637000,0.527599
10638000,0.566877
10639000,0.564513
10640000,0.635336
10641000,0.650004
10642000,0.567256
10643000,0.62298
10644000,0.559253
10645000,0.643941
10646000,0.663276
10647000,0.626955
10648000,0.57321
10649000,0.510594
10650000,0.645959
10651000,0.592512
10652000,0.60381
10653000,0.660648
10654000,0.610605
10655000,0.614374
10656000,0.711163
10657000,0.556942
10658000,0.624199
10659000,0.661301
10660000,0.583321
10661000,0.601546
10662000,0.668549
10663000,0.567524
10664000,0.622974
10665000,0.610423
10666000,0.625712
10667000,0.620715
10668000,0.655476
10669000,0.614269
10670000,0.661866
10671000,0.614313
10672000,0.648996
10673000,0.598035
10674000,0.656825
10675000,0.630226
10676000,0.615311
10677000,0.645314
10678000,0.631283
10679000,0.599616
10680000,0.683485
10681000,0.569277
10682000,0.615864
10683000,0.568139
10684000,0.524257
10685000,0.595552
10686000,0.697418
10687000,0.689873
10688000,0.519726
10689000,0.605807
10690000,0.599147
10691000,0.644778
10692000,0.58632
10693000,0.665711
10694000,0.6555
10695000,0.623483
10696000,0.599021
10697000,0.593822
10698000,0.620941
10699000,0.626166
10700000,0.653842
10701000,0.617069
10702000,0.603697
10703000,0.592165
10704000,0.589376
10705000,0.581727
10706000,0.599144
10707000,0.635675
10708000,0.565975
10709000,0.562681
10710000,0.618867
10711000,0.56951
10712000,0.655978
10713000,0.611404
10714000,0.548787
10715000,0.607911
10716000,0.637065
10717000,0.645396
10718000,0.655797
10719000,0.648532
10720000,0.533825
10721000,0.627427
10722000,0.635647
10723000,0.610004
10724000,0.662589
10725000,0.691135
10726000,0.64314
10727000,0.670586
10728000,0.617336
10729000,0.646464
10730000,0.695986
10731000,0.671955
10732000,0.638095
10733000,0.6694
10734000,0.578897
10735000,0.686756
10736000,0.648875
10737000,0.63646
10738000,0.605975
10739000,0.617133
10740000,0.64523
10741000,0.665115
10742000,0.616356
10743000,0.596607
10744000,0.656269
10745000,0.649862
10746000,0.613968
10747000,0.612692
10748000,0.640143
10749000,0.627765
10750000,0.718124
10751000,0.698577
10752000,0.639837
10753000,0.594953
10754000,0.607003
10755000,0.619836
10756000,0.636369
10757000,0.629728
10758000,0.645834
10759000,0.646864
10760000,0.644864
10761000,0.656403
10762000,0.536022
10763000,0.600298
10764000,0.607223
10765000,0.584017
10766000,0.678606
10767000,0.56175
10768000,0.634536
10769000,0.639833
10770000,0.651491
10771000,0.623169
10772000,0.643303
10773000,0.604049
10774000,0.574963
10775000,0.593189
10776000,0.58812
10777000,0.578703
10778000,0.595201
10779000,0.57055
10780000,0.612845
10781000,0.616663
10782000,0.6261
10783000,0.6949
10784000,0.610631
10785000,0.562998
10786000,0.597635
10787000,0.605517
10788000,0.653866
10789000,0.561971
10790000,0.660221
10791000,0.600958
10792000,0.559249
10793000,0.605842
10794000,0.579125
10795000,0.547031
10796000,0.654205
10797000,0.637427
10798000,0.560992
10799000,0.601004
10800000,0.595933
10801000,0.570814
10802000,0.648023
10803000,0.59169
10804000,0.572884
10805000,0.595477
10806000,0.687878
10807000,0.527288
10808000,0.610106
10809000,0.582099
10810000,0.600516
10811000,0.645824
10812000,0.607539
10813000,0.637685
10814000,0.613004
10815000,0.629653
10816000,0.660583
10817000,0.589039
10818000,0.588111
10819000,0.664938
10820000,0.549542
10821000,0.59856
10822000,0.636616
10823000,0.596015
10824000,0.638012
10825000,0.650219
10826000,0.579088
10827000,0.60239
10828000,0.642535
10829000,0.581078
10830000,0.617619
10831000,0.607633
10832000,0.631343
10833000,0.588874
10834000,0.601528
10835000,0.65246
10836000,0.603915
10837000,0.590663
10838000,0.666096
10839000,0.605663
10840000,0.561759
10841000,0.602983
10842000,0.579932
10843000,0.632348
10844000,0.694765
10845000,0.658431
10846000,0.544688
10847000,0.60404
10848000,0.703577
10849000,0.633452
10850000,0.659134
10851000,0.572101
10852000,0.548417
10853000,0.629013
10854000,0.605746
10855000,0.597315
10856000,0.558595
10857000,0.592408
10858000,0.593509
10859000,0.553041
10860000,0.678863
10861000,0.644041
10862000,0.644881
10863000,0.573996
10864000,0.689746
10865000,0.653826
10866000,0.593596
10867000,0.685897
10868000,0.662362
10869000,0.626569
10870000,0.594006
10871000,0.595585
10872000,0.689475
10873000,0.692194
10874000,0.64308
10875000,0.574608
10876000,0.542359
10877000,0.60177
10878000,0.605691
10879000,0.586258
10880000,0.614589
10881000,0.646822
10882000,0.621042
10883000,0.680619
10884000,0.506618
10885000,0.578512
10886000,0.663545
10887000,0.676852
10888000,0.671997
10889000,0.586402
10890000,0.716116
10891000,0.546044
10892000,0.626795
10893000,0.66883
10894000,0.685777
10895000,0.609845
10896000,0.647359
10897000,0.570782
10898000,0.603209
10899000,0.624876
10900000,0.585532
10901000,0.587135
10902000,0.558605
10903000,0.646111
10904000,0.509984
10905000,0.606981
10906000,0.611555
10907000,0.537401
10908000,0.60798
10909000,0.595682
10910000,0.573156
10911000,0.675418
10912000,0.637819
10913000,0.543791
10914000,0.565333
10915000,0.611493
10916000,0.59263
10917000,0.54177
10918000,0.652884
10919000,0.648226
10920000,0.642808
10921000,0.584368
10922000,0.559774
10923000,0.65064
10924000,0.564963
10925000,0.683619
10926000,0.643449
10927000,0.604216
10928000,0.616894
10929000,0.630518
10930000,0.527144
10931000,0.634627
10932000,0.550049
10933000,0.636376
10934000,0.660593
10935000,0.611382
10936000,0.650654
10937000,0.599792
10938000,0.54983
10939000,0.552281
10940000,0.645929
10941000,0.620925
10942000,0.66037
10943000,0.633318
10944000,0.61824
10945000,0.624775
10946000,0.639913
10947000,0.652326
10948000,0.559814
10949000,0.635787
10950000,0.629741
10951000,0.647032
10952000,0.552303
10953000,0.607911
10954000,0.636408
10955000,0.631273
10956000,0.592677
10957000,0.64946
10958000,0.579789
10959000,0.579436
10960000,0.597387
10961000,0.653185
10962000,0.590318
10963000,0.686693
10964000,0.602939
10965000,0.60013
10966000,0.546574
10967000,0.658491
10968000,0.613222
10969000,0.583538
10970000,0.604893
10971000,0.561761
10972000,0.631208
10973000,0.599035
10974000,0.632001
10975000,0.562215
10976000,0.597352
10977000,0.67357
10978000,0.55865
10979000,0.619754
10980000,0.58822
10981000,0.602534
10982000,0.585493
10983000,0.652427
10984000,0.64471
10985000,0.670804
10986000,0.630486
10987000,0.710607
10988000,0.61571
10989000,0.646149
10990000,0.588338
10991000,0.627469
10992000,0.602039
10993000,0.569106
10994000,0.590294
10995000,0.551973
10996000,0.622758
10997000,0.564234
10998000,0.638651
10999000,0.645333
11000000,0.589953
11001000,0.67952
11002000,0.567597
11003000,0.607919
11004000,0.656853
11005000,0.572326
11006000,0.633326
11007000,0.600467
11008000,0.546246
11009000,0.598804
11010000,0.649185
11011000,0.554381
11012000,0.629103
11013000,0.627931
11014000,0.560659
11015000,0.729055
11016000,0.593065
11017000,0.617355
11018000,0.528917
11019000,0.71769
11020000,0.637313
11021000,0.682275
11022000,0.664436
11023000,0.578452
11024000,0.616966
11025000,0.545886
11026000,0.654765
11027000,0.568289
11028000,0.599769
11029000,0.610221
11030000,0.674472
11031000,0.661013
11032000,0.632428
11033000,0.611018
11034000,0.556316
11035000,0.664782
11036000,0.606002
11037000,0.556952
11038000,0.515058
11039000,0.661288
11040000,0.596388
11041000,0.650634
11042000,0.564849
11043000,0.604455
11044000,0.642064
11045000,0.582498
11046000,0.605549
11047000,0.644223
11048000,0.603649
11049000,0.576918
11050000,0.725696
11051000,0.67275
11052000,0.615277
11053000,0.563446
11054000,0.635098
11055000,0.555858
11056000,0.635239
11057000,0.570242
11058000,0.652286
11059000,0.606058
11060000,0.580936
11061000,0.632131
11062000,0.636367
11063000,0.623842
11064000,0.642783
11065000,0.653381
11066000,0.658667
11067000,0.573783
11068000,0.574775
11069000,0.611119
11070000,0.595487
11071000,0.565779
11072000,0.582162
11073000,0.610409
11074000,0.638331
11075000,0.640936
11076000,0.589265
11077000,0.662683
11078000,0.702273
11079000,0.63973
11080000,0.558709
11081000,0.6385
11082000,0.64541
11083000,0.665128
11084000,0.693164
11085000,0.638507
11086000,0.63936
11087000,0.593012
11088000,0.714605
11089000,0.665173
11090000,0.611359
11091000,0.600186
11092000,0.583044
11093000,0.678659
11094000,0.608373
11095000,0.606599
11096000,0.639362
11097000,0.662455
11098000,0.596923
11099000,0.622959
11100000,0.629842
11101000,0.725754
11102000,0.571472
11103000,0.592586
11104000,0.605846
11105000,0.56485
11106000,0.634365
11107000,0.622836
11108000,0.586459
11109000,0.608782
11110000,0.590663
11111000,0.685441
11112000,0.612831
11113000,0.622358
11114000,0.595101
11115000,0.604975
11116000,0.596
11117000,0.621648
11118000,0.61302
11119000,0.621909
11120000,0.595935
11121000,0.594992
11122000,0.63976
11123000,0.591657
11124000,0.63679
11125000,0.61975
11126000,0.641344
11127000,0.605191
11128000,0.672741
11129000,0.568122
11130000,0.559415
11131000,0.631551
11132000,0.644072
11133000,0.60607
11134000,0.668342
11135000,0.56304
11136000,0.630252
11137000,0.608794
11138000,0.683663
11139000,0.53013
11140000,0.632166
11141000,0.619513
11142000,0.647761
11143000,0.71076
11144000,0.650338
11145000,0.644636
11146000,0.655688
11147000,0.622481
11148000,0.596325
11149000,0.675839
11150000,0.60663
11151000,0.628734
11152000,0.641707
11153000,0.560613
11154000,0.538458
11155000,0.65059
11156000,0.650794
11157000,0.54339
11158000,0.674832
11159000,0.657687
11160000,0.610398
11161000,0.62782
11162000,0.622402
11163000,0.632427
11164000,0.621323
11165000,0.633017
11166000,0.617373
11167000,0.628202
11168000,0.667226
11169000,0.531467
11170000,0.614847
11171000,0.610414
11172000,0.559205
11173000,0.609498
11174000,0.616464
11175000,0.562149
11176000,0.603487
11177000,0.595325
11178000,0.61554
11179000,0.675524
11180000,0.607132
11181000,0.631685
11182000,0.603287
11183000,0.611811
11184000,0.658295
11185000,0.597189
11186000,0.560124
11187000,0.605998
11188000,0.604623
11189000,0.616987
11190000,0.642957
11191000,0.597802
11192000,0.601968
11193000,0.607749
11194000,0.606128
11195000,0.579664
11196000,0.641761
11197000,0.620337
11198000,0.628036
11199000,0.572229
11200000,0.679868
11201000,0.636114
11202000,0.650945
11203000,0.651128
11204000,0.572976
11205000,0.612988
11206000,0.604367
11207000,0.569087
11208000,0.57366
11209000,0.609636
11210000,0.669489
11211000,0.6725
11212000,0.636385
11213000,0.633231
11214000,0.614504
11215000,0.61914
11216000,0.671931
11217000,0.67206
11218000,0.634527
11219000,0.658915
11220000,0.603126
11221000,0.612902
11222000,0.621627
11223000,0.647222
11224000,0.695006
11225000,0.696509
11226000,0.604498
11227000,0.591609
11228000,0.586988
11229000,0.684982
11230000,0.604735
11231000,0.577315
11232000,0.614095
11233000,0.650877
11234000,0.646618
11235000,0.578768
11236000,0.64605
11237000,0.6049
11238000,0.580287
11239000,0.606795
11240000,0.595527
11241000,0.719891
11242000,0.652617
11243000,0.670719
11244000,0.595236
11245000,0.600082
11246000,0.626845
11247000,0.680636
11248000,0.663476
11249000,0.612147
11250000,0.613473
11251000,0.653473
11252000,0.573496
11253000,0.615648
11254000,0.587925
11255000,0.60213
11256000,0.581639
11257000,0.574846
11258000,0.614927
11259000,0.650156
11260000,0.639094
11261000,0.664317
11262000,0.593304
11263000,0.611865
11264000,0.650667
11265000,0.507153
11266000,0.624673
11267000,0.62369
11268000,0.609429
11269000,0.609653
11270000,0.61503
11271000,0.679407
11272000,0.679561
11273000,0.618904
11274000,0.594704
11275000,0.602512
11276000,0.658122
11277000,0.707394
11278000,0.652853
11279000,0.550799
11280000,0.574793
11281000,0.562274
11282000,0.548306
11283000,0.587243
11284000,0.6297
11285000,0.616146
11286000,0.569482
11287000,0.652342
11288000,0.590979
11289000,0.597158
11290000,0.637238
11291000,0.684555
11292000,0.639385
11293000,0.608474
11294000,0.60291
11295000,0.648205
11296000,0.606584
11297000,0.588801
11298000,0.612878
11299000,0.552286
11300000,0.636753
11301000,0.562677
11302000,0.511379
11303000,0.610791
11304000,0.629873
11305000,0.570367
11306000,0.625365
11307000,0.594637
11308000,0.642396
11309000,0.623974
11310000,0.602679
11311000,0.666596
11312000,0.654711
11313000,0.596046
11314000,0.646774
11315000,0.598554
11316000,0.628993
11317000,0.627142
11318000,0.624187
11319000,0.574451
11320000,0.61188
11321000,0.690925
11322000,0.682008
11323000,0.622189
11324000,0.668285
11325000,0.653529
11326000,0.586268
11327000,0.749219
11328000,0.609479
11329000,0.588479
11330000,0.630419
11331000,0.688808
11332000,0.584693
11333000,0.590654
11334000,0.614335
11335000,0.601639
11336000,0.590128
11337000,0.596075
11338000,0.621233
11339000,0.605211
11340000,0.640939
11341000,0.576961
11342000,0.590224
11343000,0.625034
11344000,0.655808
11345000,0.623912
11346000,0.703877
11347000,0.56544
11348000,0.644547
11349000,0.608368
11350000,0.698862
11351000,0.609597
11352000,0.599393
11353000,0.540383
11354000,0.612296
11355000,0.604451
11356000,0.666128
11357000,0.641897
11358000,0.573653
11359000,0.716454
11360000,0.628485
11361000,0.653505
11362000,0.597601
11363000,0.611996
11364000,0.588281
11365000,0.602244
11366000,0.652325
11367000,0.577493
11368000,0.620503
11369000,0.604447
11370000,0.58064
11371000,0.636017
11372000,0.653732
11373000,0.618551
11374000,0.674667
11375000,0.618012
11376000,0.57059
11377000,0.62947
11378000,0.570288
11379000,0.628713
11380000,0.676763
11381000,0.589497
11382000,0.640393
11383000,0.566348
11384000,0.612735
11385000,0.569468
11386000,0.655832
11387000,0.576932
11388000,0.577907
11389000,0.632932
11390000,0.610722
11391000,0.743053
11392000,0.604061
11393000,0.643746
11394000,0.623091
11395000,0.627409
11396000,0.668223
11397000,0.576728
11398000,0.638507
11399000,0.574765
11400000,0.629717
11401000,0.522909
11402000,0.592142
11403000,0.623328
11404000,0.579845
11405000,0.567895
11406000,0.624018
11407000,0.657135
11408000,0.626377
11409000,0.531919
11410000,0.605982
11411000,0.582671
11412000,0.600975
11413000,0.621728
11414000,0.596046
11415000,0.599334
11416000,0.653339
11417000,0.634051
11418000,0.63375
11419000,0.675281
11420000,0.604981
11421000,0.603995
11422000,0.594688
11423000,0.637781
11424000,0.592203
11425000,0.570151
11426000,0.65313
11427000,0.606044
11428000,0.592806
11429000,0.628931
11430000,0.569031
11431000,0.607826
11432000,0.636102
11433000,0.603494
11434000,0.648866
11435000,0.59988
11436000,0.589818
11437000,0.594915
11438000,0.571366
11439000,0.603635
11440000,0.652572
11441000,0.539745
11442000,0.617191
11443000,0.66711
11444000,0.529899
11445000,0.61632
11446000,0.649434
11447000,0.612037
11448000,0.6165
11449000,0.581203
11450000,0.644765
11451000,0.637036
11452000,0.648242
11453000,0.541682
11454000,0.648221
11455000,0.632327
11456000,0.681883
11457000,0.606736
11458000,0.568286
11459000,0.669797
11460000,0.713656
11461000,0.551295
11462000,0.629136
11463000,0.602467
11464000,0.60706
11465000,0.638672
11466000,0.577281
11467000,0.624653
11468000,0.704704
11469000,0.611566
11470000,0.608832
11471000,0.656542
11472000,0.596723
11473000,0.605631
11474000,0.582537
11475000,0.660435
11476000,0.654645
11477000,0.651387
11478000,0.649117
11479000,0.549817
11480000,0.610493
11481000,0.638841
11482000,0.637859
11483000,0.620541
11484000,0.695582
11485000,0.614917
11486000,0.6649
11487000,0.605939
11488000,0.651966
11489000,0.662421
11490000,0.690979
11491000,0.587557
11492000,0.642993
11493000,0.610578
11494000,0.600082
11495000,0.591967
11496000,0.630835
11497000,0.605568
11498000,0.636747
11499000,0.583701
11500000,0.562821
11501000,0.644957
11502000,0.598879
11503000,0.631937
11504000,0.612679
11505000,0.572438
11506000,0.656356
11507000,0.646504
11508000,0.655961
11509000,0.561557
11510000,0.716041
11511000,0.600534
11512000,0.570284
11513000,0.634057
11514000,0.608202
11515000,0.648042
11516000,0.615497
11517000,0.67022
11518000,0.651454
11519000,0.632806
11520000,0.636586
11521000,0.640661
11522000,0.625665
11523000,0.593215
11524000,0.563997
11525000,0.611259
11526000,0.647243
11527000,0.58742
11528000,0.612589
11529000,0.647538
11530000,0.553084
11531000,0.601984
11532000,0.637157
11533000,0.630923
11534000,0.612181
11535000,0.625178
11536000,0.614483
11537000,0.656467
11538000,0.599218
11539000,0.71293
11540000,0.57726
11541000,0.659482
11542000,0.675544
11543000,0.663218
11544000,0.685716
11545000,0.554428
11546000,0.500808
11547000,0.628505
11548000,0.696921
11549000,0.628785
11550000,0.633271
11551000,0.649816
11552000,0.63865
11553000,0.639813
11554000,0.629773
11555000,0.615519
11556000,0.649085
11557000,0.61474
11558000,0.639622
11559000,0.588546
11560000,0.558991
11561000,0.6431
11562000,0.528903
11563000,0.641589
11564000,0.581592
11565000,0.611815
11566000,0.644532
11567000,0.646219
11568000,0.686942
11569000,0.546328
11570000,0.581741
11571000,0.583056
11572000,0.623663
11573000,0.648486
11574000,0.716225
11575000,0.613807
11576000,0.609963
11577000,0.56717
11578000,0.596299
11579000,0.574878
11580000,0.626006
11581000,0.651117
11582000,0.58527
11583000,0.583806
11584000,0.55561
11585000,0.612604
11586000,0.603817
11587000,0.619743
11588000,0.612289
11589000,0.66149
11590000,0.65031
11591000,0.542263
11592000,0.628975
11593000,0.600231
11594000,0.589654
11595000,0.64897
11596000,0.591795
11597000,0.591392
11598000,0.593076
11599000,0.606041
11600000,0.64541
11601000,0.615701
11602000,0.630483
11603000,0.649704
11604000,0.603153
11605000,0.619556
11606000,0.662678
11607000,0.651209
11608000,0.536811
11609000,0.559963
11610000,0.579862
11611000,0.64286
11612000,0.675496
11613000,0.569737
11614000,0.603172
11615000,0.590881
11616000,0.598209
11617000,0.695789
11618000,0.63442
11619000,0.60026
11620000,0.541896
11621000,0.591572
11622000,0.560647
11623000,0.558286
11624000,0.62097
11625000,0.632488
11626000,0.595281
11627000,0.637873
11628000,0.579662
11629000,0.568937
11630000,0.59891
11631000,0.645819
11632000,0.57794
11633000,0.617519
11634000,0.548779
11635000,0.618037
11636000,0.5717
11637000,0.615563
11638000,0.686568
11639000,0.622983
11640000,0.620402
11641000,0.635046
11642000,0.655056
11643000,0.647891
11644000,0.632565
11645000,0.529397
11646000,0.702886
11647000,0.601796
11648000,0.556187
11649000,0.588972
11650000,0.576507
11651000,0.660028
11652000,0.601429
11653000,0.632489
11654000,0.58788
11655000,0.630929
11656000,0.618735
11657000,0.606262
11658000,0.609295
11659000,0.578978
11660000,0.680257
11661000,0.658879
11662000,0.671661
11663000,0.615154
11664000,0.610378
11665000,0.612809
11666000,0.645982
11667000,0.575092
11668000,0.584334
11669000,0.516135
11670000,0.630207
11671000,0.667696
11672000,0.638696
11673000,0.715541
11674000,0.667171
11675000,0.557185
11676000,0.630591
11677000,0.622203
11678000,0.580606
11679000,0.670077
11680000,0.572838
11681000,0.584495
11682000,0.55664
11683000,0.631947
11684000,0.609252
11685000,0.645209
11686000,0.615754
11687000,0.509861
11688000,0.597482
11689000,0.620625
11690000,0.668401
11691000,0.624475
11692000,0.611138
11693000,0.655391
11694000,0.626328
11695000,0.628336
11696000,0.614935
11697000,0.648178
11698000,0.655152
11699000,0.660646
11700000,0.567544
11701000,0.656628
11702000,0.63861
11703000,0.51105
11704000,0.581114
11705000,0.5994
11706000,0.590631
11707000,0.661658
11708000,0.657209
11709000,0.6424
11710000,0.605473
11711000,0.531184
11712000,0.621876
11713000,0.634418
11714000,0.599315
11715000,0.622604
11716000,0.564935
11717000,0.68606
11718000,0.564783
11719000,0.633075
11720000,0.686565
11721000,0.651624
11722000,0.642953
11723000,0.651891
11724000,0.568502
11725000,0.626994
11726000,0.515142
11727000,0.580813
11728000,0.635149
11729000,0.588532
11730000,0.578372
11731000,0.610102
11732000,0.677194
11733000,0.656885
11734000,0.577878
11735000,0.601879
11736000,0.618046
11737000,0.605832
11738000,0.614434
11739000,0.595614
11740000,0.584704
11741000,0.639083
11742000,0.543443
11743000,0.529046
11744000,0.613994
11745000,0.61753
11746000,0.578496
11747000,0.581258
11748000,0.626563
11749000,0.624476
11750000,0.669178
11751000,0.625064
11752000,0.706875
11753000,0.638977
11754000,0.725439
11755000,0.593756
11756000,0.638118
11757000,0.675652
11758000,0.576504
11759000,0.579588
11760000,0.598625
11761000,0.643235
11762000,0.696501
11763000,0.656941
11764000,0.615514
11765000,0.604042
11766000,0.653696
11767000,0.588455
11768000,0.568647
11769000,0.570798
11770000,0.588202
11771000,0.657752
11772000,0.57709
11773000,0.559897
11774000,0.607777
11775000,0.583773
11776000,0.646469
11777000,0.613181
11778000,0.669821
11779000,0.623673
11780000,0.582593
11781000,0.584105
11782000,0.607114
11783000,0.687775
11784000,0.612602
11785000,0.613199
11786000,0.601747
11787000,0.589929
11788000,0.647284
11789000,0.638701
11790000,0.694011
11791000,0.6473
11792000,0.68744
11793000,0.597494
11794000,0.602376
11795000,0.647515
11796000,0.628463
11797000,0.534018
11798000,0.61716
11799000,0.603431
11800000,0.583403
11801000,0.576121
11802000,0.583714
11803000,0.618741
11804000,0.587387
11805000,0.645945
11806000,0.623585
11807000,0.547616
11808000,0.57802
11809000,0.623398
11810000,0.541046
11811000,0.622319
11812000,0.630504
11813000,0.641149
11814000,0.574517
11815000,0.580822
11816000,0.566251
11817000,0.617923
11818000,0.628383
11819000,0.64822
11820000,0.593271
11821000,0.670046
11822000,0.652269
11823000,0.599131
11824000,0.688823
11825000,0.607402
11826000,0.592548
11827000,0.631998
11828000,0.627459
11829000,0.549447
11830000,0.583797
11831000,0.66173
11832000,0.597373
11833000,0.566441
11834000,0.636993
11835000,0.64584
11836000,0.642506
11837000,0.613869
11838000,0.570529
11839000,0.625364
11840000,0.64915
11841000,0.55897
11842000,0.642783
11843000,0.628715
11844000,0.607452
11845000,0.678326
11846000,0.684379
11847000,0.603178
11848000,0.605876
11849000,0.606829
11850000,0.566814
11851000,0.653279
11852000,0.670821
11853000,0.561036
11854000,0.619684
11855000,0.645159
11856000,0.646057
11857000,0.603055
11858000,0.517704
11859000,0.643992
11860000,0.722062
11861000,0.604547
11862000,0.618859
11863000,0.697309
11864000,0.663217
11865000,0.671421
11866000,0.59667
11867000,0.578733
11868000,0.651756
11869000,0.62522
11870000,0.622071
11871000,0.608633
11872000,0.665099
11873000,0.626764
11874000,0.634741
11875000,0.681365
11876000,0.583698
11877000,0.637022
11878000,0.700481
11879000,0.62825
11880000,0.570397
11881000,0.585116
11882000,0.608135
11883000,0.637363
11884000,0.575132
11885000,0.63863
11886000,0.606855
11887000,0.584851
11888000,0.665401
11889000,0.59654
11890000,0.620255
11891000,0.629486
11892000,0.60749
11893000,0.709439
11894000,0.634755
11895000,0.585537
11896000,0.686648
11897000,0.666264
11898000,0.58938
11899000,0.664259
11900000,0.626973
11901000,0.649232
11902000,0.58425
11903000,0.600992
11904000,0.6881
11905000,0.603752
11906000,0.675275
11907000,0.66063
11908000,0.571365
11909000,0.677106
11910000,0.639184
11911000,0.610253
11912000,0.567994
11913000,0.689177
11914000,0.578537
11915000,0.613333
11916000,0.606403
11917000,0.639258
11918000,0.517877
11919000,0.636706
11920000,0.603782
11921000,0.610393
11922000,0.636123
11923000,0.639278
11924000,0.588301
11925000,0.627297
11926000,0.653993
11927000,0.631723
11928000,0.646923
11929000,0.620631
11930000,0.565026
11931000,0.614006
11932000,0.592048
11933000,0.600213
11934000,0.652385
11935000,0.642199
11936000,0.684467
11937000,0.626913
11938000,0.650424
11939000,0.574301
11940000,0.587393
11941000,0.624754
11942000,0.64439
11943000,0.662454
11944000,0.593061
11945000,0.663616
11946000,0.665694
11947000,0.587432
11948000,0.6253
11949000,0.57842
11950000,0.607798
11951000,0.637931
11952000,0.612658
11953000,0.585217
11954000,0.641782
11955000,0.625492
11956000,0.662893
11957000,0.617785
11958000,0.586554
11959000,0.589241
11960000,0.610987
11961000,0.627441
11962000,0.563126
11963000,0.581939
11964000,0.616182
11965000,0.618439
11966000,0.627534
11967000,0.623203
11968000,0.615085
11969000,0.651265
11970000,0.603942
11971000,0.654822
11972000,0.616748
11973000,0.67843
11974000,0.616835
11975000,0.617751
11976000,0.710299
11977000,0.618664
11978000,0.602899
11979000,0.637453
11980000,0.581899
11981000,0.574974
11982000,0.603407
11983000,0.581929
11984000,0.605137
11985000,0.551993
11986000,0.648494
11987000,0.548056
11988000,0.602286
11989000,0.666535
11990000,0.608066
11991000,0.594264
11992000,0.598155
11993000,0.571234
11994000,0.678166
11995000,0.639152
11996000,0.586911
11997000,0.673707
11998000,0.659614
11999000,0.680424
12000000,0.638167
12001000,0.630128
12002000,0.581299
12003000,0.698254
12004000,0.609808
12005000,0.640349
12006000,0.619251
12007000,0.587886
12008000,0.582743
12009000,0.67749
12010000,0.6077
12011000,0.652161
12012000,0.671956
12013000,0.611843
12014000,0.599603
12015000,0.634865
12016000,0.652504
12017000,0.5743
12018000,0.586248
12019000,0.637468
12020000,0.616629
12021000,0.679677
12022000,0.627168
12023000,0.528972
12024000,0.557697
12025000,0.687949
12026000,0.641005
12027000,0.621107
12028000,0.640933
12029000,0.643715
12030000,0.652849
12031000,0.664683
12032000,0.657904
12033000,0.559404
12034000,0.616228
12035000,0.669746
12036000,0.534952
12037000,0.650934
12038000,0.579791
12039000,0.590689
12040000,0.630991
12041000,0.570962
12042000,0.608633
12043000,0.634521
12044000,0.623899
12045000,0.601846
12046000,0.682784
12047000,0.671715
12048000,0.616166
12049000,0.601805
12050000,0.601635
12051000,0.616944
12052000,0.590514
12053000,0.508386
12054000,0.649033
12055000,0.68617
12056000,0.523705
12057000,0.577433
12058000,0.624096
12059000,0.670421
12060000,0.622658
12061000,0.601927
12062000,0.61503
12063000,0.650212
12064000,0.661584
12065000,0.570161
12066000,0.585064
12067000,0.640321
12068000,0.627461
12069000,0.645277
12070000,0.604062
12071000,0.649162
12072000,0.610997
12073000,0.579772
12074000,0.64591
12075000,0.625742
12076000,0.643168
12077000,0.607367
12078000,0.675073
12079000,0.654437
12080000,0.602481
12081000,0.580813
12082000,0.59224
12083000,0.594158
12084000,0.641091
12085000,0.667805
12086000,0.636889
12087000,0.617746
12088000,0.641287
12089000,0.586093
12090000,0.59888
12091000,0.675114
12092000,0.56987
12093000,0.661637
12094000,0.626604
12095000,0.568853
12096000,0.641611
12097000,0.675869
12098000,0.724731
12099000,0.638455
12100000,0.631293
12101000,0.629198
12102000,0.622658
12103000,0.621809
12104000,0.598652
12105000,0.638947
12106000,0.572009
12107000,0.632084
12108000,0.649415
12109000,0.702931
12110000,0.649614
12111000,0.621467
12112000,0.540874
12113000,0.56513
12114000,0.625025
12115000,0.614451
12116000,0.659975
12117000,0.573014
12118000,0.690931
12119000,0.625297
12120000,0.57998
12121000,0.586116
12122000,0.66616
12123000,0.634069
12124000,0.631358
12125000,0.575576
12126000,0.611491
12127000,0.627745
12128000,0.623151
12129000,0.609481
12130000,0.647559
12131000,0.608082
12132000,0.65039
12133000,0.593398
12134000,0.633083
12135000,0.647028
12136000,0.631113
12137000,0.636447
12138000,0.600342
12139000,0.597083
12140000,0.571363
12141000,0.605906
12142000,0.619301
12143000,0.621485
12144000,0.666709
12145000,0.611576
12146000,0.650066
12147000,0.605269
12148000,0.637546
12149000,0.638783
12150000,0.623998
12151000,0.61308
12152000,0.628933
12153000,0.649788
12154000,0.693428
12155000,0.620675
12156000,0.618638
12157000,0.648927
12158000,0.659287
12159000,0.639016
12160000,0.576145
12161000,0.651607
12162000,0.56949
12163000,0.600105
12164000,0.712061
12165000,0.585388
12166000,0.579582
12167000,0.553952
12168000,0.579182
12169000,0.636286
12170000,0.636914
12171000,0.645154
12172000,0.640252
12173000,0.641849
12174000,0.626869
12175000,0.581851
12176000,0.601928
12177000,0.648043
12178000,0.623077
12179000,0.679907
12180000,0.659155
12181000,0.616423
12182000,0.568668
12183000,0.699511
12184000,0.571512
12185000,0.621954
12186000,0.622944
12187000,0.59023
12188000,0.653869
12189000,0.595965
12190000,0.678222
12191000,0.580515
12192000,0.582198
12193000,0.557946
12194000,0.578033
12195000,0.600766
12196000,0.631601
12197000,0.63837
12198000,0.619682
12199000,0.586732
12200000,0.609916
12201000,0.642977
12202000,0.652911
12203000,0.653689
12204000,0.635532
12205000,0.603215
12206000,0.611532
12207000,0.66345
12208000,0.613795
12209000,0.650113
12210000,0.585677
12211000,0.614077
12212000,0.658208
12213000,0.650846
12214000,0.611453
12215000,0.63069
12216000,0.631371
12217000,0.615566
12218000,0.627729
12219000,0.573907
12220000,0.648075
12221000,0.61874
12222000,0.614647
12223000,0.638545
12224000,0.649992
12225000,0.682821
12226000,0.585117
12227000,0.659303
12228000,0.560347
12229000,0.576877
12230000,0.653819
12231000,0.666541
12232000,0.538405
12233000,0.571037
12234000,0.661446
12235000,0.591686
12236000,0.668994
12237000,0.581629
12238000,0.618313
12239000,0.660157
12240000,0.604881
12241000,0.578718
12242000,0.61339
12243000,0.630978
12244000,0.575956
12245000,0.636748
12246000,0.517023
12247000,0.60465
12248000,0.624143
12249000,0.659427
12250000,0.665621
12251000,0.591358
12252000,0.583931
12253000,0.590736
12254000,0.58772
12255000,0.565645
12256000,0.593485
12257000,0.677932
12258000,0.620165
12259000,0.559591
12260000,0.697089
12261000,0.636266
12262000,0.653196
12263000,0.674327
12264000,0.552985
12265000,0.629371
12266000,0.581651
12267000,0.631226
12268000,0.634213
12269000,0.624783
12270000,0.588369
12271000,0.653543
12272000,0.595386
12273000,0.590363
12274000,0.656012
12275000,0.624162
12276000,0.577542
12277000,0.594671
12278000,0.643539
12279000,0.610748
12280000,0.570492
12281000,0.550479
12282000,0.659912
12283000,0.680895
12284000,0.633128
12285000,0.649277
12286000,0.661759
12287000,0.559048
12288000,0.62707
12289000,0.540949
12290000,0.584514
12291000,0.6166
12292000,0.598134
12293000,0.605148
12294000,0.613989
12295000,0.58753
12296000,0.625064
12297000,0.642372
12298000,0.699716
12299000,0.659735
12300000,0.684965
12301000,0.612765
12302000,0.6133
12303000,0.587801
12304000,0.635142
12305000,0.641742
12306000,0.594504
12307000,0.642044
12308000,0.526441
12309000,0.598101
12310000,0.643725
12311000,0.693597
12312000,0.612835
12313000,0.656322
12314000,0.617493
12315000,0.611974
12316000,0.565452
12317000,0.565426
12318000,0.626481
12319000,0.616796
12320000,0.581521
12321000,0.572289
12322000,0.589047
12323000,0.610141
12324000,0.611307
12325000,0.635084
12326000,0.572959
12327000,0.641698
12328000,0.675519
12329000,0.61201
12330000,0.690424
12331000,0.607117
12332000,0.594552
12333000,0.617966
12334000,0.518554
12335000,0.631058
12336000,0.624956
12337000,0.598877
12338000,0.60871
12339000,0.594544
12340000,0.585316
12341000,0.650187
12342000,0.646307
12343000,0.622154
12344000,0.607544
12345000,0.568863
12346000,0.602053
12347000,0.614861
12348000,0.564685
12349000,0.70862
12350000,0.629389
12351000,0.668456
12352000,0.665162
12353000,0.659406
12354000,0.610494
12355000,0.679399
12356000,0.654756
12357000,0.64657
12358000,0.598601
12359000,0.615593
12360000,0.633488
12361000,0.577384
12362000,0.533516
12363000,0.669415
12364000,0.605253
12365000,0.626835
12366000,0.67455
12367000,0.619378
12368000,0.687707
12369000,0.619303
12370000,0.601009
12371000,0.611066
12372000,0.577733
12373000,0.58534
12374000,0.619256
12375000,0.658193
12376000,0.636691
12377000,0.658646
12378000,0.567137
12379000,0.714001
12380000,0.608995
12381000,0.584212
12382000,0.608368
12383000,0.640429
12384000,0.653216
12385000,0.565836
12386000,0.624841
12387000,0.61381
12388000,0.548154
12389000,0.619306
12390000,0.615058
12391000,0.613534
12392000,0.639773
12393000,0.572037
12394000,0.625841
12395000,0.553401
12396000,0.63327
12397000,0.583022
12398000,0.580405
12399000,0.589488
12400000,0.578068
12401000,0.642347
12402000,0.630271
12403000,0.622333
12404000,0.635144
12405000,0.575264
12406000,0.660675
12407000,0.609545
12408000,0.648291
12409000,0.64727
12410000,0.594314
12411000,0.614711
12412000,0.612562
12413000,0.705361
12414000,0.665497
12415000,0.590954
12416000,0.626474
12417000,0.550602
12418000,0.592803
12419000,0.584996
12420000,0.701041
12421000,0.571437
12422000,0.664731
12423000,0.573474
12424000,0.637034
12425000,0.658753
12426000,0.549671
12427000,0.556439
12428000,0.582948
12429000,0.596433
12430000,0.629155
12431000,0.62402
12432000,0.603067
12433000,0.636838
12434000,0.585323
12435000,0.619261
12436000,0.640828
12437000,0.539689
12438000,0.627076
12439000,0.607519
12440000,0.610869
12441000,0.622695
12442000,0.636676
12443000,0.639648
12444000,0.644015
12445000,0.689878
12446000,0.677307
12447000,0.64337
12448000,0.56123
12449000,0.591189
12450000,0.604983
12451000,0.629774
12452000,0.583259
12453000,0.602291
12454000,0.686424
12455000,0.667174
12456000,0.619809
12457000,0.613934
12458000,0.608331
12459000,0.622707
12460000,0.582809
12461000,0.574342
12462000,0.6473
12463000,0.564382
12464000,0.627373
12465000,0.6481
12466000,0.585557
12467000,0.668928
12468000,0.575472
12469000,0.681359
12470000,0.573924
12471000,0.606374
12472000,0.54679
12473000,0.580321
12474000,0.60077
12475000,0.691697
12476000,0.592957
12477000,0.546681
12478000,0.655714
12479000,0.577198
12480000,0.656683
12481000,0.623614
12482000,0.550709
12483000,0.605338
12484000,0.650024
12485000,0.535156
12486000,0.680429
12487000,0.572777
12488000,0.606477
12489000,0.585571
12490000,0.615453
12491000,0.629462
12492000,0.671785
12493000,0.627423
12494000,0.611066
12495000,0.577969
12496000,0.57839
12497000,0.570531
12498000,0.596956
12499000,0.638354
12500000,0.609029
12501000,0.652335
12502000,0.662791
12503000,0.584587
12504000,0.588456
12505000,0.592207
12506000,0.610481
12507000,0.547308
12508000,0.636201
12509000,0.606026
12510000,0.635635
12511000,0.592249
12512000,0.55441
12513000,0.633396
12514000,0.694497
12515000,0.655671
12516000,0.643383
12517000,0.638307
12518000,0.646485
12519000,0.630366
12520000,0.571692
12521000,0.553007
12522000,0.561976
12523000,0.568033
12524000,0.700961
12525000,0.608851
12526000,0.676991
12527000,0.630636
12528000,0.642336
12529000,0.604534
12530000,0.562471
12531000,0.671348
12532000,0.60921
12533000,0.704181
12534000,0.621964
12535000,0.590486
12536000,0.595865
12537000,0.627473
12538000,0.663435
12539000,0.634265
12540000,0.643046
12541000,0.711563
12542000,0.556273
12543000,0.591559
12544000,0.627584
12545000,0.638762
12546000,0.675561
12547000,0.59558
12548000,0.654632
12549000,0.599931
12550000,0.616641
12551000,0.589373
12552000,0.647619
12553000,0.646437
12554000,0.614269
12555000,0.61198
12556000,0.633178
12557000,0.53188
12558000,0.56261
12559000,0.584406
12560000,0.625491
12561000,0.630664
12562000,0.66899
12563000,0.702185
12564000,0.676085
12565000,0.599556
12566000,0.612303
12567000,0.629154
12568000,0.644019
12569000,0.517856
12570000,0.626324
12571000,0.62351
12572000,0.554875
12573000,0.618383
12574000,0.679831
12575000,0.593044
12576000,0.667807
12577000,0.63308
12578000,0.622891
12579000,0.600285
12580000,0.724596
12581000,0.58531
12582000,0.604826
12583000,0.610982
12584000,0.59442
12585000,0.53442
12586000,0.632603
12587000,0.672163
12588000,0.606135
12589000,0.68833
12590000,0.612038
12591000,0.56031
12592000,0.613695
12593000,0.652429
12594000,0.562358
12595000,0.659274
12596000,0.596914
12597000,0.626648
12598000,0.625613
12599000,0.599765
12600000,0.676148
12601000,0.573751
12602000,0.627757
12603000,0.60705
12604000,0.707129
12605000,0.569284
12606000,0.617455
12607000,0.633805
12608000,0.543593
12609000,0.598554
12610000,0.614836
12611000,0.619543
12612000,0.65627
12613000,0.677992
12614000,0.624547
12615000,0.628638
12616000,0.644125
12617000,0.55595
12618000,0.530751
12619000,0.592093
12620000,0.601046
12621000,0.681257
12622000,0.638011
12623000,0.619349
12624000,0.60607
12625000,0.58301
12626000,0.583074
12627000,0.69385
12628000,0.528351
12629000,0.604874
12630000,0.66893
12631000,0.583441
12632000,0.528984
12633000,0.57335
12634000,0.634779
12635000,0.586893
12636000,0.59342
12637000,0.607233
12638000,0.713773
12639000,0.652983
12640000,0.627243
12641000,0.651666
12642000,0.665613
12643000,0.61036
12644000,0.625311
12645000,0.578414
12646000,0.626332
12647000,0.608259
12648000,0.627178
12649000,0.662543
12650000,0.62955
12651000,0.559676
12652000,0.612062
12653000,0.634253
12654000,0.563983
12655000,0.646504
12656000,0.667672
12657000,0.62814
12658000,0.624833
12659000,0.618309
12660000,0.538182
12661000,0.59079
12662000,0.550611
12663000,0.550711
12664000,0.607647
12665000,0.630893
12666000,0.610151
12667000,0.635806
12668000,0.661878
12669000,0.620414
12670000,0.557756
12671000,0.578767
12672000,0.567487
12673000,0.63191
12674000,0.574115
12675000,0.59945
12676000,0.585404
12677000,0.542199
12678000,0.539998
12679000,0.605867
12680000,0.630204
12681000,0.594878
12682000,0.635656
12683000,0.632269
12684000,0.595474
12685000,0.645365
12686000,0.512635
12687000,0.554033
12688000,0.539128
12689000,0.604472
12690000,0.596941
12691000,0.577426
12692000,0.608434
12693000,0.620998
12694000,0.62812
12695000,0.555728
12696000,0.660753
12697000,0.604477
12698000,0.611487
12699000,0.595245
12700000,0.620385
12701000,0.617147
12702000,0.594449
12703000,0.655568
12704000,0.604376
12705000,0.591171
12706000,0.619423
12707000,0.596948
12708000,0.567034
12709000,0.632765
12710000,0.666137
12711000,0.656139
12712000,0.662039
12713000,0.625218
12714000,0.572232
12715000,0.61095
12716000,0.659133
12717000,0.628468
12718000,0.607495
12719000,0.589115
12720000,0.626983
12721000,0.621703
12722000,0.603844
12723000,0.652413
12724000,0.618446
12725000,0.528963
12726000,0.601211
12727000,0.60359
12728000,0.591644
12729000,0.623856
12730000,0.630438
12731000,0.551117
12732000,0.536311
12733000,0.637643
12734000,0.582458
12735000,0.628076
12736000,0.553024
12737000,0.63522
12738000,0.655285
12739000,0.620604
12740000,0.644738
12741000,0.608799
12742000,0.568662
12743000,0.606084
12744000,0.636588
12745000,0.656968
12746000,0.640809
12747000,0.570238
12748000,0.599641
12749000,0.651125
12750000,0.664561
12751000,0.653616
12752000,0.698891
12753000,0.618947
12754000,0.59191
12755000,0.586642
12756000,0.539558
12757000,0.647027
12758000,0.677334
12759000,0.636386
12760000,0.630737
12761000,0.548198
12762000,0.552429
12763000,0.637695
12764000,0.582675
12765000,0.585628
12766000,0.574299
12767000,0.592613
12768000,0.487193
12769000,0.583765
12770000,0.697936
12771000,0.711356
12772000,0.607595
12773000,0.654411
12774000,0.570666
12775000,0.580462
12776000,0.505218
12777000,0.653892
12778000,0.541063
12779000,0.655788
12780000,0.62235
12781000,0.560929
12782000,0.601667
12783000,0.534726
12784000,0.560118
12785000,0.637576
12786000,0.672812
12787000,0.591577
12788000,0.538908
12789000,0.61177
12790000,0.651141
12791000,0.602511
12792000,0.606883
12793000,0.609648
12794000,0.587846
12795000,0.550778
12796000,0.610475
12797000,0.626602
12798000,0.673223
12799000,0.582647
12800000,0.647936
12801000,0.649405
12802000,0.614713
12803000,0.609321
12804000,0.655376
12805000,0.609448
12806000,0.577673
12807000,0.539642
12808000,0.553448
12809000,0.560583
12810000,0.626398
12811000,0.625315
12812000,0.64173
12813000,0.63967
12814000,0.586593
12815000,0.563517
12816000,0.656797
12817000,0.659911
12818000,0.628957
12819000,0.650882
12820000,0.568329
12821000,0.632926
12822000,0.624765
12823000,0.625917
12824000,0.510545
12825000,0.520789
12826000,0.595674
12827000,0.584558
12828000,0.590346
12829000,0.572281
12830000,0.580453
12831000,0.584795
12832000,0.570398
12833000,0.569318
12834000,0.713827
12835000,0.563149
12836000,0.609933
12837000,0.52746
12838000,0.622567
12839000,0.611129
12840000,0.628847
12841000,0.605699
12842000,0.646026
12843000,0.629131
12844000,0.635447
12845000,0.646631
12846000,0.633161
12847000,0.650774
12848000,0.569621
12849000,0.560553
12850000,0.570378
12851000,0.59635
12852000,0.628388
12853000,0.599024
12854000,0.531134
12855000,0.58429
12856000,0.587503
12857000,0.642832
12858000,0.536293
12859000,0.519445
12860000,0.578794
12861000,0.587658
12862000,0.602039
12863000,0.630329
12864000,0.648682
12865000,0.590738
12866000,0.642016
12867000,0.525257
12868000,0.621248
12869000,0.519984
12870000,0.64237
12871000,0.545799
12872000,0.640772
12873000,0.671811
12874000,0.502608
12875000,0.568791
12876000,0.523991
12877000,0.610073
12878000,0.605029
12879000,0.622596
12880000,0.515458
12881000,0.591546
12882000,0.609956
12883000,0.577464
12884000,0.607953
12885000,0.576006
12886000,0.590506
12887000,0.603147
12888000,0.614779
12889000,0.613148
12890000,0.623415
12891000,0.643327
12892000,0.654626
12893000,0.626735
12894000,0.682812
12895000,0.608663
12896000,0.719257
12897000,0.648787
12898000,0.590825
12899000,0.663542
12900000,0.615202
12901000,0.609367
12902000,0.526086
12903000,0.666059
12904000,0.60587
12905000,0.603856
12906000,0.55312
12907000,0.600251
12908000,0.589764
12909000,0.548303
12910000,0.547866
12911000,0.612828
12912000,0.645626
12913000,0.644895
12914000,0.588852
12915000,0.596843
12916000,0.564761
12917000,0.566801
12918000,0.550794
12919000,0.648082
12920000,0.540981
12921000,0.600654
12922000,0.616583
12923000,0.630776
12924000,0.651629
12925000,0.609914
12926000,0.583083
12927000,0.580612
12928000,0.616684
12929000,0.612325
12930000,0.627565
12931000,0.541952
12932000,0.573947
12933000,0.556486
12934000,0.64998
12935000,0.67716
12936000,0.638526
12937000,0.538873
12938000,0.615366
12939000,0.552931
12940000,0.619932
12941000,0.557546
12942000,0.60253
12943000,0.573898
12944000,0.665077
12945000,0.574568
12946000,0.537094
12947000,0.617107
12948000,0.577104
12949000,0.600302
12950000,0.573045
12951000,0.635874
12952000,0.580012
12953000,0.513499
12954000,0.576677
12955000,0.558978
12956000,0.629635
12957000,0.600648
12958000,0.588931
12959000,0.661592
12960000,0.606263
12961000,0.623122
12962000,0.565986
12963000,0.557087
12964000,0.613923
12965000,0.662033
12966000,0.569573
12967000,0.57841
12968000,0.608298
12969000,0.604112
12970000,0.599883
12971000,0.642455
12972000,0.559784
12973000,0.624487
12974000,0.622026
12975000,0.581275
12976000,0.658611
12977000,0.55557
12978000,0.541983
12979000,0.51663
12980000,0.567261
12981000,0.559223
12982000,0.634795
12983000,0.607624
12984000,0.608572
12985000,0.613187
12986000,0.606447
12987000,0.666442
12988000,0.620956
12989000,0.565501
12990000,0.584145
12991000,0.489719
12992000,0.675933
12993000,0.566745
12994000,0.668518
12995000,0.571629
12996000,0.603485
12997000,0.591779
12998000,0.51544
12999000,0.585316
13000000,0.605879
13001000,0.620161
13002000,0.643842
13003000,0.651457
13004000,0.648071
13005000,0.550574
13006000,0.558736
13007000,0.535522
13008000,0.578602
13009000,0.593199
13010000,0.556817
13011000,0.584279
13012000,0.553176
13013000,0.585579
13014000,0.575299
13015000,0.578435
13016000,0.553922
13017000,0.633669
13018000,0.604001
13019000,0.603873
13020000,0.598888
13021000,0.611061
13022000,0.509461
13023000,0.552946
13024000,0.609434
13025000,0.559086
13026000,0.60955
13027000,0.532444
13028000,0.60656
13029000,0.56739
13030000,0.562941
13031000,0.588248
13032000,0.607479
13033000,0.585861
13034000,0.544778
13035000,0.59247
13036000,0.6091
13037000,0.536216
13038000,0.551239
13039000,0.470208
13040000,0.549747
13041000,0.634718
13042000,0.577211
13043000,0.657435
13044000,0.58006
13045000,0.547868
13046000,0.536699
13047000,0.604111
13048000,0.624099
13049000,0.575322
13050000,0.630172
13051000,0.629948
13052000,0.558633
13053000,0.602372
13054000,0.580266
13055000,0.651219
13056000,0.649758
13057000,0.618639
13058000,0.57974
13059000,0.569772
13060000,0.572062
13061000,0.544178
13062000,0.632613
13063000,0.609674
13064000,0.665907
13065000,0.547528
13066000,0.588057
13067000,0.602277
13068000,0.571689
13069000,0.577726
13070000,0.58879
13071000,0.550629
13072000,0.563224
13073000,0.5937
13074000,0.585847
13075000,0.615295
13076000,0.637691
13077000,0.596424
13078000,0.546605
13079000,0.555935
13080000,0.653794
13081000,0.5482
13082000,0.464127
13083000,0.616497
13084000,0.549617
13085000,0.532796
13086000,0.557493
13087000,0.606608
13088000,0.609987
13089000,0.593564
13090000,0.596067
13091000,0.571851
13092000,0.525246
13093000,0.583595
13094000,0.547795
13095000,0.575194
13096000,0.606977
13097000,0.563043
13098000,0.558781
13099000,0.627571
13100000,0.598413
13101000,0.52472
13102000,0.520383
13103000,0.525379
13104000,0.544428
13105000,0.555304
13106000,0.518818
13107000,0.645627
13108000,0.57169
13109000,0.574798
13110000,0.573033
13111000,0.55552
13112000,0.571273
13113000,0.58876
13114000,0.583594
13115000,0.539438
13116000,0.602425
13117000,0.601823
13118000,0.5611
13119000,0.590488
13120000,0.573409
13121000,0.566571
13122000,0.563643
13123000,0.543235
13124000,0.576484
13125000,0.561639
13126000,0.593505
13127000,0.652132
13128000,0.562908
13129000,0.62667
13130000,0.541733
13131000,0.610522
13132000,0.589385
13133000,0.554967
13134000,0.534017
13135000,0.600841
13136000,0.584405
13137000,0.514458
13138000,0.57768
13139000,0.626714
13140000,0.55596
13141000,0.633732
13142000,0.562956
13143000,0.663466
13144000,0.45458
13145000,0.566593
13146000,0.601471
13147000,0.556604
13148000,0.631986
13149000,0.56464
13150000,0.641771
13151000,0.570533
13152000,0.567918
13153000,0.528898
13154000,0.584193
13155000,0.566325
13156000,0.550317
13157000,0.618322
13158000,0.548674
13159000,0.479198
13160000,0.577893
13161000,0.578032
13162000,0.538961
13163000,0.520198
13164000,0.628561
13165000,0.615564
13166000,0.660116
13167000,0.543774
13168000,0.634891
13169000,0.589177
13170000,0.594268
13171000,0.547781
13172000,0.551784
13173000,0.571721
13174000,0.542322
13175000,0.541671
13176000,0.561458
13177000,0.583735
13178000,0.548033
13179000,0.480396
13180000,0.481744
13181000,0.575333
13182000,0.611234
13183000,0.480024
13184000,0.581139
13185000,0.540042
13186000,0.619161
13187000,0.590039
13188000,0.521519
13189000,0.605811
13190000,0.651087
13191000,0.553377
13192000,0.515608
13193000,0.48586
13194000,0.562719
13195000,0.568854
13196000,0.555452
13197000,0.619456
13198000,0.542003
13199000,0.551304
13200000,0.577958
13201000,0.600516
13202000,0.539774
13203000,0.512325
13204000,0.571477
13205000,0.52265
13206000,0.616641
13207000,0.636518
13208000,0.556566
13209000,0.579094
13210000,0.593565
13211000,0.533609
13212000,0.547991
13213000,0.5842
13214000,0.607036
13215000,0.547992
13216000,0.61423
13217000,0.59992
13218000,0.528908
13219000,0.538789
13220000,0.510734
13221000,0.586668
13222000,0.595277
13223000,0.544522
13224000,0.590461
13225000,0.552922
13226000,0.571766
13227000,0.588589
13228000,0.585116
13229000,0.598865
13230000,0.567211
13231000,0.623813
13232000,0.569401
13233000,0.550948
13234000,0.558718
13235000,0.578141
13236000,0.530289
13237000,0.53211
13238000,0.610061
13239000,0.575761
13240000,0.552475
13241000,0.576475
13242000,0.536085
13243000,0.578072
13244000,0.604049
13245000,0.538391
13246000,0.530531
13247000,0.56827
13248000,0.574389
13249000,0.563695
13250000,0.590401
13251000,0.632351
13252000,0.519364
13253000,0.54997
13254000,0.568406
13255000,0.613455
13256000,0.568231
13257000,0.574783
13258000,0.547504
13259000,0.450745
13260000,0.514353
13261000,0.505562
13262000,0.516853
13263000,0.532981
13264000,0.553667
13265000,0.54442
13266000,0.476874
13267000,0.584211
13268000,0.559921
13269000,0.609295
13270000,0.45886
13271000,0.540107
13272000,0.554246
13273000,0.612225
13274000,0.53389
13275000,0.498269
13276000,0.551541
13277000,0.604266
13278000,0.588218
13279000,0.532077
13280000,0.560083
13281000,0.564504
13282000,0.579484
13283000,0.605213
13284000,0.522263
13285000,0.550405
13286000,0.59337
13287000,0.576647
13288000,0.491959
13289000,0.55668
13290000,0.521315
13291000,0.49275
13292000,0.600108
13293000,0.525312
13294000,0.543153
13295000,0.516047
13296000,0.527543
13297000,0.578693
13298000,0.578726
13299000,0.575761
13300000,0.596702
13301000,0.506947
13302000,0.486151
13303000,0.621089
13304000,0.544737
13305000,0.522541
13306000,0.531587
13307000,0.599928
13308000,0.528789
13309000,0.563425
13310000,0.571315
13311000,0.608901
13312000,0.553675
13313000,0.492585
13314000,0.58894
13315000,0.537338
13316000,0.648274
13317000,0.610278
13318000,0.48263
13319000,0.579881
13320000,0.487983
13321000,0.555661
13322000,0.575104
13323000,0.462385
13324000,0.594641
13325000,0.463072
13326000,0.569785
13327000,0.523063
13328000,0.53339
13329000,0.554641
13330000,0.622912
13331000,0.491006
13332000,0.482854
13333000,0.566641
13334000,0.518021
13335000,0.580431
13336000,0.519857
13337000,0.568971
13338000,0.495809
13339000,0.549662
13340000,0.549573
13341000,0.477524
13342000,0.513465
13343000,0.551406
13344000,0.527905
13345000,0.52133
13346000,0.486978
13347000,0.476258
13348000,0.476962
13349000,0.581357
13350000,0.546472
13351000,0.517756
13352000,0.529827
13353000,0.562322
13354000,0.549145
13355000,0.570298
13356000,0.517248
13357000,0.513556
13358000,0.566821
13359000,0.482022
13360000,0.527106
13361000,0.565915
13362000,0.555823
13363000,0.573668
13364000,0.559819
13365000,0.541948
13366000,0.555778
13367000,0.534084
13368000,0.483464
13369000,0.505412
13370000,0.55159
13371000,0.576342
13372000,0.578438
13373000,0.656182
13374000,0.617367
13375000,0.528803
13376000,0.621105
13377000,0.553418
13378000,0.509778
13379000,0.62049
13380000,0.57557
13381000,0.454369
13382000,0.49114
13383000,0.466794
13384000,0.586048
13385000,0.54487
13386000,0.536197
13387000,0.57493
13388000,0.576384
13389000,0.55616
13390000,0.60033
13391000,0.581513
13392000,0.518484
13393000,0.481835
13394000,0.542307
13395000,0.48721
13396000,0.525682
13397000,0.493813
13398000,0.574976
13399000,0.50109
13400000,0.551836
13401000,0.51305
13402000,0.46243
13403000,0.571745
13404000,0.543471
13405000,0.497681
13406000,0.531913
13407000,0.518487
13408000,0.469292
13409000,0.490374
13410000,0.546379
13411000,0.494495
13412000,0.516913
13413000,0.438101
13414000,0.574576
13415000,0.522971
13416000,0.506569
13417000,0.492602
13418000,0.548828
13419000,0.582349
13420000,0.51974
13421000,0.542667
13422000,0.492397
13423000,0.488132
13424000,0.540912
13425000,0.529127
13426000,0.522466
13427000,0.509951
13428000,0.494632
13429000,0.459915
13430000,0.471504
13431000,0.488542
13432000,0.554404
13433000,0.550018
13434000,0.541699
13435000,0.545398
13436000,0.535888
13437000,0.519437
13438000,0.499514
13439000,0.487278
13440000,0.574069
13441000,0.510014
13442000,0.510683
13443000,0.466073
13444000,0.541949
13445000,0.551641
13446000,0.562304
13447000,0.506468
13448000,0.486951
13449000,0.512076
13450000,0.514554
13451000,0.55824
13452000,0.503216
13453000,0.511458
13454000,0.525019
13455000,0.545851
13456000,0.443206
13457000,0.518818
13458000,0.502538
13459000,0.549345
13460000,0.517409
13461000,0.511957
13462000,0.565058
13463000,0.412029
13464000,0.454206
13465000,0.52204
13466000,0.602808
13467000,0.509741
13468000,0.50445
13469000,0.441344
13470000,0.473017
13471000,0.461758
13472000,0.510892
13473000,0.499263
13474000,0.469985
13475000,0.574618
13476000,0.453324
13477000,0.52549
13478000,0.570003
13479000,0.49573
13480000,0.431575
13481000,0.497585
13482000,0.564357
13483000,0.52549
13484000,0.537673
13485000,0.599828
13486000,0.517744
13487000,0.502316
13488000,0.533079
13489000,0.462965
13490000,0.551094
13491000,0.505312
13492000,0.455371
13493000,0.477535
13494000,0.532789
13495000,0.504438
13496000,0.526845
13497000,0.537405
13498000,0.41903
13499000,0.488467
13500000,0.481977
13501000,0.465534
13502000,0.52814
13503000,0.557757
13504000,0.477552
13505000,0.437678
13506000,0.506235
13507000,0.464117
13508000,0.511
13509000,0.518667
13510000,0.503345
13511000,0.504566
13512000,0.53438
13513000,0.538611
13514000,0.547222
13515000,0.516064
13516000,0.516648
13517000,0.484945
13518000,0.529151
13519000,0.571953
13520000,0.539891
13521000,0.523638
13522000,0.452077
13523000,0.536012
13524000,0.494444
13525000,0.508977
13526000,0.493733
13527000,0.578447
13528000,0.531657
13529000,0.527412
13530000,0.553279
13531000,0.496435
13532000,0.547341
13533000,0.505675
13534000,0.56477
13535000,0.428006
13536000,0.52836
13537000,0.504721
13538000,0.510132
13539000,0.529818
13540000,0.486216
13541000,0.501557
13542000,0.493745
13543000,0.538231
13544000,0.518436
13545000,0.501043
13546000,0.433657
13547000,0.478391
13548000,0.486406
13549000,0.506325
13550000,0.477863
13551000,0.467692
13552000,0.485736
13553000,0.54524
13554000,0.495955
13555000,0.440012
13556000,0.49432
13557000,0.503937
13558000,0.509498
13559000,0.512518
13560000,0.461651
13561000,0.475802
13562000,0.511038
13563000,0.576963
13564000,0.500714
13565000,0.470534
13566000,0.483576
13567000,0.564152
13568000,0.43687
13569000,0.503825
13570000,0.4548
13571000,0.502978
13572000,0.538425
13573000,0.484295
13574000,0.473019
13575000,0.453892
13576000,0.485573
13577000,0.522842
13578000,0.503097
13579000,0.508941
13580000,0.531324
13581000,0.506465
13582000,0.500114
13583000,0.51414
13584000,0.434352
13585000,0.487696
13586000,0.445778
13587000,0.489491
13588000,0.484034
13589000,0.530499
13590000,0.5018
13591000,0.55857
13592000,0.474819
13593000,0.477778
13594000,0.513192
13595000,0.477999
13596000,0.487235
13597000,0.513803
13598000,0.464834
13599000,0.525806
13600000,0.461892
13601000,0.498618
13602000,0.485096
13603000,0.528501
13604000,0.458418
13605000,0.466611
13606000,0.481458
13607000,0.504706
13608000,0.501459
13609000,0.455561
13610000,0.501679
13611000,0.475317
13612000,0.486228
13613000,0.497392
13614000,0.463665
13615000,0.414206
13616000,0.49564
13617000,0.506511
13618000,0.550505
13619000,0.518375
13620000,0.523694
13621000,0.434945
13622000,0.490465
13623000,0.434785
13624000,0.479859
13625000,0.481769
13626000,0.541734
13627000,0.501576
13628000,0.458253
13629000,0.490401
13630000,0.4254
13631000,0.439716
13632000,0.443095
13633000,0.488812
13634000,0.487134
13635000,0.439026
13636000,0.463567
13637000,0.449075
13638000,0.462973
13639000,0.465823
13640000,0.469101
13641000,0.44431
13642000,0.484718
13643000,0.46587
13644000,0.477995
13645000,0.499267
13646000,0.508395
13647000,0.48938
13648000,0.45275
13649000,0.421539
13650000,0.476189
13651000,0.465634
13652000,0.477554
13653000,0.464773
13654000,0.473713
13655000,0.492109
13656000,0.533049
13657000,0.461525
13658000,0.475791
13659000,0.473889
13660000,0.52616
13661000,0.466862
13662000,0.473675
13663000,0.366152
13664000,0.517952
13665000,0.437109
13666000,0.451349
13667000,0.474465
13668000,0.484016
13669000,0.499624
13670000,0.416063
13671000,0.469793
13672000,0.464438
13673000,0.444298
13674000,0.437989
13675000,0.416054
13676000,0.48527
13677000,0.508019
13678000,0.452289
13679000,0.502931
13680000,0.486193
13681000,0.423919
13682000,0.41378
13683000,0.459769
13684000,0.433387
13685000,0.460139
13686000,0.519651
13687000,0.493203
13688000,0.499579
13689000,0.465249
13690000,0.441883
13691000,0.476689
13692000,0.433008
13693000,0.453477
13694000,0.487118
13695000,0.476478
13696000,0.491915
13697000,0.409557
13698000,0.456768
13699000,0.474316
13700000,0.549971
13701000,0.418569
13702000,0.479069
13703000,0.44622
13704000,0.529464
13705000,0.476764
13706000,0.437785
13707000,0.463894
13708000,0.51365
13709000,0.415044
13710000,0.420055
13711000,0.416224
13712000,0.458876
13713000,0.439252
13714000,0.475748
13715000,0.492498
13716000,0.463031
13717000,0.443098
13718000,0.476827
13719000,0.494106
13720000,0.427642
13721000,0.459706
13722000,0.433062
13723000,0.4319
13724000,0.472417
13725000,0.468043
13726000,0.44259
13727000,0.514019
13728000,0.494938
13729000,0.469397
13730000,0.519735
13731000,0.512751
13732000,0.473265
13733000,0.382311
13734000,0.42892
13735000,0.476859
13736000,0.489617
13737000,0.453095
13738000,0.466776
13739000,0.467756
13740000,0.439414
13741000,0.422711
13742000,0.458403
13743000,0.457269
13744000,0.487598
13745000,0.445564
13746000,0.388994
13747000,0.410979
13748000,0.469604
13749000,0.429197
13750000,0.467511
13751000,0.449289
13752000,0.414019
13753000,0.41224
13754000,0.416246
13755000,0.360277
13756000,0.426316
13757000,0.442622
13758000,0.458764
13759000,0.391684
13760000,0.404561
13761000,0.503072
13762000,0.444136
13763000,0.460245
13764000,0.435551
13765000,0.414016
13766000,0.406054
13767000,0.427903
13768000,0.423671
13769000,0.403788
13770000,0.425492
13771000,0.389602
13772000,0.416781
13773000,0.386904
13774000,0.415224
13775000,0.437941
13776000,0.447234
13777000,0.402582
13778000,0.42983
13779000,0.465982
13780000,0.493987
13781000,0.420768
13782000,0.417342
13783000,0.428043
13784000,0.464776
13785000,0.400572
13786000,0.404504
13787000,0.513813
13788000,0.472825
13789000,0.433808
13790000,0.378217
13791000,0.446314
13792000,0.434732
13793000,0.412552
13794000,0.395276
13795000,0.454823
13796000,0.4513
13797000,0.399255
13798000,0.398584
13799000,0.39709
13800000,0.427588
13801000,0.423153
13802000,0.465082
13803000,0.40632
13804000,0.422741
13805000,0.471855
13806000,0.448114
13807000,0.471143
13808000,0.428098
13809000,0.458249
13810000,0.397391
13811000,0.406286
13812000,0.416799
13813000,0.389788
13814000,0.370126
13815000,0.436785
13816000,0.462941
13817000,0.370388
13818000,0.426223
13819000,0.467741
13820000,0.393455
13821000,0.406968
13822000,0.396474
13823000,0.431458
13824000,0.432445
13825000,0.417934
13826000,0.428878
13827000,0.438179
13828000,0.425154
13829000,0.457376
13830000,0.422615
13831000,0.434372
13832000,0.481436
13833000,0.442033
13834000,0.432918
13835000,0.440239
13836000,0.432098
13837000,0.428642
13838000,0.408803
13839000,0.450551
13840000,0.420765
13841000,0.438032
13842000,0.449113
13843000,0.426371
13844000,0.391091
13845000,0.436851
13846000,0.395467
13847000,0.419404
13848000,0.398988
13849000,0.424379
13850000,0.434813
13851000,0.411507
13852000,0.431616
13853000,0.395366
13854000,0.374261
13855000,0.427348
13856000,0.447916
13857000,0.38934
13858000,0.414397
13859000,0.456747
13860000,0.384738
13861000,0.45202
13862000,0.410882
13863000,0.407835
13864000,0.412737
13865000,0.406671
13866000,0.459527
13867000,0.429337
13868000,0.413062
13869000,0.41531
13870000,0.412474
13871000,0.397855
13872000,0.41723
13873000,0.438215
13874000,0.391601
13875000,0.381825
13876000,0.383002
13877000,0.391694
13878000,0.425241
13879000,0.395602
13880000,0.400443
13881000,0.417873
13882000,0.412416
13883000,0.442041
13884000,0.394051
13885000,0.399843
13886000,0.412877
13887000,0.381599
13888000,0.386243
13889000,0.405359
13890000,0.432326
13891000,0.423602
13892000,0.411102
13893000,0.395925
13894000,0.360695
13895000,0.367623
13896000,0.348243
13897000,0.4129
13898000,0.393078
13899000,0.396372
13900000,0.376587
13901000,0.369044
13902000,0.433253
13903000,0.44265
13904000,0.424785
13905000,0.430331
13906000,0.420013
13907000,0.471094
13908000,0.408713
13909000,0.449697
13910000,0.380399
13911000,0.432091
13912000,0.407705
13913000,0.410311
13914000,0.381752
13915000,0.458095
13916000,0.454969
13917000,0.364276
13918000,0.393995
13919000,0.422743
13920000,0.4197
13921000,0.402886
13922000,0.396358
13923000,0.451668
13924000,0.420334
13925000,0.435917
13926000,0.404773
13927000,0.399551
13928000,0.391109
13929000,0.439992
13930000,0.396742
13931000,0.424189
13932000,0.420605
13933000,0.392309
13934000,0.452935
13935000,0.405689
13936000,0.410262
13937000,0.381881
13938000,0.401069
13939000,0.389625
13940000,0.375615
13941000,0.394403
13942000,0.41733
13943000,0.417552
13944000,0.442194
13945000,0.416644
13946000,0.381087
13947000,0.396544
13948000,0.414
13949000,0.419214
13950000,0.421684
13951000,0.415029
13952000,0.470943
13953000,0.417775
13954000,0.391672
13955000,0.390462
13956000,0.35502
13957000,0.394132
13958000,0.385787
13959000,0.375507
13960000,0.403545
13961000,0.37902
13962000,0.392194
13963000,0.347628
13964000,0.37072
13965000,0.366831
13966000,0.396719
13967000,0.39762
13968000,0.371624
13969000,0.388558
13970000,0.400982
13971000,0.421754
13972000,0.415956
13973000,0.385168
13974000,0.401913
13975000,0.384886
13976000,0.422381
13977000,0.386697
13978000,0.393472
13979000,0.408052
13980000,0.386767
13981000,0.366215
13982000,0.35932
13983000,0.391957
13984000,0.390246
13985000,0.347779
13986000,0.365997
13987000,0.427748
13988000,0.397177
13989000,0.451328
13990000,0.402937
13991000,0.385554
13992000,0.461954
13993000,0.436486
13994000,0.420812
13995000,0.3756
13996000,0.402933
13997000,0.364474
13998000,0.400198
13999000,0.389379
14000000,0.398039
14001000,0.36648
14002000,0.412038
14003000,0.388406
14004000,0.418254
14005000,0.411995
14006000,0.402319
14007000,0.404018
14008000,0.399974
14009000,0.377195
14010000,0.382537
14011000,0.410573
14012000,0.413072
14013000,0.445005
14014000,0.428389
14015000,0.43606
14016000,0.450846
14017000,0.442698
14018000,0.369641
14019000,0.394985
14020000,0.35048
14021000,0.367011
14022000,0.425426
14023000,0.386127
14024000,0.397432
14025000,0.376371
14026000,0.421975
14027000,0.38433
14028000,0.412561
14029000,0.378214
14030000,0.349747
14031000,0.428231
14032000,0.413445
14033000,0.372205
14034000,0.388908
14035000,0.380601
14036000,0.367314
14037000,0.430122
14038000,0.411147
14039000,0.380738
14040000,0.410514
14041000,0.410094
14042000,0.392997
14043000,0.419848
14044000,0.378732
14045000,0.398034
14046000,0.385108
14047000,0.376459
14048000,0.413395
14049000,0.398085
14050000,0.340468
14051000,0.354578
14052000,0.343046
14053000,0.393202
14054000,0.350239
14055000,0.365662
14056000,0.346633
14057000,0.378114
14058000,0.359241
14059000,0.354148
14060000,0.347661
14061000,0.386343
14062000,0.379347
14063000,0.407017
14064000,0.363333
14065000,0.378771
14066000,0.37175
14067000,0.38181
14068000,0.340128
14069000,0.39881
14070000,0.40848
14071000,0.376997
14072000,0.38384
14073000,0.369636
14074000,0.369945
14075000,0.344124
14076000,0.399262
14077000,0.369972
14078000,0.36785
14079000,0.398955
14080000,0.365543
14081000,0.391243
14082000,0.379444
14083000,0.376068
14084000,0.378825
14085000,0.395165
14086000,0.382179
14087000,0.385731
14088000,0.402847
14089000,0.383141
14090000,0.38626
14091000,0.358326
14092000,0.367528
14093000,0.374669
14094000,0.373967
14095000,0.41854
14096000,0.409544
14097000,0.366622
14098000,0.409669
14099000,0.417824
14100000,0.371089
14101000,0.390262
14102000,0.374863
14103000,0.429529
14104000,0.440168
14105000,0.398234
14106000,0.366876
14107000,0.40859
14108000,0.405129
14109000,0.383547
14110000,0.345466
14111000,0.359485
14112000,0.382721
14113000,0.354585
14114000,0.348353
14115000,0.372404
14116000,0.345437
14117000,0.369894
14118000,0.377039
14119000,0.373807
14120000,0.39356
14121000,0.389351
14122000,0.387428
14123000,0.398426
14124000,0.35941
14125000,0.31125
14126000,0.345978
14127000,0.346032
14128000,0.371223
14129000,0.353294
14130000,0.330741
14131000,0.344609
14132000,0.352777
14133000,0.366342
14134000,0.362006
14135000,0.348686
14136000,0.363284
14137000,0.335729
14138000,0.358667
14139000,0.371087
14140000,0.37993
14141000,0.371926
14142000,0.303908
14143000,0.346766
14144000,0.330769
14145000,0.33169
14146000,0.331678
14147000,0.374936
14148000,0.372884
14149000,0.340242
14150000,0.329079
14151000,0.340591
14152000,0.35952
14153000,0.349484
14154000,0.340728
14155000,0.329464
14156000,0.336696
14157000,0.374376
14158000,0.338956
14159000,0.338575
14160000,0.334928
14161000,0.376059
14162000,0.366694
14163000,0.343002
14164000,0.34452
14165000,0.360766
14166000,0.343218
14167000,0.33695
14168000,0.361269
14169000,0.35497
14170000,0.374298
14171000,0.358623
14172000,0.336933
14173000,0.380771
14174000,0.33021
14175000,0.336879
14176000,0.345126
14177000,0.36242
14178000,0.350552
14179000,0.376653
14180000,0.347083
14181000,0.348367
14182000,0.358368
14183000,0.326579
14184000,0.327288
14185000,0.320801
14186000,0.395707
14187000,0.334729
14188000,0.342332
14189000,0.347951
14190000,0.319195
14191000,0.35139
14192000,0.340071
14193000,0.346475
14194000,0.330585
14195000,0.377555
14196000,0.403446
14197000,0.381638
14198000,0.36666
14199000,0.319078
14200000,0.355722
14201000,0.301108
14202000,0.369039
14203000,0.360595
14204000,0.34495
14205000,0.316989
14206000,0.320303
14207000,0.299666
14208000,0.313449
14209000,0.314058
14210000,0.302398
14211000,0.31416
14212000,0.307502
14213000,0.316744
14214000,0.301765
14215000,0.323664
14216000,0.321602
14217000,0.336512
14218000,0.325001
14219000,0.29396
14220000,0.310959
14221000,0.302341
14222000,0.316791
14223000,0.322709
14224000,0.312173
14225000,0.311485
14226000,0.330138
14227000,0.324956
14228000,0.324137
14229000,0.306263
14230000,0.312612
14231000,0.3288
14232000,0.308584
14233000,0.303429
14234000,0.295693
14235000,0.300405
14236000,0.309943
14237000,0.297817
14238000,0.31576
14239000,0.313555
14240000,0.312393
14241000,0.307566
14242000,0.308141
14243000,0.303618
14244000,0.321403
14245000,0.304786
14246000,0.362752
14247000,0.313111
14248000,0.34706
14249000,0.354638
14250000,0.329081
14251000,0.331542
14252000,0.338483
14253000,0.355277
14254000,0.336379
14255000,0.328553
14256000,0.327387
14257000,0.344669
14258000,0.344369
14259000,0.324282
14260000,0.315848
14261000,0.316061
14262000,0.328015
14263000,0.316845
14264000,0.373927
14265000,0.314786
14266000,0.36783
14267000,0.311277
14268000,0.336025
14269000,0.339438
14270000,0.312429
14271000,0.336073
14272000,0.328935
14273000,0.314288
14274000,0.31141
14275000,0.338764
14276000,0.334572
14277000,0.315726
14278000,0.313473
14279000,0.304166
14280000,0.330551
14281000,0.35471
14282000,0.320008
14283000,0.350586
14284000,0.339478
14285000,0.339434
14286000,0.321898
14287000,0.3163
14288000,0.314779
14289000,0.343673
14290000,0.324221
14291000,0.328116
14292000,0.325069
14293000,0.338527
14294000,0.333119
14295000,0.365419
14296000,0.348957
14297000,0.318301
14298000,0.322325
14299000,0.310601
14300000,0.336894
14301000,0.312999
14302000,0.334812
14303000,0.336379
14304000,0.320997
14305000,0.326759
14306000,0.31299
14307000,0.317994
14308000,0.319619
14309000,0.33442
14310000,0.334013
14311000,0.330994
14312000,0.303337
14313000,0.312173
14314000,0.338481
14315000,0.359928
14316000,0.336344
14317000,0.334814
14318000,0.329807
14319000,0.310566
14320000,0.308213
14321000,0.317198
14322000,0.309733
14323000,0.334935
14324000,0.316411
14325000,0.339959
14326000,0.301527
14327000,0.303476
14328000,0.349487
14329000,0.3171
14330000,0.312409
14331000,0.340854
14332000,0.306591
14333000,0.332413
14334000,0.32787
14335000,0.327537
14336000,0.319386
14337000,0.338769
14338000,0.327921
14339000,0.307167
14340000,0.316908
14341000,0.308538
14342000,0.332339
14343000,0.305752
14344000,0.323716
14345000,0.332822
14346000,0.343007
14347000,0.313864
14348000,0.33277
14349000,0.334835
14350000,0.313664
14351000,0.293246
14352000,0.338175
14353000,0.333493
14354000,0.317332
14355000,0.32041
14356000,0.305838
14357000,0.317567
14358000,0.307696
14359000,0.307517
14360000,0.320645
14361000,0.333702
14362000,0.333518
14363000,0.337111
14364000,0.34624
14365000,0.339657
14366000,0.3138
14367000,0.318029
14368000,0.304858
14369000,0.340758
14370000,0.33731
14371000,0.324615
14372000,0.334129
14373000,0.332518
14374000,0.292649
14375000,0.289317
14376000,0.311001
14377000,0.31608
14378000,0.306742
14379000,0.353446
14380000,0.298281
14381000,0.322518
14382000,0.302016
14383000,0.310089
14384000,0.325561
14385000,0.30922
14386000,0.321601
14387000,0.295685
14388000,0.315326
14389000,0.301978
14390000,0.291433
14391000,0.312166
14392000,0.307274
14393000,0.29832
14394000,0.313733
14395000,0.288093
14396000,0.306739
14397000,0.286694
14398000,0.303913
14399000,0.306236
14400000,0.318943
14401000,0.325166
14402000,0.291648
14403000,0.291906
14404000,0.305112
14405000,0.332313
14406000,0.354363
14407000,0.319521
14408000,0.313349
14409000,0.303224
14410000,0.300115
14411000,0.31784
14412000,0.335954
14413000,0.284288
14414000,0.285616
14415000,0.28362
14416000,0.286816
14417000,0.281131
14418000,0.30455
14419000,0.298932
14420000,0.294659
14421000,0.283657
14422000,0.282015
14423000,0.311038
14424000,0.306001
14425000,0.295661
14426000,0.280845
14427000,0.276898
14428000,0.30055
14429000,0.290524
14430000,0.295495
14431000,0.28299
14432000,0.282594
14433000,0.290366
14434000,0.281717
14435000,0.298828
14436000,0.284093
14437000,0.27952
14438000,0.277172
14439000,0.276499
14440000,0.293144
14441000,0.289594
14442000,0.315107
14443000,0.293073
14444000,0.28641
14445000,0.296879
14446000,0.300923
14447000,0.27637
14448000,0.294357
14449000,0.284539
14450000,0.306494
14451000,0.281948
14452000,0.279051
14453000,0.283739
14454000,0.288094
14455000,0.293634
14456000,0.29114
14457000,0.287246
14458000,0.2865
14459000,0.28752
14460000,0.285653
14461000,0.290148
14462000,0.282308
14463000,0.286289
14464000,0.274103
14465000,0.294939
14466000,0.288676
14467000,0.294121
14468000,0.282184
14469000,0.289703
14470000,0.281142
14471000,0.302867
14472000,0.292117
14473000,0.2788
14474000,0.284107
14475000,0.284675
14476000,0.286903
14477000,0.304443
14478000,0.276582
14479000,0.294891
14480000,0.294756
14481000,0.284146
14482000,0.278808
14483000,0.28307
14484000,0.280706
14485000,0.29586
14486000,0.298981
14487000,0.298503
14488000,0.283435
14489000,0.277758
14490000,0.286976
14491000,0.295354
14492000,0.301703
14493000,0.282435
14494000,0.291086
14495000,0.278363
14496000,0.282863
14497000,0.290271
14498000,0.304865
14499000,0.286534
14500000,0.284253
14501000,0.293412
14502000,0.291406
14503000,0.281168
14504000,0.284976
14505000,0.297592
14506000,0.296167
14507000,0.297379
14508000,0.272054
14509000,0.286241
14510000,0.284374
14511000,0.29508
14512000,0.298411
14513000,0.269696
14514000,0.273849
14515000,0.277168
14516000,0.287988
14517000,0.280847
14518000,0.284084
14519000,0.282702
14520000,0.290182
14521000,0.282621
14522000,0.280407
14523000,0.28707
14524000,0.295138
14525000,0.299258
14526000,0.27606
14527000,0.288271
14528000,0.28373
14529000,0.284348
14530000,0.278455
14531000,0.282706
14532000,0.277485
14533000,0.274679
14534000,0.285173
14535000,0.284064
14536000,0.28267
14537000,0.285304
14538000,0.290161
14539000,0.285196
14540000,0.279742
14541000,0.279419
14542000,0.294224
14543000,0.289249
14544000,0.284155
14545000,0.287043
14546000,0.279617
14547000,0.290194
14548000,0.297295
14549000,0.284035
14550000,0.279926
14551000,0.293704
14552000,0.291227
14553000,0.278449
14554000,0.286953
14555000,0.276357
14556000,0.284273
14557000,0.288802
14558000,0.280763
14559000,0.279879
14560000,0.303006
14561000,0.292718
14562000,0.285804
14563000,0.290685
14564000,0.288779
14565000,0.288112
14566000,0.285851
14567000,0.288634
14568000,0.28873
14569000,0.273153
14570000,0.280725
14571000,0.28528
14572000,0.284325
14573000,0.292426
14574000,0.284216
14575000,0.282503
14576000,0.281486
14577000,0.286957
14578000,0.288211
14579000,0.273969
14580000,0.289182
14581000,0.282972
14582000,0.289371
14583000,0.275909
14584000,0.28392
14585000,0.296415
14586000,0.284587
14587000,0.284267
14588000,0.273771
14589000,0.290409
14590000,0.299991
14591000,0.284449
14592000,0.280487
14593000,0.285499
14594000,0.281542
14595000,0.28036
14596000,0.291915
14597000,0.280702
14598000,0.280727
14599000,0.292901
14600000,0.285189
14601000,0.287855
14602000,0.275189
14603000,0.280256
14604000,0.283588
14605000,0.282554
14606000,0.287027
14607000,0.27771
14608000,0.289776
14609000,0.274893
14610000,0.286086
14611000,0.283731
14612000,0.28574
14613000,0.279259
14614000,0.279573
14615000,0.290114
14616000,0.283805
14617000,0.28685
14618000,0.284526
14619000,0.284966
14620000,0.300475
14621000,0.296406
14622000,0.289998
14623000,0.294099
14624000,0.286957
14625000,0.274297
14626000,0.268747
14627000,0.283244
14628000,0.286841
14629000,0.275104
14630000,0.273344
14631000,0.281995
14632000,0.28195
14633000,0.276918
14634000,0.287471
14635000,0.276215
14636000,0.289557
14637000,0.277359
14638000,0.283655
14639000,0.293326
14640000,0.29007
14641000,0.278731
14642000,0.276039
14643000,0.279656
14644000,0.280126
14645000,0.281365
14646000,0.283222
14647000,0.277921
14648000,0.274119
14649000,0.279395
14650000,0.283005
14651000,0.284223
14652000,0.272314
14653000,0.278787
14654000,0.277976
14655000,0.292348
14656000,0.289363
14657000,0.282338
14658000,0.274126
14659000,0.285555
14660000,0.283638
14661000,0.288345
14662000,0.277876
14663000,0.279242
14664000,0.278437
14665000,0.284815
14666000,0.291451
14667000,0.295335
14668000,0.279521
14669000,0.276521
14670000,0.285442
14671000,0.278403
14672000,0.2783
14673000,0.277876
14674000,0.275991
14675000,0.278632
14676000,0.280991
14677000,0.276998
14678000,0.279655
14679000,0.276125
14680000,0.277042
14681000,0.285159
14682000,0.285714
14683000,0.275005
14684000,0.284247
14685000,0.2893
14686000,0.290197
14687000,0.277939
14688000,0.273137
14689000,0.279434
14690000,0.278661
14691000,0.275144
14692000,0.28577
14693000,0.267758
14694000,0.291118
14695000,0.283882
14696000,0.28018
14697000,0.282936
14698000,0.279413
14699000,0.280495
14700000,0.275643
14701000,0.289056
14702000,0.269199
14703000,0.278144
14704000,0.286024
14705000,0.279912
14706000,0.288829
14707000,0.296656
14708000,0.301593
14709000,0.281501
14710000,0.276098
14711000,0.271334
14712000,0.287825
14713000,0.277193
14714000,0.282046
14715000,0.269588
14716000,0.273764
14717000,0.284977
14718000,0.281
14719000,0.284944
14720000,0.272547
14721000,0.285035
14722000,0.270508
14723000,0.270166
14724000,0.283164
14725000,0.27784
14726000,0.273424
14727000,0.276121
14728000,0.268765
14729000,0.275973
14730000,0.27962
14731000,0.277751
14732000,0.279418
14733000,0.270496
14734000,0.278324
14735000,0.27806
14736000,0.288556
14737000,0.286694
14738000,0.272783
14739000,0.275109
14740000,0.286875
14741000,0.283015
14742000,0.275099
14743000,0.285786
14744000,0.279357
14745000,0.277565
14746000,0.284438
14747000,0.279956
14748000,0.274113
14749000,0.284042
14750000,0.279782
14751000,0.283078
14752000,0.271575
14753000,0.275156
14754000,0.279263
14755000,0.270916
14756000,0.276862
14757000,0.27962
14758000,0.275299
14759000,0.284205
14760000,0.281306
14761000,0.280236
14762000,0.278308
14763000,0.275415
14764000,0.291126
14765000,0.270147
14766000,0.274321
14767000,0.279689
14768000,0.281816
14769000,0.278975
14770000,0.285397
14771000,0.273327
14772000,0.283579
14773000,0.275717
14774000,0.270524
14775000,0.276987
14776000,0.283807
14777000,0.274309
14778000,0.281592
14779000,0.275704
14780000,0.2739
14781000,0.273379
14782000,0.275887
14783000,0.280299
14784000,0.284493
14785000,0.271976
14786000,0.267736
14787000,0.277274
14788000,0.272597
14789000,0.278114
14790000,0.273175
14791000,0.271625
14792000,0.282852
14793000,0.274942
14794000,0.275293
14795000,0.279509
14796000,0.269505
14797000,0.276998
14798000,0.274201
14799000,0.272305
14800000,0.273463
14801000,0.276538
14802000,0.277833
14803000,0.270582
14804000,0.279826
14805000,0.276541
14806000,0.276037
14807000,0.287089
14808000,0.282323
14809000,0.279172
14810000,0.285091
14811000,0.280074
14812000,0.27046
14813000,0.272291
14814000,0.281079
14815000,0.279474
14816000,0.275973
14817000,0.27471
14818000,0.271112
14819000,0.27739
14820000,0.280906
14821000,0.279402
14822000,0.265907
14823000,0.277817
14824000,0.276541
14825000,0.27395
14826000,0.275262
14827000,0.276022
14828000,0.279407
14829000,0.283213
14830000,0.274184
14831000,0.276938
14832000,0.279448
14833000,0.271577
14834000,0.271959
14835000,0.27755
14836000,0.28569
14837000,0.285004
14838000,0.273798
14839000,0.275262
14840000,0.270618
14841000,0.268747
14842000,0.273977
14843000,0.273977
14844000,0.272935
14845000,0.281755
14846000,0.275875
14847000,0.280909
14848000,0.272793
14849000,0.281496
14850000,0.276512
14851000,0.278698
14852000,0.270607
14853000,0.274181
14854000,0.284829
14855000,0.286836
14856000,0.272336
14857000,0.275781
14858000,0.273005
14859000,0.267728
14860000,0.283962
14861000,0.27737
14862000,0.281729
14863000,0.275985
14864000,0.274765
14865000,0.274782
14866000,0.272311
14867000,0.278324
14868000,0.274362
14869000,0.280887
14870000,0.274568
14871000,0.28269
14872000,0.282712
14873000,0.279949
14874000,0.278149
14875000,0.279939
14876000,0.283723
14877000,0.278084
14878000,0.277335
14879000,0.279944
14880000,0.278166
14881000,0.276281
14882000,0.276299
14883000,0.278084
14884000,0.28092
14885000,0.278094
14886000,0.278163
14887000,0.279923
14888000,0.28092
14889000,0.280956
14890000,0.28092
14891000,0.279992
14892000,0.27812
14893000,0.276371
14894000,0.276346
14895000,0.276346
14896000,0.279944
14897000,0.279992
14898000,0.278127
14899000,0.278127
14900000,0.278127
14901000,0.276299
14902000,0.278236
14903000,0.274496
14904000,0.278084
14905000,0.28092
14906000,0.279913
14907000,0.276324
14908000,0.276317
14909000,0.274568
14910000,0.276299
14911000,0.278127
14912000,0.278127
14913000,0.279944
14914000,0.279913
14915000,0.27812
14916000,0.279915
14917000,0.280985
14918000,0.276371
14919000,0.280956
14920000,0.278163
14921000,0.278166
14922000,0.276299
14923000,0.276324
14924000,0.276324
14925000,0.279944
14926000,0.279949
14927000,0.276299
14928000,0.27812
14929000,0.279207
14930000,0.27812
14931000,0.278111
14932000,0.278166
14933000,0.279985
14934000,0.279879
14935000,0.278127
14936000,0.276371
14937000,0.279923
14938000,0.279913
14939000,0.279923
14940000,0.279944
14941000,0.278127
14942000,0.278127
14943000,0.279944
14944000,0.276346
14945000,0.276371
14946000,0.279923
14947000,0.27812
14948000,0.274568
14949000,0.278127
14950000,0.276281
14951000,0.280956
14952000,0.276346
14953000,0.276317
14954000,0.274568
14955000,0.276281
14956000,0.276317
14957000,0.278166
14958000,0.279923
14959000,0.278163
14960000,0.276346
14961000,0.280985
14962000,0.278166
14963000,0.274496
14964000,0.279992
14965000,0.278094
14966000,0.27812
14967000,0.280014
14968000,0.274568
14969000,0.278149
14970000,0.278111
14971000,0.278166
14972000,0.279879
14973000,0.274496
14974000,0.276346
14975000,0.278084
14976000,0.278127
14977000,0.278127
14978000,0.27812
14979000,0.276346
14980000,0.279932
14981000,0.278127
14982000,0.279949
14983000,0.281741
14984000,0.276346
14985000,0.276371
14986000,0.274496
14987000,0.276324
14988000,0.279879
14989000,0.280985
14990000,0.279135
14991000,0.278166
14992000,0.278149
14993000,0.279961
14994000,0.274568
14995000,0.279879
14996000,0.278127
14997000,0.276299
14998000,0.276281
14999000,0.279879
15000000,0.276317
15001000,0.278127
15002000,0.276299
15003000,0.276281
15004000,0.278111
15005000,0.274568
15006000,0.278094
15007000,0.279923
15008000,0.276299
15009000,0.278166
15010000,0.274568
15011000,0.276281
15012000,0.278127
15013000,0.279985
15014000,0.278084
15015000,0.280014
15016000,0.278127
15017000,0.278127
15018000,0.278127
15019000,0.274496
15020000,0.276324
15021000,0.276346
15022000,0.276324
15023000,0.279923
15024000,0.276281
15025000,0.276299
15026000,0.27812
15027000,0.27812
15028000,0.280956
15029000,0.276324
15030000,0.27812
15031000,0.276324
15032000,0.276346
15033000,0.278084
15034000,0.278149
15035000,0.276281
15036000,0.274568
15037000,0.278149
15038000,0.281734
15039000,0.278166
15040000,0.279915
15041000,0.279992
15042000,0.278094
15043000,0.276346
15044000,0.274568
15045000,0.276317
15046000,0.28092
15047000,0.276324
15048000,0.278084
15049000,0.280014
15050000,0.276324
15051000,0.278084
15052000,0.281763
15053000,0.279949
15054000,0.276281
15055000,0.276281
15056000,0.279207
15057000,0.278084
15058000,0.27812
15059000,0.280956
15060000,0.278084
15061000,0.279944
15062000,0.28092
15063000,0.276346
15064000,0.276281
15065000,0.279879
15066000,0.278084
15067000,0.28092
15068000,0.278084
15069000,0.280985
15070000,0.278236
15071000,0.279985
15072000,0.280985
15073000,0.276281
15074000,0.278094
15075000,0.279944
15076000,0.278127
15077000,0.279879
15078000,0.278149
15079000,0.278084
15080000,0.280956
15081000,0.280963
15082000,0.278149
15083000,0.276299
15084000,0.276346
15085000,0.276324
15086000,0.278127
15087000,0.279879
15088000,0.278166
15089000,0.278094
15090000,0.278084
15091000,0.278127
15092000,0.274568
15093000,0.279923
15094000,0.280956
15095000,0.274496
15096000,0.274496
15097000,0.276324
15098000,0.274496
15099000,0.276346
15100000,0.274496
15101000,0.274568
15102000,0.274568
15103000,0.274568
15104000,0.274568
15105000,0.274568
15106000,0.274496
15107000,0.274496
15108000,0.274568
15109000,0.274568
15110000,0.274568
15111000,0.274496
15112000,0.274496
15113000,0.274568
15114000,0.274496
15115000,0.274496
15116000,0.274568
15117000,0.274568
15118000,0.274496
15119000,0.274496
15120000,0.274496
15121000,0.274568
15122000,0.274568
15123000,0.274496
15124000,0.274496
15125000,0.274568
15126000,0.274496
15127000,0.274568
15128000,0.274568
15129000,0.274496
15130000,0.274568
15131000,0.274568
15132000,0.274568
15133000,0.274496
15134000,0.274568
15135000,0.274568
15136000,0.274568
15137000,0.274568
15138000,0.274568
15139000,0.274568
15140000,0.274496
15141000,0.274568
15142000,0.274496
15143000,0.274568
15144000,0.274496
15145000,0.274568
15146000,0.274496
15147000,0.274496
15148000,0.274496
15149000,0.274568
15150000,0.274496
15151000,0.274568
15152000,0.274568
15153000,0.274568
15154000,0.274496
15155000,0.274496
15156000,0.274496
15157000,0.274568
15158000,0.274568
15159000,0.274496
15160000,0.274568
15161000,0.274568
15162000,0.274568
15163000,0.274568
15164000,0.274568
15165000,0.274496
15166000,0.274496
15167000,0.274496
15168000,0.274496
15169000,0.274568
15170000,0.274496
15171000,0.274496
15172000,0.274496
15173000,0.274568
15174000,0.274568
15175000,0.274496
15176000,0.274568
15177000,0.274496
15178000,0.274568
15179000,0.274568
15180000,0.274568
15181000,0.274496
15182000,0.274496
15183000,0.274496
15184000,0.274496
15185000,0.274568
15186000,0.274496
15187000,0.274496
15188000,0.274568
15189000,0.274568
15190000,0.274568
15191000,0.274496
15192000,0.274496
15193000,0.274568
15194000,0.274496
15195000,0.274568
15196000,0.274568
15197000,0.274568
15198000,0.274496
15199000,0.274568
15200000,0.274496
15201000,0.274496
15202000,0.274496
15203000,0.274568
15204000,0.274568
15205000,0.274568
15206000,0.274568
15207000,0.274496
15208000,0.274568
15209000,0.274568
15210000,0.274568
15211000,0.274568
15212000,0.274568
15213000,0.274496
15214000,0.274496
15215000,0.274496
15216000,0.274568
15217000,0.274568
15218000,0.274496
15219000,0.274568
15220000,0.274568
15221000,0.274568
15222000,0.274568
15223000,0.274568
15224000,0.274496
15225000,0.274568
15226000,0.274496
15227000,0.274496
15228000,0.274568
15229000,0.274496
15230000,0.274496
15231000,0.274496
15232000,0.274568
15233000,0.274496
15234000,0.274496
15235000,0.274496
15236000,0.274568
15237000,0.274496
15238000,0.274496
15239000,0.274496
15240000,0.274496
15241000,0.274496
15242000,0.274568
15243000,0.274496
15244000,0.274568
15245000,0.274496
15246000,0.274568
15247000,0.274496
15248000,0.274496
15249000,0.274496
15250000,0.274496
15251000,0.274568
15252000,0.274496
15253000,0.274496
15254000,0.274568
15255000,0.274568
15256000,0.274496
15257000,0.274568
15258000,0.274496
15259000,0.274496
15260000,0.274496
15261000,0.274496
15262000,0.274568
15263000,0.274496
15264000,0.274568
15265000,0.274496
15266000,0.274568
15267000,0.274496
15268000,0.274496
15269000,0.274568
15270000,0.274496
15271000,0.274496
15272000,0.274496
15273000,0.274496
15274000,0.274568
15275000,0.274496
15276000,0.274568
15277000,0.274568
15278000,0.274496
15279000,0.274496
15280000,0.274496
15281000,0.274496
15282000,0.274568
15283000,0.274496
15284000,0.274496
15285000,0.274496
15286000,0.274568
15287000,0.274568
15288000,0.274568
15289000,0.274568
15290000,0.274496
15291000,0.274496
15292000,0.274496
15293000,0.274496
15294000,0.274496
15295000,0.274568
15296000,0.274496
15297000,0.274568
15298000,0.274568
15299000,0.274568
15300000,0.274568
15301000,0.274568
15302000,0.274496
15303000,0.274496
15304000,0.274496
15305000,0.274496
15306000,0.274496
15307000,0.274496
15308000,0.274496
15309000,0.274568
15310000,0.274496
15311000,0.274496
15312000,0.274568
15313000,0.274496
15314000,0.274568
15315000,0.274568
15316000,0.274496
15317000,0.274568
15318000,0.274568
15319000,0.274568
15320000,0.274496
15321000,0.274496
15322000,0.274496
15323000,0.274568
15324000,0.274568
15325000,0.274568
15326000,0.274496
15327000,0.274568
15328000,0.274496
15329000,0.274496
15330000,0.274568
15331000,0.274568
15332000,0.274496
15333000,0.274496
15334000,0.274496
15335000,0.274496
15336000,0.274496
15337000,0.274568
15338000,0.274496
15339000,0.274496
15340000,0.274568
15341000,0.274568
15342000,0.274496
15343000,0.274568
15344000,0.274496
15345000,0.274496
15346000,0.274496
15347000,0.274496
15348000,0.274496
15349000,0.274568
15350000,0.274496
15351000,0.274568
15352000,0.274496
15353000,0.274568
15354000,0.274568
15355000,0.274496
15356000,0.274568
15357000,0.274496
15358000,0.274568
15359000,0.274496
15360000,0.274496
15361000,0.274496
15362000,0.274496
15363000,0.274568
15364000,0.274496
15365000,0.274568
15366000,0.274496
15367000,0.274496
15368000,0.274496
15369000,0.274496
15370000,0.274568
15371000,0.274568
15372000,0.274496
15373000,0.274496
15374000,0.274568
15375000,0.274496
15376000,0.274568
15377000,0.274568
15378000,0.274496
15379000,0.274496
15380000,0.274496
15381000,0.274568
15382000,0.274568
15383000,0.274568
15384000,0.274568
15385000,0.274568
15386000,0.274496
15387000,0.274496
15388000,0.274496
15389000,0.274496
15390000,0.274568
15391000,0.274568
15392000,0.274496
15393000,0.274568
15394000,0.274496
15395000,0.274568
15396000,0.274496
15397000,0.274568
15398000,0.274568
15399000,0.274496
15400000,0.274496
15401000,0.274496
15402000,0.274568
15403000,0.274568
15404000,0.274568
15405000,0.274568
15406000,0.274496
15407000,0.274568
15408000,0.274496
15409000,0.274568
15410000,0.274496
15411000,0.274496
15412000,0.274496
15413000,0.274496
15414000,0.274496
15415000,0.274568
15416000,0.274568
15417000,0.274568
15418000,0.274568
15419000,0.274496
15420000,0.274568
15421000,0.274568
15422000,0.274496
15423000,0.274496
15424000,0.274496
15425000,0.274568
15426000,0.274496
15427000,0.274496
15428000,0.274496
