instance,seed,batch_size,cooling,epsilon,accept_percentage,initial_temperature,cost,feasible
input-150.tsp,6,4500,0.98,0.0001,0.92,132128.000000000,0.165692566,1
input-150.tsp,7,4500,0.98,0.0001,0.92,135168.000000000,0.164054241,1
input-150.tsp,2,4500,0.98,0.0001,0.92,131456.000000000,0.157299725,1
input-150.tsp,8,4500,0.98,0.0001,0.92,126972.000000000,0.171386881,1
input-150.tsp,1,4500,0.98,0.0001,0.92,135168.000000000,0.170977961,1
input-150.tsp,5,4500,0.98,0.0001,0.92,133120.000000000,0.182710377,1
input-150.tsp,4,4500,0.98,0.0001,0.92,133650.000976562,0.163449808,1
input-150.tsp,3,4500,0.98,0.0001,0.92,127488.000000000,0.174416159,1
input-150.tsp,9,4500,0.98,0.0001,0.92,132704.000000000,0.164829354,1
input-150.tsp,12,4500,0.98,0.0001,0.92,126975.000000000,0.159053650,1
input-150.tsp,10,4500,0.98,0.0001,0.92,129022.750000000,33759.788975791,0
input-150.tsp,13,4500,0.98,0.0001,0.92,132096.000000000,0.174818313,1
input-150.tsp,11,4500,0.98,0.0001,0.92,137216.000000000,0.165523291,1
input-150.tsp,15,4500,0.98,0.0001,0.92,132672.000000000,34352.337797868,0
input-150.tsp,14,4500,0.98,0.0001,0.92,132096.000000000,0.164957187,1
input-150.tsp,16,4500,0.98,0.0001,0.92,131982.910156250,0.154360158,1
input-150.tsp,17,4500,0.98,0.0001,0.92,129024.000000000,0.160824109,1
input-150.tsp,20,4500,0.98,0.0001,0.92,130497.919921875,0.159346752,1
input-150.tsp,19,4500,0.98,0.0001,0.92,128896.000000000,33759.795088082,0
input-150.tsp,18,4500,0.98,0.0001,0.92,132297.000000000,0.178169112,1
input-150.tsp,23,4500,0.98,0.0001,0.92,137216.000000000,0.155563023,1
input-150.tsp,24,4500,0.98,0.0001,0.92,132608.000000000,0.176221207,1
input-150.tsp,21,4500,0.98,0.0001,0.92,130816.000000000,0.170917407,1
input-150.tsp,22,4500,0.98,0.0001,0.92,131584.000000000,0.166810960,1
input-150.tsp,25,4500,0.98,0.0001,0.92,131584.000000000,0.163700791,1
input-150.tsp,27,4500,0.98,0.0001,0.92,135168.000000000,0.160701268,1
input-150.tsp,28,4500,0.98,0.0001,0.92,130592.000000000,0.169603871,1
input-150.tsp,26,4500,0.98,0.0001,0.92,131052.000000000,0.170162806,1
input-150.tsp,29,4500,0.98,0.0001,0.92,133925.000000000,0.152582780,1
input-150.tsp,30,4500,0.98,0.0001,0.92,133376.000000000,0.170377629,1
input-150.tsp,31,4500,0.98,0.0001,0.92,130560.000000000,0.168513686,1
input-150.tsp,32,4500,0.98,0.0001,0.92,133120.000000000,0.145820212,1
input-150.tsp,33,4500,0.98,0.0001,0.92,131697.000000000,0.172612279,1
input-150.tsp,34,4500,0.98,0.0001,0.92,130030.992187500,0.172414146,1
input-150.tsp,36,4500,0.98,0.0001,0.92,131632.000000000,0.170526196,1
input-150.tsp,37,4500,0.98,0.0001,0.92,131841.003906250,0.168595989,1
input-150.tsp,38,4500,0.98,0.0001,0.92,135168.000000000,0.172484085,1
input-150.tsp,39,4500,0.98,0.0001,0.92,136192.000488281,0.160608331,1
input-150.tsp,35,4500,0.98,0.0001,0.92,131248.000000000,0.155325059,1
input-150.tsp,40,4500,0.98,0.0001,0.92,132096.000000000,0.167872194,1
input-150.tsp,41,4500,0.98,0.0001,0.92,130256.000000000,0.157517315,1
input-150.tsp,42,4500,0.98,0.0001,0.92,131584.000000000,0.157140018,1
input-150.tsp,44,4500,0.98,0.0001,0.92,132864.000000000,0.176025028,1
input-150.tsp,46,4500,0.98,0.0001,0.92,131787.285156250,0.168812903,1
input-150.tsp,43,4500,0.98,0.0001,0.92,130816.000000000,38862.029258541,0
input-150.tsp,47,4500,0.98,0.0001,0.92,132160.000000000,0.167939027,1
input-150.tsp,45,4500,0.98,0.0001,0.92,130425.919921875,0.165991310,1
input-150.tsp,48,4500,0.98,0.0001,0.92,135168.000000000,0.167326997,1
input-150.tsp,49,4500,0.98,0.0001,0.92,128439.998046875,0.170946932,1
input-150.tsp,50,4500,0.98,0.0001,0.92,131604.000000000,0.170241415,1
input-150.tsp,54,4500,0.98,0.0001,0.92,133632.000000000,0.178137552,1
input-150.tsp,52,4500,0.98,0.0001,0.92,129536.000000000,0.173431214,1
input-150.tsp,55,4500,0.98,0.0001,0.92,133120.000000000,0.162001305,1
input-150.tsp,53,4500,0.98,0.0001,0.92,128510.000000000,0.169959830,1
input-150.tsp,51,4500,0.98,0.0001,0.92,128928.000000000,37618.094122475,0
input-150.tsp,56,4500,0.98,0.0001,0.92,131456.000000000,0.145563811,1
input-150.tsp,57,4500,0.98,0.0001,0.92,135168.000000000,0.160763030,1
input-150.tsp,58,4500,0.98,0.0001,0.92,131969.000000000,0.165429253,1
input-150.tsp,59,4500,0.98,0.0001,0.92,131744.000000000,0.157049121,1
input-150.tsp,62,4500,0.98,0.0001,0.92,133154.187500000,0.171252544,1
input-150.tsp,60,4500,0.98,0.0001,0.92,130048.000000000,0.171779771,1
input-150.tsp,64,4500,0.98,0.0001,0.92,131584.000000000,0.165140685,1
input-150.tsp,63,4500,0.98,0.0001,0.92,135424.250000000,41081.663951023,0
input-150.tsp,61,4500,0.98,0.0001,0.92,129920.000000000,0.164261877,1
input-150.tsp,65,4500,0.98,0.0001,0.92,131425.500000000,0.170643714,1
input-150.tsp,66,4500,0.98,0.0001,0.92,131328.000000000,0.171483206,1
input-150.tsp,68,4500,0.98,0.0001,0.92,132228.000000000,0.160139169,1
input-150.tsp,67,4500,0.98,0.0001,0.92,135200.000000000,0.151906681,1
input-150.tsp,69,4500,0.98,0.0001,0.92,133120.000000000,0.149978956,1
input-150.tsp,71,4500,0.98,0.0001,0.92,133136.000488281,0.157265024,1
input-150.tsp,70,4500,0.98,0.0001,0.92,130727.146484375,0.161171797,1
input-150.tsp,72,4500,0.98,0.0001,0.92,133376.000000000,0.173924009,1
input-150.tsp,73,4500,0.98,0.0001,0.92,128432.000000000,0.173656441,1
input-150.tsp,76,4500,0.98,0.0001,0.92,131584.000000000,0.158433033,1
input-150.tsp,74,4500,0.98,0.0001,0.92,126976.000000000,33759.796200692,0
input-150.tsp,75,4500,0.98,0.0001,0.92,132096.000000000,0.165410435,1
input-150.tsp,77,4500,0.98,0.0001,0.92,133248.000000000,0.165777151,1
input-150.tsp,78,4500,0.98,0.0001,0.92,131152.000000000,0.162693764,1
input-150.tsp,79,4500,0.98,0.0001,0.92,133136.000000000,0.170206250,1
input-150.tsp,80,4500,0.98,0.0001,0.92,132608.000000000,0.159792989,1
input-150.tsp,81,4500,0.98,0.0001,0.92,131392.000000000,0.163837875,1
input-150.tsp,82,4500,0.98,0.0001,0.92,129024.000000000,0.150043183,1
input-150.tsp,84,4500,0.98,0.0001,0.92,131400.000000000,0.156597446,1
input-150.tsp,83,4500,0.98,0.0001,0.92,132112.000000000,0.160467392,1
input-150.tsp,85,4500,0.98,0.0001,0.92,132096.000000000,0.163364229,1
input-150.tsp,86,4500,0.98,0.0001,0.92,131584.000000000,0.172206856,1
input-150.tsp,87,4500,0.98,0.0001,0.92,131584.000000000,0.150942214,1
input-150.tsp,88,4500,0.98,0.0001,0.92,131456.000000000,0.164338616,1
input-150.tsp,89,4500,0.98,0.0001,0.92,129792.000000000,0.165558400,1
input-150.tsp,90,4500,0.98,0.0001,0.92,128761.350097656,0.164776268,1
input-150.tsp,91,4500,0.98,0.0001,0.92,130616.635742188,0.171315285,1
input-150.tsp,92,4500,0.98,0.0001,0.92,129768.000000000,0.164024092,1
input-150.tsp,93,4500,0.98,0.0001,0.92,131976.000000000,0.147230726,1
input-150.tsp,94,4500,0.98,0.0001,0.92,132096.000000000,0.160256968,1
input-150.tsp,95,4500,0.98,0.0001,0.92,131840.000000000,0.169512455,1
input-150.tsp,96,4500,0.98,0.0001,0.92,132448.000000000,0.166741226,1
input-150.tsp,97,4500,0.98,0.0001,0.92,131956.000000000,0.166686826,1
input-150.tsp,98,4500,0.98,0.0001,0.92,126976.000000000,0.171933028,1
input-150.tsp,101,4500,0.98,0.0001,0.92,126976.000000000,0.172050214,1
input-150.tsp,100,4500,0.98,0.0001,0.92,132053.296875000,0.176423107,1
input-150.tsp,99,4500,0.98,0.0001,0.92,133120.162109375,0.170985299,1
input-150.tsp,103,4500,0.98,0.0001,0.92,133144.000000000,0.172850795,1
input-150.tsp,102,4500,0.98,0.0001,0.92,130560.000000000,0.162873715,1
input-150.tsp,104,4500,0.98,0.0001,0.92,130997.022460938,0.179589246,1
input-150.tsp,105,4500,0.98,0.0001,0.92,129926.000000000,33759.793518922,0
input-150.tsp,106,4500,0.98,0.0001,0.92,131184.000000000,0.173291167,1
input-150.tsp,109,4500,0.98,0.0001,0.92,133120.000000000,0.167707491,1
input-150.tsp,107,4500,0.98,0.0001,0.92,126975.765625000,0.170847794,1
input-150.tsp,108,4500,0.98,0.0001,0.92,126976.000000000,0.151971436,1
input-150.tsp,110,4500,0.98,0.0001,0.92,131977.500488281,0.171372384,1
input-150.tsp,111,4500,0.98,0.0001,0.92,131208.319335938,33759.802108921,0
input-150.tsp,112,4500,0.98,0.0001,0.92,131984.000000000,0.156359006,1
input-150.tsp,113,4500,0.98,0.0001,0.92,131456.000000000,0.174354509,1
input-150.tsp,115,4500,0.98,0.0001,0.92,131142.812500000,0.178564085,1
input-150.tsp,114,4500,0.98,0.0001,0.92,132608.000000000,0.147159945,1
input-150.tsp,117,4500,0.98,0.0001,0.92,133120.000000000,0.170668179,1
input-150.tsp,116,4500,0.98,0.0001,0.92,130048.000000000,0.171548059,1
input-150.tsp,118,4500,0.98,0.0001,0.92,129396.000000000,0.174235906,1
input-150.tsp,119,4500,0.98,0.0001,0.92,131840.000000000,0.174972117,1
input-150.tsp,120,4500,0.98,0.0001,0.92,133120.000000000,0.165186379,1
input-150.tsp,121,4500,0.98,0.0001,0.92,129024.000000000,0.146837569,1
input-150.tsp,122,4500,0.98,0.0001,0.92,131136.000000000,0.176055799,1
input-150.tsp,123,4500,0.98,0.0001,0.92,132352.000000000,0.166572311,1
input-150.tsp,125,4500,0.98,0.0001,0.92,132026.250000000,0.163676251,1
input-150.tsp,124,4500,0.98,0.0001,0.92,129440.000000000,0.172753797,1
input-150.tsp,126,4500,0.98,0.0001,0.92,139264.000000000,0.163253721,1
input-150.tsp,127,4500,0.98,0.0001,0.92,129233.000000000,0.166912283,1
input-150.tsp,128,4500,0.98,0.0001,0.92,129920.000000000,33759.800934613,0
input-150.tsp,129,4500,0.98,0.0001,0.92,127485.937500000,0.148587044,1
input-150.tsp,131,4500,0.98,0.0001,0.92,131712.000000000,0.164070835,1
input-150.tsp,132,4500,0.98,0.0001,0.92,131264.000000000,0.165734622,1
input-150.tsp,130,4500,0.98,0.0001,0.92,131168.000000000,0.157430517,1
input-150.tsp,133,4500,0.98,0.0001,0.92,133120.000000000,0.157868291,1
input-150.tsp,134,4500,0.98,0.0001,0.92,126976.000000000,0.162104588,1
input-150.tsp,135,4500,0.98,0.0001,0.92,130263.875000000,0.165475147,1
input-150.tsp,136,4500,0.98,0.0001,0.92,133509.000000000,0.164038997,1
input-150.tsp,137,4500,0.98,0.0001,0.92,130048.000000000,0.178839135,1
input-150.tsp,139,4500,0.98,0.0001,0.92,131328.000000000,0.168230520,1
input-150.tsp,138,4500,0.98,0.0001,0.92,135232.000000000,0.147663977,1
input-150.tsp,140,4500,0.98,0.0001,0.92,129953.000000000,0.162366087,1
input-150.tsp,143,4500,0.98,0.0001,0.92,131712.000000000,0.164529652,1
input-150.tsp,142,4500,0.98,0.0001,0.92,132608.000000000,0.164620549,1
input-150.tsp,141,4500,0.98,0.0001,0.92,130880.000000000,0.161867700,1
input-150.tsp,144,4500,0.98,0.0001,0.92,134144.000000000,0.143792870,1
input-150.tsp,145,4500,0.98,0.0001,0.92,132608.000000000,0.152315324,1
input-150.tsp,147,4500,0.98,0.0001,0.92,130048.000000000,0.167369412,1
input-150.tsp,146,4500,0.98,0.0001,0.92,126976.000000000,0.157244874,1
input-150.tsp,148,4500,0.98,0.0001,0.92,133120.000000000,0.169434972,1
input-150.tsp,149,4500,0.98,0.0001,0.92,131776.000000000,0.165932606,1
input-150.tsp,151,4500,0.98,0.0001,0.92,131776.000000000,0.149187643,1
input-150.tsp,150,4500,0.98,0.0001,0.92,130048.000000000,0.168681809,1
input-150.tsp,152,4500,0.98,0.0001,0.92,131728.000000000,0.155321070,1
input-150.tsp,153,4500,0.98,0.0001,0.92,129536.000000000,0.150063000,1
input-150.tsp,154,4500,0.98,0.0001,0.92,129536.000000000,41081.393462619,0
input-150.tsp,155,4500,0.98,0.0001,0.92,130560.000000000,0.167603615,1
input-150.tsp,156,4500,0.98,0.0001,0.92,133440.008300781,0.167373064,1
input-150.tsp,158,4500,0.98,0.0001,0.92,128319.500000000,0.166194810,1
input-150.tsp,157,4500,0.98,0.0001,0.92,131584.000000000,0.145975043,1
input-150.tsp,159,4500,0.98,0.0001,0.92,130048.000000000,0.182924177,1
input-150.tsp,160,4500,0.98,0.0001,0.92,131136.000000000,0.146546992,1
input-150.tsp,161,4500,0.98,0.0001,0.92,128968.250000000,0.173140902,1
input-150.tsp,162,4500,0.98,0.0001,0.92,131904.000000000,0.165905057,1
input-150.tsp,163,4500,0.98,0.0001,0.92,128608.000000000,0.160389603,1
input-150.tsp,164,4500,0.98,0.0001,0.92,132096.000000000,0.151723241,1
input-150.tsp,165,4500,0.98,0.0001,0.92,135168.000000000,0.155139127,1
input-150.tsp,166,4500,0.98,0.0001,0.92,132100.000000000,0.171133128,1
input-150.tsp,167,4500,0.98,0.0001,0.92,132096.000000000,0.167422160,1
input-150.tsp,168,4500,0.98,0.0001,0.92,130432.000000000,0.153112340,1
input-150.tsp,170,4500,0.98,0.0001,0.92,128960.000000000,0.154900569,1
input-150.tsp,169,4500,0.98,0.0001,0.92,139264.000000000,0.157594571,1
input-150.tsp,172,4500,0.98,0.0001,0.92,130048.000000000,0.158314156,1
input-150.tsp,171,4500,0.98,0.0001,0.92,131175.500000000,0.155576964,1
input-150.tsp,173,4500,0.98,0.0001,0.92,130824.000000000,33759.802836959,0
input-150.tsp,174,4500,0.98,0.0001,0.92,131424.000000000,0.157633288,1
input-150.tsp,175,4500,0.98,0.0001,0.92,133120.000000000,0.160718450,1
input-150.tsp,176,4500,0.98,0.0001,0.92,133120.125000000,0.174436898,1
input-150.tsp,178,4500,0.98,0.0001,0.92,130296.000000000,0.165462507,1
input-150.tsp,177,4500,0.98,0.0001,0.92,130814.718750000,0.155560899,1
input-150.tsp,180,4500,0.98,0.0001,0.92,133120.000000000,0.180927135,1
input-150.tsp,181,4500,0.98,0.0001,0.92,139264.000488281,0.164510973,1
input-150.tsp,179,4500,0.98,0.0001,0.92,132096.000000000,0.148106441,1
input-150.tsp,182,4500,0.98,0.0001,0.92,130669.125000000,0.173068634,1
input-150.tsp,183,4500,0.98,0.0001,0.92,131840.000000000,0.164477254,1
input-150.tsp,184,4500,0.98,0.0001,0.92,128000.000000000,0.172170888,1
input-150.tsp,185,4500,0.98,0.0001,0.92,129984.000000000,0.162733703,1
input-150.tsp,186,4500,0.98,0.0001,0.92,132096.000000000,0.168018923,1
input-150.tsp,187,4500,0.98,0.0001,0.92,130048.000000000,0.185826670,1
input-150.tsp,188,4500,0.98,0.0001,0.92,128728.000000000,0.160350424,1
input-150.tsp,190,4500,0.98,0.0001,0.92,133120.000000000,0.153107573,1
input-150.tsp,189,4500,0.98,0.0001,0.92,132608.000000000,0.148761350,1
input-150.tsp,191,4500,0.98,0.0001,0.92,130016.000000000,0.166093194,1
input-150.tsp,192,4500,0.98,0.0001,0.92,125952.000000000,0.166109151,1
input-150.tsp,193,4500,0.98,0.0001,0.92,131660.000000000,0.168143491,1
input-150.tsp,197,4500,0.98,0.0001,0.92,131328.000000000,0.175125041,1
input-150.tsp,195,4500,0.98,0.0001,0.92,131424.000000000,0.163635278,1
input-150.tsp,194,4500,0.98,0.0001,0.92,129024.000000000,0.162059753,1
input-150.tsp,196,4500,0.98,0.0001,0.92,132800.000000000,0.160665379,1
input-150.tsp,198,4500,0.98,0.0001,0.92,135168.031250000,0.169582360,1
input-150.tsp,199,4500,0.98,0.0001,0.92,130784.000000000,0.169170087,1
input-150.tsp,200,4500,0.98,0.0001,0.92,128816.000000000,0.166879511,1
input-150.tsp,201,4500,0.98,0.0001,0.92,135168.132812500,0.169066703,1
input-150.tsp,202,4500,0.98,0.0001,0.92,130048.000000000,0.171366659,1
input-150.tsp,204,4500,0.98,0.0001,0.92,128511.500000000,0.161728563,1
input-150.tsp,203,4500,0.98,0.0001,0.92,133120.250488281,0.172511507,1
input-150.tsp,205,4500,0.98,0.0001,0.92,130872.000000000,0.170439702,1
input-150.tsp,206,4500,0.98,0.0001,0.92,131760.115722656,0.172866299,1
input-150.tsp,207,4500,0.98,0.0001,0.92,130816.000000000,0.170063167,1
input-150.tsp,208,4500,0.98,0.0001,0.92,131584.000000000,0.162171680,1
input-150.tsp,209,4500,0.98,0.0001,0.92,133322.750000000,0.175988858,1
input-150.tsp,210,4500,0.98,0.0001,0.92,126967.999511719,0.559120287,1
input-150.tsp,211,4500,0.98,0.0001,0.92,126976.000000000,0.177796778,1
input-150.tsp,213,4500,0.98,0.0001,0.92,132320.000000000,0.153276302,1
input-150.tsp,212,4500,0.98,0.0001,0.92,130048.000000000,33759.796718273,0
input-150.tsp,214,4500,0.98,0.0001,0.92,130029.101562500,0.163658951,1
input-150.tsp,215,4500,0.98,0.0001,0.92,135424.750000000,0.167577214,1
input-150.tsp,216,4500,0.98,0.0001,0.92,129792.000000000,0.169636453,1
input-150.tsp,218,4500,0.98,0.0001,0.92,133248.000000000,0.159754945,1
input-150.tsp,217,4500,0.98,0.0001,0.92,130560.000000000,0.165160120,1
input-150.tsp,219,4500,0.98,0.0001,0.92,133120.000000000,0.148075202,1
input-150.tsp,220,4500,0.98,0.0001,0.92,129536.000000000,0.150189171,1
input-150.tsp,221,4500,0.98,0.0001,0.92,133153.080566406,0.158956588,1
input-150.tsp,222,4500,0.98,0.0001,0.92,131840.000000000,0.182492057,1
input-150.tsp,223,4500,0.98,0.0001,0.92,130376.000000000,0.160892967,1
input-150.tsp,224,4500,0.98,0.0001,0.92,135168.000000000,0.174515464,1
input-150.tsp,225,4500,0.98,0.0001,0.92,133120.000000000,0.156391270,1
input-150.tsp,226,4500,0.98,0.0001,0.92,133226.000488281,0.166646215,1
input-150.tsp,227,4500,0.98,0.0001,0.92,135172.000488281,0.167239788,1
input-150.tsp,228,4500,0.98,0.0001,0.92,131584.000000000,0.148880243,1
input-150.tsp,229,4500,0.98,0.0001,0.92,129872.000000000,0.168976381,1
input-150.tsp,230,4500,0.98,0.0001,0.92,133696.000000000,0.158626523,1
input-150.tsp,231,4500,0.98,0.0001,0.92,132608.000000000,0.171434343,1
input-150.tsp,232,4500,0.98,0.0001,0.92,129024.000000000,0.170916220,1
input-150.tsp,233,4500,0.98,0.0001,0.92,131788.000000000,0.150188314,1
input-150.tsp,234,4500,0.98,0.0001,0.92,128448.000000000,0.176160090,1
input-150.tsp,235,4500,0.98,0.0001,0.92,131492.000000000,0.169334268,1
input-150.tsp,236,4500,0.98,0.0001,0.92,130464.125000000,0.166900056,1
input-150.tsp,237,4500,0.98,0.0001,0.92,133120.000000000,0.169006389,1
input-150.tsp,238,4500,0.98,0.0001,0.92,131920.000000000,0.173843180,1
input-150.tsp,239,4500,0.98,0.0001,0.92,130448.000000000,0.151303675,1
input-150.tsp,240,4500,0.98,0.0001,0.92,131136.000000000,0.155583514,1
input-150.tsp,241,4500,0.98,0.0001,0.92,131488.000000000,0.169129447,1
input-150.tsp,242,4500,0.98,0.0001,0.92,132368.000000000,0.161213153,1
input-150.tsp,243,4500,0.98,0.0001,0.92,133120.000000000,0.164078066,1
input-150.tsp,244,4500,0.98,0.0001,0.92,131968.000000000,0.165044490,1
input-150.tsp,245,4500,0.98,0.0001,0.92,133120.000000000,0.150258452,1
input-150.tsp,246,4500,0.98,0.0001,0.92,133696.000000000,0.163522729,1
input-150.tsp,247,4500,0.98,0.0001,0.92,131584.000000000,0.156172309,1
input-150.tsp,248,4500,0.98,0.0001,0.92,130840.000000000,0.167912952,1
input-150.tsp,249,4500,0.98,0.0001,0.92,131192.000000000,33759.785774269,0
input-150.tsp,250,4500,0.98,0.0001,0.92,132096.000000000,0.167207507,1
input-150.tsp,251,4500,0.98,0.0001,0.92,129024.000000000,0.171115742,1
input-150.tsp,252,4500,0.98,0.0001,0.92,132864.000000000,0.171542257,1
input-150.tsp,253,4500,0.98,0.0001,0.92,131728.000000000,0.151538715,1
input-150.tsp,255,4500,0.98,0.0001,0.92,131584.000000000,41081.387382446,0
input-150.tsp,254,4500,0.98,0.0001,0.92,135168.000000000,0.172744673,1
input-150.tsp,256,4500,0.98,0.0001,0.92,133376.000000000,0.155762535,1
input-150.tsp,257,4500,0.98,0.0001,0.92,133120.000000000,0.175793832,1
input-150.tsp,258,4500,0.98,0.0001,0.92,130048.000000000,0.145898930,1
input-150.tsp,259,4500,0.98,0.0001,0.92,130048.000000000,0.162474298,1
input-150.tsp,260,4500,0.98,0.0001,0.92,132233.516113281,0.180620940,1
input-150.tsp,261,4500,0.98,0.0001,0.92,132176.000000000,0.166068869,1
input-150.tsp,262,4500,0.98,0.0001,0.92,126911.937011719,0.185022739,1
input-150.tsp,263,4500,0.98,0.0001,0.92,126976.000000000,0.165605048,1
input-150.tsp,264,4500,0.98,0.0001,0.92,130287.468750000,0.157837000,1
input-150.tsp,265,4500,0.98,0.0001,0.92,135168.000000000,0.168603325,1
input-150.tsp,266,4500,0.98,0.0001,0.92,132752.000000000,0.179095310,1
input-150.tsp,268,4500,0.98,0.0001,0.92,126976.000000000,0.176816847,1
input-150.tsp,267,4500,0.98,0.0001,0.92,128239.984375000,0.169901171,1
input-150.tsp,269,4500,0.98,0.0001,0.92,135200.000000000,0.159527481,1
input-150.tsp,270,4500,0.98,0.0001,0.92,133120.000000000,0.149259617,1
input-150.tsp,271,4500,0.98,0.0001,0.92,132288.000000000,0.172894152,1
input-150.tsp,272,4500,0.98,0.0001,0.92,133248.000000000,0.160155192,1
input-150.tsp,273,4500,0.98,0.0001,0.92,131868.000000000,0.165514546,1
input-150.tsp,274,4500,0.98,0.0001,0.92,132544.000000000,0.152277344,1
input-150.tsp,276,4500,0.98,0.0001,0.92,132458.125000000,0.164465709,1
input-150.tsp,275,4500,0.98,0.0001,0.92,132158.546875000,0.157287332,1
input-150.tsp,277,4500,0.98,0.0001,0.92,130560.000000000,0.173286029,1
input-150.tsp,279,4500,0.98,0.0001,0.92,132096.000000000,0.154983876,1
input-150.tsp,278,4500,0.98,0.0001,0.92,130880.000000000,0.161145928,1
input-150.tsp,280,4500,0.98,0.0001,0.92,130770.343750000,0.154427038,1
input-150.tsp,282,4500,0.98,0.0001,0.92,132164.000000000,0.175771033,1
input-150.tsp,281,4500,0.98,0.0001,0.92,129654.750000000,0.160849731,1
input-150.tsp,283,4500,0.98,0.0001,0.92,131968.000000000,0.173781332,1
input-150.tsp,284,4500,0.98,0.0001,0.92,130752.000000000,33759.806443308,0
input-150.tsp,285,4500,0.98,0.0001,0.92,129662.250000000,0.152069710,1
input-150.tsp,286,4500,0.98,0.0001,0.92,131584.000000000,0.152251483,1
input-150.tsp,288,4500,0.98,0.0001,0.92,130016.000000000,0.161406188,1
input-150.tsp,287,4500,0.98,0.0001,0.92,130448.000000000,0.168534126,1
input-150.tsp,290,4500,0.98,0.0001,0.92,133120.000000000,0.173088084,1
input-150.tsp,289,4500,0.98,0.0001,0.92,130304.000000000,0.162130381,1
input-150.tsp,291,4500,0.98,0.0001,0.92,129024.000000000,33759.800704629,0
input-150.tsp,292,4500,0.98,0.0001,0.92,132608.000000000,0.161547821,1
input-150.tsp,293,4500,0.98,0.0001,0.92,131080.000000000,0.155103996,1
input-150.tsp,296,4500,0.98,0.0001,0.92,130784.000000000,0.164187155,1
input-150.tsp,295,4500,0.98,0.0001,0.92,132001.125000000,0.153892195,1
input-150.tsp,294,4500,0.98,0.0001,0.92,132608.000000000,0.176320850,1
input-150.tsp,297,4500,0.98,0.0001,0.92,133122.127441406,0.183186918,1
input-150.tsp,298,4500,0.98,0.0001,0.92,131328.000000000,0.171812737,1
input-150.tsp,299,4500,0.98,0.0001,0.92,129502.470214844,0.149876500,1
input-150.tsp,301,4500,0.98,0.0001,0.92,130368.000000000,0.171471699,1
input-150.tsp,300,4500,0.98,0.0001,0.92,130816.000000000,0.161729673,1
input-150.tsp,302,4500,0.98,0.0001,0.92,130688.000000000,0.167079157,1
input-150.tsp,304,4500,0.98,0.0001,0.92,132608.000000000,0.166337011,1
input-150.tsp,303,4500,0.98,0.0001,0.92,131492.000000000,33759.790972916,0
input-150.tsp,306,4500,0.98,0.0001,0.92,134144.000000000,0.153273458,1
input-150.tsp,305,4500,0.98,0.0001,0.92,131088.000000000,0.166859662,1
input-150.tsp,308,4500,0.98,0.0001,0.92,130568.375000000,0.166026062,1
input-150.tsp,307,4500,0.98,0.0001,0.92,131141.937500000,0.165240914,1
input-150.tsp,309,4500,0.98,0.0001,0.92,132096.000000000,0.159891160,1
input-150.tsp,311,4500,0.98,0.0001,0.92,133120.000000000,0.157417853,1
input-150.tsp,312,4500,0.98,0.0001,0.92,131200.000000000,0.162589828,1
input-150.tsp,310,4500,0.98,0.0001,0.92,130560.000000000,0.151608259,1
input-150.tsp,313,4500,0.98,0.0001,0.92,133632.000000000,0.168472189,1
input-150.tsp,314,4500,0.98,0.0001,0.92,133154.000000000,0.156145870,1
input-150.tsp,315,4500,0.98,0.0001,0.92,127904.000000000,33760.104989573,0
input-150.tsp,316,4500,0.98,0.0001,0.92,135680.000000000,0.186945398,1
input-150.tsp,317,4500,0.98,0.0001,0.92,131840.000000000,0.162220467,1
input-150.tsp,318,4500,0.98,0.0001,0.92,134164.500000000,0.151776767,1
input-150.tsp,320,4500,0.98,0.0001,0.92,131232.000000000,0.146169913,1
input-150.tsp,319,4500,0.98,0.0001,0.92,132202.369628906,0.172033710,1
input-150.tsp,321,4500,0.98,0.0001,0.92,132256.000000000,0.168332032,1
input-150.tsp,322,4500,0.98,0.0001,0.92,126976.000000000,0.176046464,1
input-150.tsp,323,4500,0.98,0.0001,0.92,131200.000000000,0.165879070,1
input-150.tsp,324,4500,0.98,0.0001,0.92,132096.000000000,0.168366983,1
input-150.tsp,325,4500,0.98,0.0001,0.92,130886.850585938,0.163733222,1
input-150.tsp,327,4500,0.98,0.0001,0.92,131584.000000000,0.175007314,1
input-150.tsp,326,4500,0.98,0.0001,0.92,129335.500000000,0.165761675,1
input-150.tsp,328,4500,0.98,0.0001,0.92,130272.000000000,0.162692462,1
input-150.tsp,329,4500,0.98,0.0001,0.92,132096.000000000,0.153965759,1
input-150.tsp,330,4500,0.98,0.0001,0.92,136320.000000000,0.166172470,1
input-150.tsp,331,4500,0.98,0.0001,0.92,129023.324218750,0.156445935,1
input-150.tsp,332,4500,0.98,0.0001,0.92,127488.000000000,0.152883678,1
input-150.tsp,333,4500,0.98,0.0001,0.92,131184.000000000,0.171671677,1
input-150.tsp,335,4500,0.98,0.0001,0.92,131584.000000000,0.174244953,1
input-150.tsp,334,4500,0.98,0.0001,0.92,130992.000000000,0.164422096,1
input-150.tsp,336,4500,0.98,0.0001,0.92,135248.000000000,0.153207410,1
input-150.tsp,337,4500,0.98,0.0001,0.92,131584.000000000,0.168262319,1
input-150.tsp,338,4500,0.98,0.0001,0.92,133440.004394531,0.162409787,1
input-150.tsp,339,4500,0.98,0.0001,0.92,131792.000000000,0.150317164,1
input-150.tsp,341,4500,0.98,0.0001,0.92,131584.000000000,0.177490503,1
input-150.tsp,340,4500,0.98,0.0001,0.92,135172.001953125,0.154806906,1
input-150.tsp,342,4500,0.98,0.0001,0.92,131133.750000000,0.164859598,1
input-150.tsp,343,4500,0.98,0.0001,0.92,134400.000000000,0.174289478,1
input-150.tsp,344,4500,0.98,0.0001,0.92,132480.000000000,0.171231432,1
input-150.tsp,345,4500,0.98,0.0001,0.92,131212.000000000,0.169489413,1
input-150.tsp,346,4500,0.98,0.0001,0.92,131968.164062500,0.166231847,1
input-150.tsp,347,4500,0.98,0.0001,0.92,132096.000000000,0.167168644,1
input-150.tsp,348,4500,0.98,0.0001,0.92,132840.000000000,0.165852965,1
input-150.tsp,349,4500,0.98,0.0001,0.92,129007.000000000,0.178103278,1
input-150.tsp,350,4500,0.98,0.0001,0.92,131508.000000000,0.170542784,1
input-150.tsp,351,4500,0.98,0.0001,0.92,134144.000000000,0.186892950,1
input-150.tsp,352,4500,0.98,0.0001,0.92,130304.000000000,0.172276162,1
input-150.tsp,353,4500,0.98,0.0001,0.92,133120.000000000,0.163122699,1
input-150.tsp,354,4500,0.98,0.0001,0.92,135168.000000000,0.170912833,1
input-150.tsp,355,4500,0.98,0.0001,0.92,132228.000000000,0.145332678,1
input-150.tsp,356,4500,0.98,0.0001,0.92,130944.000000000,0.165556771,1
input-150.tsp,357,4500,0.98,0.0001,0.92,132864.000000000,0.171499651,1
input-150.tsp,358,4500,0.98,0.0001,0.92,130288.000000000,0.156103943,1
input-150.tsp,359,4500,0.98,0.0001,0.92,131817.732910156,0.169575508,1
input-150.tsp,360,4500,0.98,0.0001,0.92,133377.331054688,0.163952749,1
input-150.tsp,361,4500,0.98,0.0001,0.92,133504.000000000,0.172055046,1
input-150.tsp,362,4500,0.98,0.0001,0.92,132792.000000000,0.162670222,1
input-150.tsp,363,4500,0.98,0.0001,0.92,131315.000000000,0.148057486,1
input-150.tsp,364,4500,0.98,0.0001,0.92,131392.000000000,0.164534087,1
input-150.tsp,365,4500,0.98,0.0001,0.92,130048.000000000,0.157333229,1
input-150.tsp,366,4500,0.98,0.0001,0.92,133184.500000000,0.153924996,1
input-150.tsp,367,4500,0.98,0.0001,0.92,131392.000000000,0.178698129,1
input-150.tsp,368,4500,0.98,0.0001,0.92,130560.000000000,0.168116847,1
input-150.tsp,369,4500,0.98,0.0001,0.92,132352.892578125,0.163619220,1
input-150.tsp,370,4500,0.98,0.0001,0.92,133184.000000000,0.165044552,1
input-150.tsp,371,4500,0.98,0.0001,0.92,130420.000000000,33759.792335951,0
input-150.tsp,372,4500,0.98,0.0001,0.92,131538.000000000,0.165448650,1
input-150.tsp,373,4500,0.98,0.0001,0.92,132492.000000000,0.173202074,1
input-150.tsp,375,4500,0.98,0.0001,0.92,126976.000000000,0.153128382,1
input-150.tsp,376,4500,0.98,0.0001,0.92,133264.000000000,0.181416914,1
input-150.tsp,374,4500,0.98,0.0001,0.92,131084.000000000,0.145906225,1
input-150.tsp,377,4500,0.98,0.0001,0.92,131136.000000000,0.148867320,1
input-150.tsp,378,4500,0.98,0.0001,0.92,132096.000000000,0.177357376,1
input-150.tsp,379,4500,0.98,0.0001,0.92,131780.000000000,0.176010591,1
input-150.tsp,381,4500,0.98,0.0001,0.92,129850.875000000,0.169377601,1
input-150.tsp,380,4500,0.98,0.0001,0.92,130560.000000000,0.164912925,1
input-150.tsp,383,4500,0.98,0.0001,0.92,132366.750000000,0.150125660,1
input-150.tsp,384,4500,0.98,0.0001,0.92,130048.000000000,0.170313555,1
input-150.tsp,382,4500,0.98,0.0001,0.92,129654.000000000,0.149782578,1
input-150.tsp,385,4500,0.98,0.0001,0.92,130752.000000000,0.146356766,1
input-150.tsp,386,4500,0.98,0.0001,0.92,132352.000000000,0.167400860,1
input-150.tsp,387,4500,0.98,0.0001,0.92,130242.000000000,0.152133123,1
input-150.tsp,388,4500,0.98,0.0001,0.92,132225.734375000,0.159524321,1
input-150.tsp,389,4500,0.98,0.0001,0.92,135168.000000000,0.156175620,1
input-150.tsp,391,4500,0.98,0.0001,0.92,128768.000000000,0.173118881,1
input-150.tsp,390,4500,0.98,0.0001,0.92,126976.000000000,0.167416529,1
input-150.tsp,392,4500,0.98,0.0001,0.92,132112.000000000,0.152619827,1
input-150.tsp,393,4500,0.98,0.0001,0.92,129752.000000000,0.170907476,1
input-150.tsp,394,4500,0.98,0.0001,0.92,128896.000000000,0.158135833,1
input-150.tsp,395,4500,0.98,0.0001,0.92,133136.000000000,33759.787753520,0
input-150.tsp,396,4500,0.98,0.0001,0.92,132432.000000000,0.174640149,1
input-150.tsp,397,4500,0.98,0.0001,0.92,132096.000000000,0.167084157,1
input-150.tsp,398,4500,0.98,0.0001,0.92,131584.000000000,0.174252748,1
input-150.tsp,399,4500,0.98,0.0001,0.92,128896.000000000,0.149526049,1
input-150.tsp,400,4500,0.98,0.0001,0.92,133248.000000000,33759.801141180,0
input-150.tsp,401,4500,0.98,0.0001,0.92,131344.000000000,0.174414219,1
input-150.tsp,402,4500,0.98,0.0001,0.92,133120.000000000,0.161036579,1
input-150.tsp,403,4500,0.98,0.0001,0.92,132096.000000000,0.151120330,1
input-150.tsp,404,4500,0.98,0.0001,0.92,135202.500488281,0.180163294,1
input-150.tsp,406,4500,0.98,0.0001,0.92,132352.000000000,0.166640378,1
input-150.tsp,405,4500,0.98,0.0001,0.92,130528.000000000,0.164912461,1
input-150.tsp,407,4500,0.98,0.0001,0.92,133184.000000000,0.176486356,1
input-150.tsp,408,4500,0.98,0.0001,0.92,128000.000000000,0.175281190,1
input-150.tsp,409,4500,0.98,0.0001,0.92,132240.000000000,0.165296700,1
input-150.tsp,411,4500,0.98,0.0001,0.92,132096.000000000,0.168874932,1
input-150.tsp,410,4500,0.98,0.0001,0.92,130048.000000000,0.166964328,1
input-150.tsp,412,4500,0.98,0.0001,0.92,135232.039062500,0.156467690,1
input-150.tsp,413,4500,0.98,0.0001,0.92,132200.500000000,0.173690289,1
input-150.tsp,414,4500,0.98,0.0001,0.92,135169.000000000,33759.807025729,0
input-150.tsp,415,4500,0.98,0.0001,0.92,133640.000000000,0.173129061,1
input-150.tsp,416,4500,0.98,0.0001,0.92,130560.000000000,0.160605945,1
input-150.tsp,417,4500,0.98,0.0001,0.92,126976.000000000,0.156994940,1
input-150.tsp,418,4500,0.98,0.0001,0.92,131136.000000000,0.163980068,1
input-150.tsp,419,4500,0.98,0.0001,0.92,132096.000000000,0.151905099,1
input-150.tsp,420,4500,0.98,0.0001,0.92,130560.000000000,0.158401290,1
input-150.tsp,422,4500,0.98,0.0001,0.92,131496.179687500,0.166427198,1
input-150.tsp,421,4500,0.98,0.0001,0.92,133680.000000000,0.147082428,1
input-150.tsp,423,4500,0.98,0.0001,0.92,133120.000000000,0.158486071,1
input-150.tsp,424,4500,0.98,0.0001,0.92,133312.510253906,0.171387984,1
input-150.tsp,425,4500,0.98,0.0001,0.92,126976.000000000,0.159058910,1
input-150.tsp,426,4500,0.98,0.0001,0.92,133120.000000000,0.159390449,1
input-150.tsp,427,4500,0.98,0.0001,0.92,131914.250000000,0.163011982,1
input-150.tsp,428,4500,0.98,0.0001,0.92,129536.000000000,0.159794639,1
input-150.tsp,429,4500,0.98,0.0001,0.92,130130.875000000,0.170546084,1
input-150.tsp,430,4500,0.98,0.0001,0.92,132608.000000000,0.165882579,1
input-150.tsp,431,4500,0.98,0.0001,0.92,132096.000000000,0.173643983,1
input-150.tsp,432,4500,0.98,0.0001,0.92,132624.000000000,0.166773408,1
input-150.tsp,433,4500,0.98,0.0001,0.92,128864.000000000,0.166806473,1
input-150.tsp,434,4500,0.98,0.0001,0.92,130048.000000000,0.164577382,1
input-150.tsp,435,4500,0.98,0.0001,0.92,131287.000000000,0.164804981,1
input-150.tsp,436,4500,0.98,0.0001,0.92,133120.000000000,0.165961996,1
input-150.tsp,438,4500,0.98,0.0001,0.92,131232.000000000,0.148351155,1
input-150.tsp,437,4500,0.98,0.0001,0.92,131034.193359375,0.163182441,1
input-150.tsp,439,4500,0.98,0.0001,0.92,132254.500000000,0.160902707,1
input-150.tsp,440,4500,0.98,0.0001,0.92,133120.000000000,0.165163871,1
input-150.tsp,442,4500,0.98,0.0001,0.92,132096.000000000,0.168859779,1
input-150.tsp,441,4500,0.98,0.0001,0.92,133296.000000000,0.171667750,1
input-150.tsp,443,4500,0.98,0.0001,0.92,133376.000000000,0.147614278,1
input-150.tsp,445,4500,0.98,0.0001,0.92,129024.000000000,0.163780181,1
input-150.tsp,444,4500,0.98,0.0001,0.92,131083.640625000,0.157028787,1
input-150.tsp,446,4500,0.98,0.0001,0.92,130043.000000000,0.159822494,1
input-150.tsp,448,4500,0.98,0.0001,0.92,129024.000000000,0.168893475,1
input-150.tsp,447,4500,0.98,0.0001,0.92,130864.000000000,0.154652840,1
input-150.tsp,449,4500,0.98,0.0001,0.92,132096.000000000,0.169971546,1
input-150.tsp,450,4500,0.98,0.0001,0.92,130782.750000000,0.161620852,1
input-150.tsp,451,4500,0.98,0.0001,0.92,131584.000000000,0.155883519,1
input-150.tsp,453,4500,0.98,0.0001,0.92,132548.000000000,0.161415773,1
input-150.tsp,452,4500,0.98,0.0001,0.92,130496.000000000,0.168007110,1
input-150.tsp,455,4500,0.98,0.0001,0.92,131328.000000000,0.172130533,1
input-150.tsp,454,4500,0.98,0.0001,0.92,132248.017578125,20966.616679763,0
input-150.tsp,456,4500,0.98,0.0001,0.92,130495.875000000,0.158063027,1
input-150.tsp,457,4500,0.98,0.0001,0.92,135169.000000000,0.165674651,1
input-150.tsp,460,4500,0.98,0.0001,0.92,133120.000000000,0.167157240,1
input-150.tsp,459,4500,0.98,0.0001,0.92,133216.000000000,0.163538813,1
input-150.tsp,458,4500,0.98,0.0001,0.92,132608.000000000,0.177844328,1
input-150.tsp,461,4500,0.98,0.0001,0.92,130816.000000000,33759.795288072,0
input-150.tsp,463,4500,0.98,0.0001,0.92,131456.000000000,0.165689949,1
input-150.tsp,462,4500,0.98,0.0001,0.92,130532.000000000,0.177725094,1
input-150.tsp,464,4500,0.98,0.0001,0.92,127995.998535156,0.162899592,1
input-150.tsp,465,4500,0.98,0.0001,0.92,133120.250000000,0.164104190,1
input-150.tsp,468,4500,0.98,0.0001,0.92,130560.000000000,0.171617179,1
input-150.tsp,466,4500,0.98,0.0001,0.92,132704.000000000,0.154705470,1
input-150.tsp,467,4500,0.98,0.0001,0.92,130944.000000000,0.176682147,1
input-150.tsp,469,4500,0.98,0.0001,0.92,131550.000000000,0.160031577,1
input-150.tsp,470,4500,0.98,0.0001,0.92,130356.500000000,0.171847486,1
input-150.tsp,471,4500,0.98,0.0001,0.92,132096.000000000,0.166832943,1
input-150.tsp,472,4500,0.98,0.0001,0.92,132281.562988281,0.159583511,1
input-150.tsp,473,4500,0.98,0.0001,0.92,131304.000000000,0.172161895,1
input-150.tsp,474,4500,0.98,0.0001,0.92,130048.000000000,0.154999730,1
input-150.tsp,475,4500,0.98,0.0001,0.92,132096.000000000,0.165853656,1
input-150.tsp,476,4500,0.98,0.0001,0.92,131328.000000000,0.155853381,1
input-150.tsp,477,4500,0.98,0.0001,0.92,135168.000000000,0.164155315,1
input-150.tsp,479,4500,0.98,0.0001,0.92,133632.000000000,0.153590481,1
input-150.tsp,478,4500,0.98,0.0001,0.92,133384.250000000,0.168111139,1
input-150.tsp,480,4500,0.98,0.0001,0.92,130656.000000000,0.165266979,1
input-150.tsp,482,4500,0.98,0.0001,0.92,126960.000000000,0.159125879,1
input-150.tsp,483,4500,0.98,0.0001,0.92,133120.000000000,0.152686225,1
input-150.tsp,481,4500,0.98,0.0001,0.92,132352.000000000,0.165672038,1
input-150.tsp,484,4500,0.98,0.0001,0.92,130048.000000000,0.157772901,1
input-150.tsp,485,4500,0.98,0.0001,0.92,132097.000000000,0.167679496,1
input-150.tsp,486,4500,0.98,0.0001,0.92,131208.165527344,33760.095333427,0
input-150.tsp,487,4500,0.98,0.0001,0.92,133184.000000000,0.163593664,1
input-150.tsp,488,4500,0.98,0.0001,0.92,131584.000000000,0.156564579,1
input-150.tsp,489,4500,0.98,0.0001,0.92,128884.000000000,0.166682442,1
input-150.tsp,490,4500,0.98,0.0001,0.92,131328.000000000,0.156988362,1
input-150.tsp,491,4500,0.98,0.0001,0.92,132600.000000000,0.169951416,1
input-150.tsp,492,4500,0.98,0.0001,0.92,131968.000000000,0.164208363,1
input-150.tsp,493,4500,0.98,0.0001,0.92,130048.000000000,0.174207393,1
input-150.tsp,494,4500,0.98,0.0001,0.92,129024.000000000,33760.112537000,0
input-150.tsp,495,4500,0.98,0.0001,0.92,133125.000000000,0.155209109,1
input-150.tsp,496,4500,0.98,0.0001,0.92,135168.000000000,0.157133543,1
input-150.tsp,499,4500,0.98,0.0001,0.92,129012.000000000,0.163104448,1
input-150.tsp,498,4500,0.98,0.0001,0.92,132172.000000000,0.146581185,1
input-150.tsp,497,4500,0.98,0.0001,0.92,129725.000000000,0.164900628,1
input-150.tsp,500,4500,0.98,0.0001,0.92,128946.937500000,0.171461399,1
input-150.tsp,501,4500,0.98,0.0001,0.92,129522.718750000,0.154714131,1
input-150.tsp,502,4500,0.98,0.0001,0.92,132800.002441406,0.166138640,1
input-150.tsp,503,4500,0.98,0.0001,0.92,132096.000000000,0.182606805,1
input-150.tsp,504,4500,0.98,0.0001,0.92,132557.000000000,0.152249543,1
input-150.tsp,505,4500,0.98,0.0001,0.92,131296.000000000,0.163178549,1
input-150.tsp,507,4500,0.98,0.0001,0.92,130560.000000000,0.168319821,1
input-150.tsp,506,4500,0.98,0.0001,0.92,131520.093750000,0.173233845,1
input-150.tsp,508,4500,0.98,0.0001,0.92,131152.000000000,0.175592883,1
input-150.tsp,510,4500,0.98,0.0001,0.92,133195.562500000,33759.804251829,0
input-150.tsp,509,4500,0.98,0.0001,0.92,133120.000000000,0.146600549,1
input-150.tsp,511,4500,0.98,0.0001,0.92,131056.000000000,0.154022485,1
input-150.tsp,512,4500,0.98,0.0001,0.92,133560.000000000,0.162864688,1
input-150.tsp,513,4500,0.98,0.0001,0.92,130048.000000000,0.161437877,1
input-150.tsp,514,4500,0.98,0.0001,0.92,132096.000000000,0.177299888,1
input-150.tsp,515,4500,0.98,0.0001,0.92,129909.855957031,0.187655644,1
input-150.tsp,2980,4500,0.98,1e-05,0.92,133120.500000000,0.174384839,1
input-150.tsp,2981,4500,0.98,1e-05,0.92,132040.000000000,0.149994084,1
input-150.tsp,2982,4500,0.98,1e-05,0.92,131128.000000000,0.150811289,1
input-150.tsp,2979,4500,0.98,1e-05,0.92,133256.000000000,0.172498055,1
input-150.tsp,2978,4500,0.98,1e-05,0.92,133120.000000000,0.164474511,1
input-150.tsp,2983,4500,0.98,1e-05,0.92,131616.000000000,0.147592507,1
input-150.tsp,2984,4500,0.98,1e-05,0.92,130816.000000000,0.150451024,1
input-150.tsp,2985,4500,0.98,1e-05,0.92,131840.000000000,0.149415030,1
input-150.tsp,2986,4500,0.98,1e-05,0.92,129664.000000000,0.166918015,1
input-150.tsp,2989,4500,0.98,1e-05,0.92,130560.000000000,0.164981281,1
input-150.tsp,2990,4500,0.98,1e-05,0.92,132608.002441406,0.166168891,1
input-150.tsp,2988,4500,0.98,1e-05,0.92,130494.875000000,0.168183919,1
input-150.tsp,2987,4500,0.98,1e-05,0.92,132096.000000000,0.159431979,1
input-150.tsp,2991,4500,0.98,1e-05,0.92,131648.000000000,0.170443413,1
input-150.tsp,2993,4500,0.98,1e-05,0.92,135184.000000000,0.165418895,1
input-150.tsp,2992,4500,0.98,1e-05,0.92,132096.000000000,0.151508671,1
input-150.tsp,2995,4500,0.98,1e-05,0.92,133120.000000000,0.175819085,1
input-150.tsp,2998,4500,0.98,1e-05,0.92,130048.000000000,0.145008671,1
input-150.tsp,2996,4500,0.98,1e-05,0.92,135296.000000000,0.158433504,1
input-150.tsp,2997,4500,0.98,1e-05,0.92,129024.000000000,33759.798109445,0
input-150.tsp,2994,4500,0.98,1e-05,0.92,131456.000000000,0.169809487,1
input-150.tsp,2999,4500,0.98,1e-05,0.92,129536.000000000,0.155837303,1
input-150.tsp,3000,4500,0.98,1e-05,0.92,135168.000488281,0.155138655,1
input-150.tsp,3001,4500,0.98,1e-05,0.92,132224.000000000,0.154372884,1
input-150.tsp,3002,4500,0.98,1e-05,0.92,132096.000000000,0.154933517,1
input-150.tsp,3006,4500,0.98,1e-05,0.92,135168.000000000,0.158790953,1
input-150.tsp,3003,4500,0.98,1e-05,0.92,133120.000000000,0.161479985,1
input-150.tsp,3004,4500,0.98,1e-05,0.92,131008.000000000,0.167051794,1
input-150.tsp,3005,4500,0.98,1e-05,0.92,128000.000000000,0.166488561,1
input-150.tsp,3007,4500,0.98,1e-05,0.92,135168.000000000,0.162434372,1
input-150.tsp,3008,4500,0.98,1e-05,0.92,135172.000488281,0.163194736,1
input-150.tsp,3009,4500,0.98,1e-05,0.92,131488.000000000,0.155963809,1
input-150.tsp,3010,4500,0.98,1e-05,0.92,130048.000000000,0.167844491,1
input-150.tsp,3011,4500,0.98,1e-05,0.92,132096.000000000,0.151818136,1
input-150.tsp,3014,4500,0.98,1e-05,0.92,132233.012695312,0.150981269,1
input-150.tsp,3013,4500,0.98,1e-05,0.92,126976.000000000,0.148318261,1
input-150.tsp,3012,4500,0.98,1e-05,0.92,131796.593750000,0.149077349,1
input-150.tsp,3015,4500,0.98,1e-05,0.92,131684.500000000,0.156350725,1
input-150.tsp,3017,4500,0.98,1e-05,0.92,129024.000000000,0.169282570,1
input-150.tsp,3016,4500,0.98,1e-05,0.92,129712.000000000,0.170113799,1
input-150.tsp,3019,4500,0.98,1e-05,0.92,135168.000000000,0.168905461,1
input-150.tsp,3018,4500,0.98,1e-05,0.92,131640.015625000,0.165948789,1
input-150.tsp,3020,4500,0.98,1e-05,0.92,132096.000000000,33759.799563979,0
input-150.tsp,3022,4500,0.98,1e-05,0.92,133136.000000000,0.169244894,1
input-150.tsp,3021,4500,0.98,1e-05,0.92,130096.000000000,0.173249057,1
input-150.tsp,3023,4500,0.98,1e-05,0.92,132096.000000000,0.166996318,1
input-150.tsp,3025,4500,0.98,1e-05,0.92,131328.000000000,0.149811053,1
input-150.tsp,3024,4500,0.98,1e-05,0.92,135168.000000000,0.163892393,1
input-150.tsp,3026,4500,0.98,1e-05,0.92,132096.000000000,0.165815348,1
input-150.tsp,3027,4500,0.98,1e-05,0.92,135168.000000000,0.177951249,1
input-150.tsp,3028,4500,0.98,1e-05,0.92,131632.000000000,0.167556186,1
input-150.tsp,3029,4500,0.98,1e-05,0.92,133184.000000000,0.160470828,1
input-150.tsp,3030,4500,0.98,1e-05,0.92,135296.000000000,0.148686060,1
input-150.tsp,3031,4500,0.98,1e-05,0.92,132154.000000000,0.156852586,1
input-150.tsp,3032,4500,0.98,1e-05,0.92,131152.000000000,0.164703475,1
input-150.tsp,3033,4500,0.98,1e-05,0.92,135168.000000000,33759.800308391,0
input-150.tsp,3034,4500,0.98,1e-05,0.92,132352.000000000,0.166510713,1
input-150.tsp,3035,4500,0.98,1e-05,0.92,133120.000000000,0.163464981,1
input-150.tsp,3036,4500,0.98,1e-05,0.92,131424.000000000,0.170373036,1
input-150.tsp,3037,4500,0.98,1e-05,0.92,129024.000000000,0.168038483,1
input-150.tsp,3038,4500,0.98,1e-05,0.92,132456.000488281,0.151522669,1
input-150.tsp,3039,4500,0.98,1e-05,0.92,130048.000000000,0.159265237,1
input-150.tsp,3040,4500,0.98,1e-05,0.92,129023.000000000,0.164965275,1
input-150.tsp,3041,4500,0.98,1e-05,0.92,133410.504394531,0.166672540,1
input-150.tsp,3042,4500,0.98,1e-05,0.92,131474.000000000,0.173312586,1
input-150.tsp,3043,4500,0.98,1e-05,0.92,130804.000000000,0.158285690,1
input-150.tsp,3044,4500,0.98,1e-05,0.92,132320.000000000,0.176676604,1
input-150.tsp,3045,4500,0.98,1e-05,0.92,132096.000000000,0.164944397,1
input-150.tsp,3046,4500,0.98,1e-05,0.92,131089.836425781,0.166568866,1
input-150.tsp,3047,4500,0.98,1e-05,0.92,133248.000000000,0.148765097,1
input-150.tsp,3048,4500,0.98,1e-05,0.92,133632.000000000,0.158505698,1
input-150.tsp,3049,4500,0.98,1e-05,0.92,133120.000000000,0.162005154,1
input-150.tsp,3050,4500,0.98,1e-05,0.92,132288.000000000,0.176220174,1
input-150.tsp,3051,4500,0.98,1e-05,0.92,127950.466796875,0.170850064,1
input-150.tsp,3052,4500,0.98,1e-05,0.92,134144.000000000,0.155952611,1
input-150.tsp,3053,4500,0.98,1e-05,0.92,128251.500000000,0.165582120,1
input-150.tsp,3054,4500,0.98,1e-05,0.92,133124.328125000,0.159433455,1
input-150.tsp,3055,4500,0.98,1e-05,0.92,129471.498535156,0.180844306,1
input-150.tsp,3056,4500,0.98,1e-05,0.92,133908.001953125,0.154630409,1
input-150.tsp,3057,4500,0.98,1e-05,0.92,131866.625000000,0.163869636,1
input-150.tsp,3058,4500,0.98,1e-05,0.92,131456.000000000,0.162246164,1
input-150.tsp,3059,4500,0.98,1e-05,0.92,130272.000000000,0.162323576,1
input-150.tsp,3060,4500,0.98,1e-05,0.92,129856.000000000,0.173047464,1
input-150.tsp,3061,4500,0.98,1e-05,0.92,132352.000000000,0.150624070,1
input-150.tsp,3062,4500,0.98,1e-05,0.92,133120.000000000,0.159381133,1
input-150.tsp,3063,4500,0.98,1e-05,0.92,132416.000000000,0.158045417,1
input-150.tsp,3064,4500,0.98,1e-05,0.92,132224.000000000,0.163725743,1
input-150.tsp,3065,4500,0.98,1e-05,0.92,133120.000000000,0.167895716,1
input-150.tsp,3066,4500,0.98,1e-05,0.92,133632.000000000,0.164315551,1
input-150.tsp,3067,4500,0.98,1e-05,0.92,133120.000000000,0.157003016,1
input-150.tsp,3068,4500,0.98,1e-05,0.92,139264.000488281,41081.378145591,0
input-150.tsp,3069,4500,0.98,1e-05,0.92,135168.125000000,0.170974857,1
input-150.tsp,3070,4500,0.98,1e-05,0.92,131328.000000000,0.172456947,1
input-150.tsp,3071,4500,0.98,1e-05,0.92,133120.000000000,0.179491474,1
input-150.tsp,3072,4500,0.98,1e-05,0.92,133120.000000000,0.170959294,1
input-150.tsp,3073,4500,0.98,1e-05,0.92,133249.015625000,0.151706111,1
input-150.tsp,3075,4500,0.98,1e-05,0.92,132657.343750000,0.151546091,1
input-150.tsp,3076,4500,0.98,1e-05,0.92,134144.000000000,33759.790775609,0
input-150.tsp,3074,4500,0.98,1e-05,0.92,134160.007812500,0.169467765,1
input-150.tsp,3077,4500,0.98,1e-05,0.92,130870.542968750,0.166513693,1
input-150.tsp,3078,4500,0.98,1e-05,0.92,132132.000000000,0.172950172,1
input-150.tsp,3079,4500,0.98,1e-05,0.92,130042.000000000,0.169154962,1
input-150.tsp,3080,4500,0.98,1e-05,0.92,132352.000000000,0.157259108,1
input-150.tsp,3081,4500,0.98,1e-05,0.92,137216.000000000,33759.812672550,0
input-150.tsp,3082,4500,0.98,1e-05,0.92,131232.000000000,0.154343905,1
input-150.tsp,3084,4500,0.98,1e-05,0.92,131712.000000000,0.148964998,1
input-150.tsp,3083,4500,0.98,1e-05,0.92,132096.000000000,0.165961655,1
input-150.tsp,3086,4500,0.98,1e-05,0.92,134144.000000000,33759.795056783,0
input-150.tsp,3085,4500,0.98,1e-05,0.92,133122.502929688,0.165394389,1
input-150.tsp,3087,4500,0.98,1e-05,0.92,133376.000000000,0.171687817,1
input-150.tsp,3088,4500,0.98,1e-05,0.92,130688.000000000,0.161201641,1
input-150.tsp,3089,4500,0.98,1e-05,0.92,130368.000000000,0.169350326,1
input-150.tsp,3090,4500,0.98,1e-05,0.92,133632.000000000,0.163602965,1
input-150.tsp,3091,4500,0.98,1e-05,0.92,132608.000000000,0.162177185,1
input-150.tsp,3092,4500,0.98,1e-05,0.92,129736.000000000,0.182148564,1
input-150.tsp,3093,4500,0.98,1e-05,0.92,139264.000000000,0.178131761,1
input-150.tsp,3094,4500,0.98,1e-05,0.92,133120.000000000,0.166296401,1
input-150.tsp,3095,4500,0.98,1e-05,0.92,135168.000000000,0.168831270,1
input-150.tsp,3096,4500,0.98,1e-05,0.92,130048.000000000,0.153198496,1
input-150.tsp,3097,4500,0.98,1e-05,0.92,132504.000000000,0.146873023,1
input-150.tsp,3100,4500,0.98,1e-05,0.92,133120.000000000,33759.799608585,0
input-150.tsp,3099,4500,0.98,1e-05,0.92,133120.000000000,0.164484910,1
input-150.tsp,3098,4500,0.98,1e-05,0.92,131328.000000000,0.166005798,1
input-150.tsp,3101,4500,0.98,1e-05,0.92,129536.000000000,0.154069294,1
input-150.tsp,3102,4500,0.98,1e-05,0.92,131104.000000000,0.173054160,1
input-150.tsp,3103,4500,0.98,1e-05,0.92,131268.000000000,0.184932429,1
input-150.tsp,3104,4500,0.98,1e-05,0.92,133120.000000000,41081.375469790,0
input-150.tsp,3105,4500,0.98,1e-05,0.92,131000.000000000,0.157295473,1
input-150.tsp,3106,4500,0.98,1e-05,0.92,131584.000000000,0.164926073,1
input-150.tsp,3107,4500,0.98,1e-05,0.92,132097.250000000,0.166824302,1
input-150.tsp,3108,4500,0.98,1e-05,0.92,132096.000000000,33759.786076065,0
input-150.tsp,3109,4500,0.98,1e-05,0.92,131844.000000000,0.174398339,1
input-150.tsp,3110,4500,0.98,1e-05,0.92,131858.500000000,0.167924354,1
input-150.tsp,3111,4500,0.98,1e-05,0.92,131136.000000000,0.161801669,1
input-150.tsp,3112,4500,0.98,1e-05,0.92,129024.000000000,0.153525158,1
input-150.tsp,3113,4500,0.98,1e-05,0.92,128768.000000000,0.162252356,1
input-150.tsp,3114,4500,0.98,1e-05,0.92,133248.000000000,41081.389786510,0
input-150.tsp,3115,4500,0.98,1e-05,0.92,136194.000000000,0.166149414,1
input-150.tsp,3117,4500,0.98,1e-05,0.92,132204.000000000,0.170175480,1
input-150.tsp,3116,4500,0.98,1e-05,0.92,131968.000000000,0.169085677,1
input-150.tsp,3118,4500,0.98,1e-05,0.92,131144.687988281,0.163325512,1
input-150.tsp,3119,4500,0.98,1e-05,0.92,128896.000000000,0.169605659,1
input-150.tsp,3120,4500,0.98,1e-05,0.92,131200.000000000,0.147562776,1
input-150.tsp,3121,4500,0.98,1e-05,0.92,133632.000000000,0.176097642,1
input-150.tsp,3122,4500,0.98,1e-05,0.92,129856.000000000,0.170482478,1
input-150.tsp,3123,4500,0.98,1e-05,0.92,128480.000000000,0.176801399,1
input-150.tsp,3125,4500,0.98,1e-05,0.92,126976.000000000,0.172886870,1
input-150.tsp,3124,4500,0.98,1e-05,0.92,130816.000000000,0.174883380,1
input-150.tsp,3126,4500,0.98,1e-05,0.92,132096.000000000,0.158982311,1
input-150.tsp,3127,4500,0.98,1e-05,0.92,130232.000000000,0.159097461,1
input-150.tsp,3128,4500,0.98,1e-05,0.92,132104.000000000,0.159169077,1
input-150.tsp,3129,4500,0.98,1e-05,0.92,132160.000000000,0.151638442,1
input-150.tsp,3130,4500,0.98,1e-05,0.92,135168.000000000,0.158544659,1
input-150.tsp,3131,4500,0.98,1e-05,0.92,130048.000000000,0.168316357,1
input-150.tsp,3132,4500,0.98,1e-05,0.92,132096.000000000,0.172380644,1
input-150.tsp,3133,4500,0.98,1e-05,0.92,133408.250000000,0.176072547,1
input-150.tsp,3134,4500,0.98,1e-05,0.92,130816.000000000,0.156235205,1
input-150.tsp,3135,4500,0.98,1e-05,0.92,126943.999511719,0.162117495,1
input-150.tsp,3136,4500,0.98,1e-05,0.92,131840.000000000,0.179481191,1
input-150.tsp,3137,4500,0.98,1e-05,0.92,132640.000000000,0.167877605,1
input-150.tsp,3138,4500,0.98,1e-05,0.92,132616.000000000,41081.368015856,0
input-150.tsp,3139,4500,0.98,1e-05,0.92,132246.000000000,0.163638764,1
input-150.tsp,3141,4500,0.98,1e-05,0.92,130682.000000000,0.169155567,1
input-150.tsp,3140,4500,0.98,1e-05,0.92,130813.687500000,0.144423349,1
input-150.tsp,3142,4500,0.98,1e-05,0.92,133120.000000000,0.173935584,1
input-150.tsp,3143,4500,0.98,1e-05,0.92,129024.000000000,0.168562069,1
input-150.tsp,3144,4500,0.98,1e-05,0.92,131322.000000000,0.164079713,1
input-150.tsp,3145,4500,0.98,1e-05,0.92,131831.006347656,0.169671128,1
input-150.tsp,3146,4500,0.98,1e-05,0.92,130304.000000000,0.171171304,1
input-150.tsp,3147,4500,0.98,1e-05,0.92,128959.250000000,0.163372070,1
input-150.tsp,3148,4500,0.98,1e-05,0.92,133056.000000000,0.154316585,1
input-150.tsp,3149,4500,0.98,1e-05,0.92,131392.000000000,0.167869356,1
input-150.tsp,3150,4500,0.98,1e-05,0.92,131648.000000000,0.172175914,1
input-150.tsp,3152,4500,0.98,1e-05,0.92,129016.000000000,0.168228751,1
input-150.tsp,3151,4500,0.98,1e-05,0.92,129024.000000000,0.155660755,1
input-150.tsp,3153,4500,0.98,1e-05,0.92,130048.000000000,0.172670397,1
input-150.tsp,3154,4500,0.98,1e-05,0.92,131880.000000000,0.166111257,1
input-150.tsp,3156,4500,0.98,1e-05,0.92,126976.000000000,0.161675433,1
input-150.tsp,3155,4500,0.98,1e-05,0.92,132433.000000000,41081.367326678,0
input-150.tsp,3157,4500,0.98,1e-05,0.92,130688.000000000,0.177957184,1
input-150.tsp,3158,4500,0.98,1e-05,0.92,132096.000000000,0.177763215,1
input-150.tsp,3159,4500,0.98,1e-05,0.92,135168.000000000,0.157751157,1
input-150.tsp,3160,4500,0.98,1e-05,0.92,133120.008789062,0.172497383,1
input-150.tsp,3161,4500,0.98,1e-05,0.92,132676.000000000,0.145711185,1
input-150.tsp,3162,4500,0.98,1e-05,0.92,131424.000000000,0.153245637,1
input-150.tsp,3163,4500,0.98,1e-05,0.92,133120.000000000,0.150718220,1
input-150.tsp,3164,4500,0.98,1e-05,0.92,135170.281250000,0.155519804,1
input-150.tsp,3165,4500,0.98,1e-05,0.92,131288.000000000,0.152002210,1
input-150.tsp,3166,4500,0.98,1e-05,0.92,131784.000000000,0.172102284,1
input-150.tsp,3168,4500,0.98,1e-05,0.92,130495.000000000,0.166258797,1
input-150.tsp,3167,4500,0.98,1e-05,0.92,131200.000000000,0.150779179,1
input-150.tsp,3169,4500,0.98,1e-05,0.92,132096.000000000,0.166644074,1
input-150.tsp,3170,4500,0.98,1e-05,0.92,134400.000000000,0.153607176,1
input-150.tsp,3171,4500,0.98,1e-05,0.92,131584.000000000,0.165114639,1
input-150.tsp,3172,4500,0.98,1e-05,0.92,129959.000000000,0.177580727,1
input-150.tsp,3173,4500,0.98,1e-05,0.92,135424.062988281,0.173695402,1
input-150.tsp,3174,4500,0.98,1e-05,0.92,128960.000000000,0.170115372,1
input-150.tsp,3175,4500,0.98,1e-05,0.92,128926.000000000,0.167910640,1
input-150.tsp,3176,4500,0.98,1e-05,0.92,132144.082031250,0.151413648,1
input-150.tsp,3177,4500,0.98,1e-05,0.92,130880.000000000,0.167149005,1
input-150.tsp,3178,4500,0.98,1e-05,0.92,132256.000000000,41081.371102166,0
input-150.tsp,3180,4500,0.98,1e-05,0.92,129884.851562500,0.160191813,1
input-150.tsp,3179,4500,0.98,1e-05,0.92,131080.000000000,0.153083734,1
input-150.tsp,3181,4500,0.98,1e-05,0.92,131128.000000000,0.175070544,1
input-150.tsp,3182,4500,0.98,1e-05,0.92,132096.000000000,0.167902224,1
input-150.tsp,3183,4500,0.98,1e-05,0.92,130816.000000000,0.163888967,1
input-150.tsp,3185,4500,0.98,1e-05,0.92,133152.000000000,0.149065552,1
input-150.tsp,3184,4500,0.98,1e-05,0.92,126976.000000000,0.174314915,1
input-150.tsp,3186,4500,0.98,1e-05,0.92,130560.000000000,0.524888196,1
input-150.tsp,3188,4500,0.98,1e-05,0.92,129024.000000000,0.164465256,1
input-150.tsp,3187,4500,0.98,1e-05,0.92,129024.000000000,0.154661451,1
input-150.tsp,3189,4500,0.98,1e-05,0.92,130745.719238281,0.166375714,1
input-150.tsp,3190,4500,0.98,1e-05,0.92,131475.562500000,0.184878289,1
input-150.tsp,3193,4500,0.98,1e-05,0.92,129024.000000000,0.155034255,1
input-150.tsp,3191,4500,0.98,1e-05,0.92,131776.000000000,0.166369987,1
input-150.tsp,3192,4500,0.98,1e-05,0.92,132096.000000000,0.154628963,1
input-150.tsp,3194,4500,0.98,1e-05,0.92,126912.000000000,0.150308650,1
input-150.tsp,3196,4500,0.98,1e-05,0.92,131506.062500000,0.175258422,1
input-150.tsp,3195,4500,0.98,1e-05,0.92,135168.000000000,0.155605954,1
input-150.tsp,3197,4500,0.98,1e-05,0.92,131328.000000000,33759.802977435,0
input-150.tsp,3198,4500,0.98,1e-05,0.92,131623.531250000,0.155104669,1
input-150.tsp,3201,4500,0.98,1e-05,0.92,128959.796386719,0.169832610,1
input-150.tsp,3200,4500,0.98,1e-05,0.92,131328.000000000,0.170409405,1
input-150.tsp,3199,4500,0.98,1e-05,0.92,131600.000000000,0.180877639,1
input-150.tsp,3202,4500,0.98,1e-05,0.92,135168.000976562,0.164383347,1
input-150.tsp,3203,4500,0.98,1e-05,0.92,130912.000000000,0.168031366,1
input-150.tsp,3204,4500,0.98,1e-05,0.92,135168.000000000,0.171902674,1
input-150.tsp,3205,4500,0.98,1e-05,0.92,133514.750000000,0.175445409,1
input-150.tsp,3206,4500,0.98,1e-05,0.92,131584.000000000,0.175905138,1
input-150.tsp,3207,4500,0.98,1e-05,0.92,131328.000000000,0.171037548,1
input-150.tsp,3208,4500,0.98,1e-05,0.92,131085.020019531,0.177176294,1
input-150.tsp,3209,4500,0.98,1e-05,0.92,132385.516113281,0.170709490,1
input-150.tsp,3211,4500,0.98,1e-05,0.92,130624.000000000,0.165162995,1
input-150.tsp,3210,4500,0.98,1e-05,0.92,131687.193847656,0.165406963,1
input-150.tsp,3212,4500,0.98,1e-05,0.92,131123.353515625,0.143885727,1
input-150.tsp,3213,4500,0.98,1e-05,0.92,129536.000000000,0.158774458,1
input-150.tsp,3214,4500,0.98,1e-05,0.92,135168.000488281,0.163279715,1
input-150.tsp,3215,4500,0.98,1e-05,0.92,130304.000000000,33760.098083421,0
input-150.tsp,3216,4500,0.98,1e-05,0.92,133120.000000000,0.171888515,1
input-150.tsp,3217,4500,0.98,1e-05,0.92,129024.000000000,0.164411660,1
input-150.tsp,3219,4500,0.98,1e-05,0.92,135680.016113281,0.159214034,1
input-150.tsp,3218,4500,0.98,1e-05,0.92,133120.000000000,0.143558661,1
input-150.tsp,3220,4500,0.98,1e-05,0.92,130560.000000000,0.162542747,1
input-150.tsp,3221,4500,0.98,1e-05,0.92,131584.000000000,0.146681931,1
input-150.tsp,3222,4500,0.98,1e-05,0.92,134276.000000000,0.158087941,1
input-150.tsp,3223,4500,0.98,1e-05,0.92,132752.000000000,33759.797057469,0
input-150.tsp,3224,4500,0.98,1e-05,0.92,132225.625000000,0.166381695,1
input-150.tsp,3225,4500,0.98,1e-05,0.92,129872.000000000,0.166873334,1
input-150.tsp,3226,4500,0.98,1e-05,0.92,131970.265625000,0.183316165,1
input-150.tsp,3227,4500,0.98,1e-05,0.92,130287.000000000,0.165906597,1
input-150.tsp,3229,4500,0.98,1e-05,0.92,133120.000000000,0.168642114,1
input-150.tsp,3228,4500,0.98,1e-05,0.92,133120.000000000,0.172607513,1
input-150.tsp,3230,4500,0.98,1e-05,0.92,131328.000000000,34352.341337928,0
input-150.tsp,3231,4500,0.98,1e-05,0.92,134208.000000000,0.166138936,1
input-150.tsp,3232,4500,0.98,1e-05,0.92,128512.000000000,0.168797664,1
input-150.tsp,3233,4500,0.98,1e-05,0.92,130048.000000000,0.165637604,1
input-150.tsp,3235,4500,0.98,1e-05,0.92,129024.000000000,0.168124618,1
input-150.tsp,3234,4500,0.98,1e-05,0.92,132272.563476562,0.164997948,1
input-150.tsp,3237,4500,0.98,1e-05,0.92,133696.000000000,0.145546389,1
input-150.tsp,3236,4500,0.98,1e-05,0.92,130080.000000000,0.163676033,1
input-150.tsp,3238,4500,0.98,1e-05,0.92,130800.000000000,0.162277423,1
input-150.tsp,3239,4500,0.98,1e-05,0.92,130540.000000000,0.163095468,1
input-150.tsp,3240,4500,0.98,1e-05,0.92,129536.000000000,0.163647085,1
input-150.tsp,3241,4500,0.98,1e-05,0.92,131200.000000000,0.158977645,1
input-150.tsp,3242,4500,0.98,1e-05,0.92,122880.000000000,0.180743085,1
input-150.tsp,3243,4500,0.98,1e-05,0.92,129024.000000000,0.150088535,1
input-150.tsp,3244,4500,0.98,1e-05,0.92,132224.000000000,0.159504425,1
input-150.tsp,3245,4500,0.98,1e-05,0.92,133152.000000000,0.179764790,1
input-150.tsp,3246,4500,0.98,1e-05,0.92,129697.500000000,0.167664431,1
input-150.tsp,3247,4500,0.98,1e-05,0.92,131584.000000000,0.156538739,1
input-150.tsp,3248,4500,0.98,1e-05,0.92,131132.698730469,0.169526293,1
input-150.tsp,3249,4500,0.98,1e-05,0.92,133120.000000000,0.144346154,1
input-150.tsp,3251,4500,0.98,1e-05,0.92,131520.000000000,33759.804607002,0
input-150.tsp,3250,4500,0.98,1e-05,0.92,131584.000000000,0.152660442,1
input-150.tsp,3252,4500,0.98,1e-05,0.92,128958.750000000,0.171526960,1
input-150.tsp,3253,4500,0.98,1e-05,0.92,131080.000000000,0.182026009,1
input-150.tsp,3254,4500,0.98,1e-05,0.92,131648.000000000,0.150619828,1
input-150.tsp,3255,4500,0.98,1e-05,0.92,134176.000000000,0.145940337,1
input-150.tsp,3256,4500,0.98,1e-05,0.92,133280.000000000,0.174140001,1
input-150.tsp,3257,4500,0.98,1e-05,0.92,129024.000000000,0.163400786,1
input-150.tsp,3258,4500,0.98,1e-05,0.92,128927.500000000,0.167917835,1
input-150.tsp,3259,4500,0.98,1e-05,0.92,128248.000000000,0.167440352,1
input-150.tsp,3260,4500,0.98,1e-05,0.92,133120.000000000,0.169666969,1
input-150.tsp,3261,4500,0.98,1e-05,0.92,130460.884765625,0.161749940,1
input-150.tsp,3262,4500,0.98,1e-05,0.92,130048.000000000,0.162932268,1
input-150.tsp,3263,4500,0.98,1e-05,0.92,132096.000000000,0.166366052,1
input-150.tsp,3264,4500,0.98,1e-05,0.92,130884.000000000,0.167372351,1
input-150.tsp,3265,4500,0.98,1e-05,0.92,129024.000000000,0.171811310,1
input-150.tsp,3266,4500,0.98,1e-05,0.92,130304.000000000,0.166258172,1
input-150.tsp,3267,4500,0.98,1e-05,0.92,129888.000000000,0.166591345,1
input-150.tsp,3268,4500,0.98,1e-05,0.92,132311.000000000,0.160852787,1
input-150.tsp,3269,4500,0.98,1e-05,0.92,133376.000000000,0.175016140,1
input-150.tsp,3270,4500,0.98,1e-05,0.92,127744.000000000,0.156298555,1
input-150.tsp,3271,4500,0.98,1e-05,0.92,133120.000000000,28738.902100785,0
input-150.tsp,3272,4500,0.98,1e-05,0.92,133120.000000000,0.157445243,1
input-150.tsp,3273,4500,0.98,1e-05,0.92,128992.000000000,0.161338606,1
input-150.tsp,3274,4500,0.98,1e-05,0.92,133120.000000000,0.151336087,1
input-150.tsp,3276,4500,0.98,1e-05,0.92,130048.000000000,0.161490052,1
input-150.tsp,3275,4500,0.98,1e-05,0.92,130246.198242188,33759.802379550,0
input-150.tsp,3278,4500,0.98,1e-05,0.92,133376.000000000,0.152023569,1
input-150.tsp,3277,4500,0.98,1e-05,0.92,131296.000000000,0.174187000,1
input-150.tsp,3279,4500,0.98,1e-05,0.92,132071.000000000,0.172218626,1
input-150.tsp,3280,4500,0.98,1e-05,0.92,131232.000000000,0.166368004,1
input-150.tsp,3281,4500,0.98,1e-05,0.92,131203.774902344,0.169006037,1
input-150.tsp,3282,4500,0.98,1e-05,0.92,134144.001953125,0.173931622,1
input-150.tsp,3283,4500,0.98,1e-05,0.92,132580.578125000,0.173772522,1
input-150.tsp,3284,4500,0.98,1e-05,0.92,132800.000000000,0.165207179,1
input-150.tsp,3285,4500,0.98,1e-05,0.92,131136.000000000,0.161529487,1
input-150.tsp,3286,4500,0.98,1e-05,0.92,132425.000000000,0.173522961,1
input-150.tsp,3287,4500,0.98,1e-05,0.92,130560.000000000,0.170360554,1
input-150.tsp,3288,4500,0.98,1e-05,0.92,131382.125000000,0.169032276,1
input-150.tsp,3289,4500,0.98,1e-05,0.92,130560.000000000,0.175921587,1
input-150.tsp,3290,4500,0.98,1e-05,0.92,131299.875000000,0.168118902,1
input-150.tsp,3291,4500,0.98,1e-05,0.92,135168.000000000,0.162822964,1
input-150.tsp,3292,4500,0.98,1e-05,0.92,128512.000000000,0.164001332,1
input-150.tsp,3293,4500,0.98,1e-05,0.92,134145.000000000,0.161060365,1
input-150.tsp,3294,4500,0.98,1e-05,0.92,130688.000000000,0.174511647,1
input-150.tsp,3295,4500,0.98,1e-05,0.92,132096.250000000,0.161172675,1
input-150.tsp,3296,4500,0.98,1e-05,0.92,131912.628417969,0.170096901,1
input-150.tsp,3297,4500,0.98,1e-05,0.92,130560.000000000,0.164548617,1
input-150.tsp,3298,4500,0.98,1e-05,0.92,126976.000000000,0.161474850,1
input-150.tsp,3299,4500,0.98,1e-05,0.92,132288.000000000,0.171687632,1
input-150.tsp,3300,4500,0.98,1e-05,0.92,129920.000000000,0.169175573,1
input-150.tsp,3301,4500,0.98,1e-05,0.92,132096.000000000,0.169728103,1
input-150.tsp,3302,4500,0.98,1e-05,0.92,132167.000000000,0.165808744,1
input-150.tsp,3303,4500,0.98,1e-05,0.92,133120.000000000,0.172059208,1
input-150.tsp,3304,4500,0.98,1e-05,0.92,131483.500000000,33759.792302085,0
input-150.tsp,3305,4500,0.98,1e-05,0.92,131328.000000000,0.160443756,1
input-150.tsp,3306,4500,0.98,1e-05,0.92,132096.000000000,0.168849100,1
input-150.tsp,3308,4500,0.98,1e-05,0.92,128768.000000000,0.162627043,1
input-150.tsp,3307,4500,0.98,1e-05,0.92,131584.000000000,0.164078570,1
input-150.tsp,3309,4500,0.98,1e-05,0.92,132096.000000000,0.175604528,1
input-150.tsp,3310,4500,0.98,1e-05,0.92,131584.000000000,0.164372148,1
input-150.tsp,3311,4500,0.98,1e-05,0.92,135168.000000000,0.149100680,1
input-150.tsp,3312,4500,0.98,1e-05,0.92,132608.000000000,0.156863122,1
input-150.tsp,3313,4500,0.98,1e-05,0.92,131498.250000000,0.163146598,1
input-150.tsp,3314,4500,0.98,1e-05,0.92,129024.000000000,0.157665791,1
input-150.tsp,3315,4500,0.98,1e-05,0.92,135680.000000000,0.167369100,1
input-150.tsp,3316,4500,0.98,1e-05,0.92,132096.000000000,33759.795974610,0
input-150.tsp,3317,4500,0.98,1e-05,0.92,130880.000000000,0.162685574,1
input-150.tsp,3318,4500,0.98,1e-05,0.92,132247.500000000,0.168297647,1
input-150.tsp,3319,4500,0.98,1e-05,0.92,133378.064453125,0.159866696,1
input-150.tsp,3320,4500,0.98,1e-05,0.92,131337.815429688,0.156659761,1
input-150.tsp,3321,4500,0.98,1e-05,0.92,132096.000000000,0.158432665,1
input-150.tsp,3322,4500,0.98,1e-05,0.92,135296.000488281,0.174836512,1
input-150.tsp,3323,4500,0.98,1e-05,0.92,131712.000000000,0.162641278,1
input-150.tsp,3324,4500,0.98,1e-05,0.92,131712.000000000,0.162199587,1
input-150.tsp,3325,4500,0.98,1e-05,0.92,128448.000000000,0.172918321,1
input-150.tsp,3326,4500,0.98,1e-05,0.92,131224.856933594,0.161285341,1
input-150.tsp,3327,4500,0.98,1e-05,0.92,133376.000000000,0.159262852,1
input-150.tsp,3328,4500,0.98,1e-05,0.92,135185.000488281,33759.801162865,0
input-150.tsp,3329,4500,0.98,1e-05,0.92,131584.000000000,0.150804900,1
input-150.tsp,3330,4500,0.98,1e-05,0.92,126976.000000000,0.162888814,1
input-150.tsp,3331,4500,0.98,1e-05,0.92,130880.000000000,0.151705195,1
input-150.tsp,3332,4500,0.98,1e-05,0.92,135168.000488281,0.151288614,1
input-150.tsp,3333,4500,0.98,1e-05,0.92,128832.000000000,0.152071489,1
input-150.tsp,3334,4500,0.98,1e-05,0.92,128992.000000000,0.156457101,1
input-150.tsp,3335,4500,0.98,1e-05,0.92,129024.000000000,0.159249316,1
input-150.tsp,3336,4500,0.98,1e-05,0.92,131328.000000000,0.165678698,1
input-150.tsp,3337,4500,0.98,1e-05,0.92,132096.000000000,0.165370777,1
input-150.tsp,3338,4500,0.98,1e-05,0.92,131456.000000000,0.172926085,1
input-150.tsp,3339,4500,0.98,1e-05,0.92,129024.000000000,0.164486634,1
input-150.tsp,3340,4500,0.98,1e-05,0.92,130816.000000000,0.152925515,1
input-150.tsp,3341,4500,0.98,1e-05,0.92,130160.000000000,0.167892475,1
input-150.tsp,3342,4500,0.98,1e-05,0.92,131584.000000000,0.161043995,1
input-150.tsp,3343,4500,0.98,1e-05,0.92,135168.000000000,0.161195852,1
input-150.tsp,3344,4500,0.98,1e-05,0.92,128984.000000000,0.151656251,1
input-150.tsp,3345,4500,0.98,1e-05,0.92,126975.998535156,0.168019648,1
input-150.tsp,3347,4500,0.98,1e-05,0.92,132096.000000000,0.159722300,1
input-150.tsp,3346,4500,0.98,1e-05,0.92,135680.000000000,41081.378182397,0
input-150.tsp,3349,4500,0.98,1e-05,0.92,130048.000000000,0.188846067,1
input-150.tsp,3348,4500,0.98,1e-05,0.92,131332.968750000,33759.799291167,0
input-150.tsp,3350,4500,0.98,1e-05,0.92,130816.000000000,0.164562740,1
input-150.tsp,3351,4500,0.98,1e-05,0.92,132352.000000000,0.164384802,1
input-150.tsp,3352,4500,0.98,1e-05,0.92,131712.000000000,0.179299645,1
input-150.tsp,3353,4500,0.98,1e-05,0.92,132193.503906250,0.154043272,1
input-150.tsp,3355,4500,0.98,1e-05,0.92,132096.000000000,0.173353806,1
input-150.tsp,3354,4500,0.98,1e-05,0.92,132160.000000000,0.148908029,1
input-150.tsp,3357,4500,0.98,1e-05,0.92,132128.000000000,0.163158359,1
input-150.tsp,3356,4500,0.98,1e-05,0.92,132096.000000000,0.169151644,1
input-150.tsp,3358,4500,0.98,1e-05,0.92,132736.265625000,0.165345885,1
input-150.tsp,3359,4500,0.98,1e-05,0.92,128349.937500000,0.169604989,1
input-150.tsp,3360,4500,0.98,1e-05,0.92,131079.687500000,0.179019128,1
input-150.tsp,3361,4500,0.98,1e-05,0.92,132864.000000000,0.162572974,1
input-150.tsp,3362,4500,0.98,1e-05,0.92,135168.003906250,0.167955471,1
input-150.tsp,3364,4500,0.98,1e-05,0.92,128384.000000000,17585.747815386,0
input-150.tsp,3365,4500,0.98,1e-05,0.92,132352.000000000,0.147326181,1
input-150.tsp,3363,4500,0.98,1e-05,0.92,131192.000000000,0.168680240,1
input-150.tsp,3366,4500,0.98,1e-05,0.92,131584.000000000,0.158836376,1
input-150.tsp,3367,4500,0.98,1e-05,0.92,133376.031250000,0.165313736,1
input-150.tsp,3368,4500,0.98,1e-05,0.92,132096.000000000,0.165602965,1
input-150.tsp,3369,4500,0.98,1e-05,0.92,133193.000000000,0.169853843,1
input-150.tsp,3370,4500,0.98,1e-05,0.92,131264.000000000,0.160497245,1
input-150.tsp,3372,4500,0.98,1e-05,0.92,132608.000000000,0.159152395,1
input-150.tsp,3371,4500,0.98,1e-05,0.92,132116.812500000,0.156888898,1
input-150.tsp,3373,4500,0.98,1e-05,0.92,133120.000000000,0.161900654,1
input-150.tsp,3374,4500,0.98,1e-05,0.92,132258.000000000,0.172442779,1
input-150.tsp,3375,4500,0.98,1e-05,0.92,131776.000000000,0.156611818,1
input-150.tsp,3376,4500,0.98,1e-05,0.92,132505.000000000,0.166345776,1
input-150.tsp,3377,4500,0.98,1e-05,0.92,133120.000000000,0.169927374,1
input-150.tsp,3378,4500,0.98,1e-05,0.92,131264.000000000,0.164880418,1
input-150.tsp,3380,4500,0.98,1e-05,0.92,131152.000000000,0.152986601,1
input-150.tsp,3379,4500,0.98,1e-05,0.92,133120.000000000,0.161753509,1
input-150.tsp,3381,4500,0.98,1e-05,0.92,129534.740722656,0.170971632,1
input-150.tsp,3382,4500,0.98,1e-05,0.92,133124.000000000,0.159234234,1
input-150.tsp,3383,4500,0.98,1e-05,0.92,132236.000000000,0.184703313,1
input-150.tsp,3384,4500,0.98,1e-05,0.92,131584.000000000,0.175811343,1
input-150.tsp,3385,4500,0.98,1e-05,0.92,130688.000000000,0.171701225,1
input-150.tsp,3386,4500,0.98,1e-05,0.92,132096.000000000,33759.799547210,0
input-150.tsp,3387,4500,0.98,1e-05,0.92,133008.343750000,0.153585514,1
input-150.tsp,3388,4500,0.98,1e-05,0.92,128512.000000000,0.164035252,1
input-150.tsp,3389,4500,0.98,1e-05,0.92,130688.000000000,0.157423118,1
input-150.tsp,3390,4500,0.98,1e-05,0.92,129756.000000000,0.164315214,1
input-150.tsp,3391,4500,0.98,1e-05,0.92,130304.000000000,0.170997756,1
input-150.tsp,3392,4500,0.98,1e-05,0.92,134144.000000000,0.177317995,1
input-150.tsp,3393,4500,0.98,1e-05,0.92,127979.718750000,0.165499643,1
input-150.tsp,3394,4500,0.98,1e-05,0.92,126972.000000000,0.165481516,1
input-150.tsp,3395,4500,0.98,1e-05,0.92,132096.000000000,11405.328832623,0
input-150.tsp,3397,4500,0.98,1e-05,0.92,133636.000000000,0.153108999,1
input-150.tsp,3396,4500,0.98,1e-05,0.92,126976.000000000,0.161116328,1
input-150.tsp,3398,4500,0.98,1e-05,0.92,126975.999023438,0.165255677,1
input-150.tsp,3399,4500,0.98,1e-05,0.92,131472.000000000,0.161955689,1
input-150.tsp,3400,4500,0.98,1e-05,0.92,133120.000000000,0.165201203,1
input-150.tsp,3401,4500,0.98,1e-05,0.92,125952.000000000,0.163925259,1
input-150.tsp,3402,4500,0.98,1e-05,0.92,128992.000000000,0.162087062,1
input-150.tsp,3404,4500,0.98,1e-05,0.92,129024.000000000,0.166267757,1
input-150.tsp,3405,4500,0.98,1e-05,0.92,132096.000000000,0.161490096,1
input-150.tsp,3403,4500,0.98,1e-05,0.92,129024.000000000,0.147687106,1
input-150.tsp,3406,4500,0.98,1e-05,0.92,131271.000000000,0.169109482,1
input-150.tsp,3407,4500,0.98,1e-05,0.92,130304.000000000,0.168579082,1
input-150.tsp,3408,4500,0.98,1e-05,0.92,131584.000000000,0.169942079,1
input-150.tsp,3409,4500,0.98,1e-05,0.92,133120.000000000,0.158248978,1
input-150.tsp,3410,4500,0.98,1e-05,0.92,128512.000000000,0.155640028,1
input-150.tsp,3411,4500,0.98,1e-05,0.92,133120.000000000,0.167007801,1
input-150.tsp,3412,4500,0.98,1e-05,0.92,132618.000000000,0.153026492,1
input-150.tsp,3413,4500,0.98,1e-05,0.92,128832.000000000,0.147540729,1
input-150.tsp,3414,4500,0.98,1e-05,0.92,130292.000000000,0.171507778,1
input-150.tsp,3415,4500,0.98,1e-05,0.92,131587.453125000,0.161411727,1
input-150.tsp,3416,4500,0.98,1e-05,0.92,128944.000000000,0.150250447,1
input-150.tsp,3417,4500,0.98,1e-05,0.92,131968.000000000,0.161377409,1
input-150.tsp,3418,4500,0.98,1e-05,0.92,131648.000000000,0.160993968,1
input-150.tsp,3419,4500,0.98,1e-05,0.92,129520.000000000,0.174088152,1
input-150.tsp,3420,4500,0.98,1e-05,0.92,132144.000000000,0.150067905,1
input-150.tsp,3421,4500,0.98,1e-05,0.92,129816.000000000,0.164367090,1
input-150.tsp,3422,4500,0.98,1e-05,0.92,130414.000000000,0.162778444,1
input-150.tsp,3423,4500,0.98,1e-05,0.92,135169.000000000,0.168751913,1
input-150.tsp,3424,4500,0.98,1e-05,0.92,133120.500000000,0.179091904,1
input-150.tsp,3425,4500,0.98,1e-05,0.92,128912.000000000,0.179823789,1
input-150.tsp,3426,4500,0.98,1e-05,0.92,132490.000000000,0.152921446,1
input-150.tsp,3427,4500,0.98,1e-05,0.92,132172.676757812,0.172174341,1
input-150.tsp,3428,4500,0.98,1e-05,0.92,131584.000000000,0.167491967,1
input-150.tsp,3429,4500,0.98,1e-05,0.92,133248.000000000,0.163544811,1
input-150.tsp,3430,4500,0.98,1e-05,0.92,130197.625000000,0.155257595,1
input-150.tsp,3431,4500,0.98,1e-05,0.92,130560.000000000,0.162694736,1
input-150.tsp,3432,4500,0.98,1e-05,0.92,129024.000000000,0.148523521,1
input-150.tsp,3433,4500,0.98,1e-05,0.92,133505.000000000,0.158771959,1
input-150.tsp,3434,4500,0.98,1e-05,0.92,132224.000000000,0.154900790,1
input-150.tsp,3436,4500,0.98,1e-05,0.92,132097.023437500,0.163882192,1
input-150.tsp,3435,4500,0.98,1e-05,0.92,130048.000000000,0.155746726,1
input-150.tsp,3437,4500,0.98,1e-05,0.92,129792.000000000,41081.380262329,0
input-150.tsp,3438,4500,0.98,1e-05,0.92,131136.000000000,0.154190587,1
input-150.tsp,3439,4500,0.98,1e-05,0.92,131380.000000000,0.161576863,1
input-150.tsp,3440,4500,0.98,1e-05,0.92,131968.000000000,0.168475520,1
input-150.tsp,3441,4500,0.98,1e-05,0.92,133120.000000000,0.154435631,1
input-150.tsp,3442,4500,0.98,1e-05,0.92,131584.000000000,0.166605104,1
input-150.tsp,3443,4500,0.98,1e-05,0.92,130802.500000000,0.158042857,1
input-150.tsp,3444,4500,0.98,1e-05,0.92,131314.500000000,0.147193744,1
input-150.tsp,3445,4500,0.98,1e-05,0.92,131584.000000000,0.178937971,1
input-150.tsp,3446,4500,0.98,1e-05,0.92,133120.000000000,0.155360248,1
input-150.tsp,3447,4500,0.98,1e-05,0.92,135168.000000000,0.172585995,1
input-150.tsp,3448,4500,0.98,1e-05,0.92,132096.000000000,0.162881122,1
input-150.tsp,3449,4500,0.98,1e-05,0.92,132612.046875000,0.164313246,1
input-150.tsp,3450,4500,0.98,1e-05,0.92,130048.000000000,0.171766794,1
input-150.tsp,3451,4500,0.98,1e-05,0.92,135168.000000000,0.155613758,1
input-150.tsp,3452,4500,0.98,1e-05,0.92,131262.000000000,0.166535265,1
input-150.tsp,3453,4500,0.98,1e-05,0.92,129024.000000000,0.156359801,1
input-150.tsp,3454,4500,0.98,1e-05,0.92,129527.468261719,0.148227396,1
input-150.tsp,3455,4500,0.98,1e-05,0.92,131372.000000000,0.163890515,1
input-150.tsp,3456,4500,0.98,1e-05,0.92,131285.515625000,0.160738958,1
input-150.tsp,3457,4500,0.98,1e-05,0.92,133760.000000000,0.170221091,1
input-150.tsp,3458,4500,0.98,1e-05,0.92,126976.000000000,0.163907342,1
input-150.tsp,3459,4500,0.98,1e-05,0.92,134176.000000000,0.172456990,1
input-150.tsp,3460,4500,0.98,1e-05,0.92,126976.000000000,0.160854906,1
input-150.tsp,3461,4500,0.98,1e-05,0.92,133120.000000000,0.163045862,1
input-150.tsp,3462,4500,0.98,1e-05,0.92,129152.000000000,0.162080159,1
input-150.tsp,3463,4500,0.98,1e-05,0.92,130560.000000000,0.161111460,1
input-150.tsp,3464,4500,0.98,1e-05,0.92,128768.000000000,0.167316534,1
input-150.tsp,3465,4500,0.98,1e-05,0.92,129920.000000000,0.169564843,1
input-150.tsp,3467,4500,0.98,1e-05,0.92,130039.625000000,0.160635319,1
input-150.tsp,3466,4500,0.98,1e-05,0.92,131249.750000000,0.152046059,1
input-150.tsp,3468,4500,0.98,1e-05,0.92,130074.000000000,0.166507559,1
input-150.tsp,3469,4500,0.98,1e-05,0.92,135168.000000000,0.169438782,1
input-150.tsp,3470,4500,0.98,1e-05,0.92,132872.000000000,0.163194266,1
input-150.tsp,3471,4500,0.98,1e-05,0.92,131136.000000000,0.179740548,1
input-150.tsp,3472,4500,0.98,1e-05,0.92,133136.000000000,0.169203901,1
input-150.tsp,3473,4500,0.98,1e-05,0.92,128896.000000000,0.160920648,1
input-150.tsp,3474,4500,0.98,1e-05,0.92,131718.000000000,0.159017906,1
input-150.tsp,3475,4500,0.98,1e-05,0.92,133120.000000000,33759.793409134,0
input-150.tsp,3476,4500,0.98,1e-05,0.92,133152.000000000,0.161040843,1
input-150.tsp,3477,4500,0.98,1e-05,0.92,131200.000000000,0.167835215,1
input-150.tsp,3478,4500,0.98,1e-05,0.92,131137.250000000,0.172742649,1
input-150.tsp,3479,4500,0.98,1e-05,0.92,129024.000000000,0.156421033,1
input-150.tsp,3480,4500,0.98,1e-05,0.92,132096.000000000,0.143454418,1
input-150.tsp,3481,4500,0.98,1e-05,0.92,133120.000000000,33759.802852869,0
input-150.tsp,3483,4500,0.98,1e-05,0.92,130016.000000000,0.152113973,1
input-150.tsp,3482,4500,0.98,1e-05,0.92,131584.000000000,0.159414668,1
input-150.tsp,3484,4500,0.98,1e-05,0.92,132096.000000000,0.166875839,1
input-150.tsp,3485,4500,0.98,1e-05,0.92,130304.000000000,0.176295373,1
input-150.tsp,3486,4500,0.98,1e-05,0.92,132736.000000000,0.174319441,1
input-150.tsp,3487,4500,0.98,1e-05,0.92,131524.000000000,0.158092331,1
input-150.tsp,3488,4500,0.98,1e-05,0.92,131368.000000000,0.153225995,1
input-150.tsp,3489,4500,0.98,1e-05,0.92,132096.000000000,0.168536501,1
input-150.tsp,3491,4500,0.98,1e-05,0.92,129424.000000000,0.182088065,1
input-150.tsp,3490,4500,0.98,1e-05,0.92,131328.000000000,0.171783027,1
input-150.tsp,3492,4500,0.98,1e-05,0.92,131492.000000000,0.161516028,1
input-150.tsp,3493,4500,0.98,1e-05,0.92,131037.500000000,41081.379830676,0
input-150.tsp,3494,4500,0.98,1e-05,0.92,131584.000000000,0.156015467,1
input-150.tsp,3495,4500,0.98,1e-05,0.92,134176.000000000,0.153246281,1
input-150.tsp,3496,4500,0.98,1e-05,0.92,128990.452636719,0.158966068,1
input-150.tsp,3497,4500,0.98,1e-05,0.92,135168.250000000,0.166572102,1
input-150.tsp,3498,4500,0.98,1e-05,0.92,131020.000000000,0.158694462,1
input-150.tsp,3499,4500,0.98,1e-05,0.92,130276.000000000,0.169328267,1
input-150.tsp,3500,4500,0.98,1e-05,0.92,131736.000000000,0.170408810,1
input-150.tsp,3501,4500,0.98,1e-05,0.92,130384.000000000,0.165573532,1
input-150.tsp,3502,4500,0.98,1e-05,0.92,133784.019042969,0.152384989,1
input-150.tsp,3503,4500,0.98,1e-05,0.92,130768.000000000,0.146969052,1
input-150.tsp,3504,4500,0.98,1e-05,0.92,130304.000000000,0.169901442,1
input-150.tsp,3505,4500,0.98,1e-05,0.92,126968.000000000,0.162877408,1
input-150.tsp,3506,4500,0.98,1e-05,0.92,133120.500000000,0.169499290,1
input-150.tsp,3507,4500,0.98,1e-05,0.92,131584.000000000,0.167133318,1
input-150.tsp,3508,4500,0.98,1e-05,0.92,131092.000000000,0.167070596,1
input-150.tsp,3509,4500,0.98,1e-05,0.92,133120.000000000,0.559093444,1
input-150.tsp,3510,4500,0.98,1e-05,0.92,130030.955078125,0.167625730,1
input-150.tsp,3511,4500,0.98,1e-05,0.92,131328.000000000,0.174050597,1
input-150.tsp,3512,4500,0.98,1e-05,0.92,131416.000000000,0.168481858,1
input-150.tsp,3513,4500,0.98,1e-05,0.92,135304.500000000,0.165029675,1
input-150.tsp,3514,4500,0.98,1e-05,0.92,131328.000000000,0.156460793,1
input-150.tsp,3515,4500,0.98,1e-05,0.92,129436.000000000,0.170044556,1
input-150.tsp,3517,4500,0.98,1e-05,0.92,131840.000000000,33759.791732493,0
input-150.tsp,3516,4500,0.98,1e-05,0.92,132608.000000000,0.151452988,1
input-150.tsp,3518,4500,0.98,1e-05,0.92,131648.000000000,33759.793299937,0
input-150.tsp,3519,4500,0.98,1e-05,0.92,130816.000000000,0.168193095,1
input-150.tsp,3520,4500,0.98,1e-05,0.92,132882.125488281,0.148096610,1
input-150.tsp,3521,4500,0.98,1e-05,0.92,132096.000000000,0.175828638,1
input-150.tsp,3522,4500,0.98,1e-05,0.92,126960.000000000,0.165964894,1
input-150.tsp,3523,4500,0.98,1e-05,0.92,130874.375000000,0.159154750,1
input-150.tsp,3525,4500,0.98,1e-05,0.92,129536.000000000,0.152764605,1
input-150.tsp,3524,4500,0.98,1e-05,0.92,132096.546875000,0.169071447,1
input-150.tsp,3526,4500,0.98,1e-05,0.92,131456.000000000,0.164581181,1
input-150.tsp,3527,4500,0.98,1e-05,0.92,133408.000000000,0.163726975,1
input-150.tsp,3528,4500,0.98,1e-05,0.92,132228.000000000,0.164677826,1
input-150.tsp,3529,4500,0.98,1e-05,0.92,133248.125000000,0.147037754,1
input-150.tsp,3531,4500,0.98,1e-05,0.92,129024.000000000,0.160743706,1
input-150.tsp,3530,4500,0.98,1e-05,0.92,133120.000000000,0.153215940,1
input-150.tsp,3532,4500,0.98,1e-05,0.92,135432.000000000,0.171193374,1
input-150.tsp,3533,4500,0.98,1e-05,0.92,131600.000000000,0.148701210,1
input-150.tsp,3534,4500,0.98,1e-05,0.92,129024.000000000,0.167237983,1
input-150.tsp,3535,4500,0.98,1e-05,0.92,130816.000000000,0.152873060,1
input-150.tsp,3536,4500,0.98,1e-05,0.92,133136.000000000,0.160586925,1
input-150.tsp,3537,4500,0.98,1e-05,0.92,133120.000000000,0.152194611,1
input-150.tsp,3538,4500,0.98,1e-05,0.92,131840.000000000,0.157261503,1
input-150.tsp,3539,4500,0.98,1e-05,0.92,130560.000000000,0.163651745,1
input-150.tsp,3540,4500,0.98,1e-05,0.92,132608.000000000,0.155129521,1
input-150.tsp,3541,4500,0.98,1e-05,0.92,131140.531250000,0.163030171,1
input-150.tsp,3542,4500,0.98,1e-05,0.92,131362.109375000,0.152998537,1
input-150.tsp,3543,4500,0.98,1e-05,0.92,133392.187988281,0.146287873,1
input-150.tsp,3544,4500,0.98,1e-05,0.92,132016.000000000,0.154995992,1
input-150.tsp,3545,4500,0.98,1e-05,0.92,133184.000000000,0.156996887,1
input-150.tsp,3546,4500,0.98,1e-05,0.92,130816.000000000,0.160923733,1
input-150.tsp,3547,4500,0.98,1e-05,0.92,132608.000000000,41081.384230470,0
input-150.tsp,3548,4500,0.98,1e-05,0.92,130048.000000000,0.170871895,1
input-150.tsp,3549,4500,0.98,1e-05,0.92,129008.000000000,0.168673806,1
input-150.tsp,3550,4500,0.98,1e-05,0.92,130614.000000000,0.164793912,1
input-150.tsp,3551,4500,0.98,1e-05,0.92,131768.000000000,0.166113823,1
input-150.tsp,3552,4500,0.98,1e-05,0.92,132096.000000000,0.158230425,1
input-150.tsp,3553,4500,0.98,1e-05,0.92,129024.000000000,0.163426953,1
input-150.tsp,3554,4500,0.98,1e-05,0.92,130048.000000000,0.170865771,1
input-150.tsp,3555,4500,0.98,1e-05,0.92,135424.125000000,0.151953742,1
input-150.tsp,3556,4500,0.98,1e-05,0.92,133120.000000000,0.176093187,1
input-150.tsp,3557,4500,0.98,1e-05,0.92,130560.000000000,0.174984976,1
input-150.tsp,3558,4500,0.98,1e-05,0.92,131456.000000000,0.179175683,1
input-150.tsp,3559,4500,0.98,1e-05,0.92,126463.995605469,0.175621325,1
input-150.tsp,3560,4500,0.98,1e-05,0.92,132069.625000000,0.155554763,1
input-150.tsp,3561,4500,0.98,1e-05,0.92,132164.000000000,0.146500475,1
input-150.tsp,3563,4500,0.98,1e-05,0.92,133120.000000000,0.167262794,1
input-150.tsp,3562,4500,0.98,1e-05,0.92,131840.000000000,0.173946762,1
input-150.tsp,3564,4500,0.98,1e-05,0.92,131168.000000000,0.161978717,1
input-150.tsp,3566,4500,0.98,1e-05,0.92,129024.000000000,0.169782489,1
input-150.tsp,3565,4500,0.98,1e-05,0.92,130919.204589844,0.156269636,1
input-150.tsp,3567,4500,0.98,1e-05,0.92,133122.078125000,11131.333454828,0
input-150.tsp,3568,4500,0.98,1e-05,0.92,130104.000000000,0.162915245,1
input-150.tsp,3569,4500,0.98,1e-05,0.92,131584.000000000,0.151793229,1
input-150.tsp,3570,4500,0.98,1e-05,0.92,131859.560546875,0.157377491,1
input-150.tsp,3572,4500,0.98,1e-05,0.92,133632.000000000,0.160391291,1
input-150.tsp,3571,4500,0.98,1e-05,0.92,132256.000000000,0.177847669,1
input-150.tsp,3574,4500,0.98,1e-05,0.92,131167.750000000,0.151485826,1
input-150.tsp,3573,4500,0.98,1e-05,0.92,130048.000000000,0.166103707,1
input-150.tsp,3575,4500,0.98,1e-05,0.92,131854.297363281,0.163473598,1
input-150.tsp,3576,4500,0.98,1e-05,0.92,133128.000000000,0.169521316,1
input-150.tsp,3577,4500,0.98,1e-05,0.92,129312.000000000,0.147547227,1
input-150.tsp,3578,4500,0.98,1e-05,0.92,131607.000000000,0.166534061,1
input-150.tsp,3579,4500,0.98,1e-05,0.92,135184.000000000,0.163029500,1
input-150.tsp,3580,4500,0.98,1e-05,0.92,132232.500000000,33759.795757459,0
input-150.tsp,3582,4500,0.98,1e-05,0.92,127999.998046875,0.152680501,1
input-150.tsp,3581,4500,0.98,1e-05,0.92,130392.000000000,0.162442820,1
input-150.tsp,3583,4500,0.98,1e-05,0.92,132096.000000000,0.162511758,1
input-150.tsp,3584,4500,0.98,1e-05,0.92,132096.000000000,0.169778979,1
input-150.tsp,3585,4500,0.98,1e-05,0.92,130870.351562500,0.168094471,1
input-150.tsp,3586,4500,0.98,1e-05,0.92,132096.000000000,0.170281861,1
input-150.tsp,3587,4500,0.98,1e-05,0.92,133504.000000000,0.152453240,1
input-150.tsp,3588,4500,0.98,1e-05,0.92,131351.728515625,0.168855113,1
input-150.tsp,3589,4500,0.98,1e-05,0.92,132768.000000000,0.165550755,1
input-150.tsp,3590,4500,0.98,1e-05,0.92,132368.000000000,41081.374069767,0
input-150.tsp,3591,4500,0.98,1e-05,0.92,131832.000000000,0.150874605,1
input-150.tsp,3592,4500,0.98,1e-05,0.92,130816.000000000,0.166477763,1
input-150.tsp,3593,4500,0.98,1e-05,0.92,139264.000000000,0.163404430,1
input-150.tsp,3594,4500,0.98,1e-05,0.92,132864.625000000,0.163523805,1
input-150.tsp,3595,4500,0.98,1e-05,0.92,130485.500000000,33760.101594517,0
input-150.tsp,3596,4500,0.98,1e-05,0.92,135168.000000000,0.147159308,1
input-150.tsp,3597,4500,0.98,1e-05,0.92,130304.000000000,0.165074250,1
input-150.tsp,3598,4500,0.98,1e-05,0.92,134144.000000000,0.178449891,1
input-150.tsp,3599,4500,0.98,1e-05,0.92,130655.531250000,33759.799813731,0
input-150.tsp,3600,4500,0.98,1e-05,0.92,131848.750000000,0.168511439,1
input-150.tsp,3601,4500,0.98,1e-05,0.92,131712.000000000,0.149325150,1
input-150.tsp,3603,4500,0.98,1e-05,0.92,132096.000000000,0.169232913,1
input-150.tsp,3602,4500,0.98,1e-05,0.92,132197.000000000,0.181151255,1
input-150.tsp,3604,4500,0.98,1e-05,0.92,129536.000000000,0.165756375,1
input-150.tsp,3606,4500,0.98,1e-05,0.92,133376.000000000,0.170396707,1
input-150.tsp,3605,4500,0.98,1e-05,0.92,132096.000000000,0.168447055,1
input-150.tsp,3607,4500,0.98,1e-05,0.92,129024.000000000,33759.797361448,0
input-150.tsp,3608,4500,0.98,1e-05,0.92,132128.000000000,0.180450912,1
input-150.tsp,3609,4500,0.98,1e-05,0.92,126975.999511719,0.147110762,1
input-150.tsp,3610,4500,0.98,1e-05,0.92,135168.000000000,0.175782426,1
input-150.tsp,3611,4500,0.98,1e-05,0.92,129504.000000000,0.152247111,1
input-150.tsp,3612,4500,0.98,1e-05,0.92,132610.375000000,0.176231335,1
input-150.tsp,3614,4500,0.98,1e-05,0.92,133376.000000000,0.172192965,1
input-150.tsp,3613,4500,0.98,1e-05,0.92,135168.004394531,0.161436010,1
input-150.tsp,3615,4500,0.98,1e-05,0.92,131190.000000000,0.167983524,1
input-150.tsp,3616,4500,0.98,1e-05,0.92,131152.031250000,0.185085165,1
input-150.tsp,3617,4500,0.98,1e-05,0.92,131622.000000000,33759.794180332,0
input-150.tsp,3618,4500,0.98,1e-05,0.92,133200.000000000,0.165771444,1
input-150.tsp,3619,4500,0.98,1e-05,0.92,131840.000000000,0.161821067,1
input-150.tsp,3620,4500,0.98,1e-05,0.92,133120.000000000,0.157226016,1
input-150.tsp,3622,4500,0.98,1e-05,0.92,132352.000000000,0.167503613,1
input-150.tsp,3621,4500,0.98,1e-05,0.92,130036.000000000,0.162023908,1
input-150.tsp,3623,4500,0.98,1e-05,0.92,128511.968261719,0.168361734,1
input-150.tsp,3624,4500,0.98,1e-05,0.92,130304.000000000,0.160319923,1
input-150.tsp,3625,4500,0.98,1e-05,0.92,135296.000000000,0.167922351,1
input-150.tsp,3626,4500,0.98,1e-05,0.92,132096.000000000,0.161437823,1
input-150.tsp,3627,4500,0.98,1e-05,0.92,131328.000000000,0.164055414,1
input-150.tsp,3628,4500,0.98,1e-05,0.92,129984.000000000,0.171430238,1
input-150.tsp,3629,4500,0.98,1e-05,0.92,130836.000000000,0.163758900,1
input-150.tsp,3630,4500,0.98,1e-05,0.92,131584.000000000,5486.239486369,0
input-150.tsp,3631,4500,0.98,1e-05,0.92,129725.500000000,0.166705645,1
input-150.tsp,3632,4500,0.98,1e-05,0.92,129536.000000000,0.157265324,1
input-150.tsp,3633,4500,0.98,1e-05,0.92,131056.000000000,0.158216988,1
input-150.tsp,3634,4500,0.98,1e-05,0.92,129765.313964844,0.162309649,1
input-150.tsp,3635,4500,0.98,1e-05,0.92,134144.000000000,0.156513263,1
input-150.tsp,3636,4500,0.98,1e-05,0.92,135168.000000000,0.165645652,1
input-150.tsp,3637,4500,0.98,1e-05,0.92,136192.000000000,0.166642175,1
input-150.tsp,3638,4500,0.98,1e-05,0.92,130656.000000000,0.174071313,1
input-150.tsp,3639,4500,0.98,1e-05,0.92,128734.718750000,33759.807507246,0
input-150.tsp,3640,4500,0.98,1e-05,0.92,130836.000000000,0.167000232,1
input-150.tsp,3641,4500,0.98,1e-05,0.92,130048.000000000,0.163137393,1
input-150.tsp,3642,4500,0.98,1e-05,0.92,133440.031738281,0.169381681,1
input-150.tsp,3643,4500,0.98,1e-05,0.92,129664.000000000,33759.804879930,0
input-150.tsp,3644,4500,0.98,1e-05,0.92,132352.000000000,0.162769975,1
input-150.tsp,3646,4500,0.98,1e-05,0.92,131328.000000000,0.174303895,1
input-150.tsp,3645,4500,0.98,1e-05,0.92,132096.000000000,0.170774610,1
input-150.tsp,3647,4500,0.98,1e-05,0.92,130048.000000000,0.157079403,1
input-150.tsp,3648,4500,0.98,1e-05,0.92,126976.000000000,0.175818591,1
input-150.tsp,3649,4500,0.98,1e-05,0.92,130048.000000000,0.159309525,1
input-150.tsp,3650,4500,0.98,1e-05,0.92,133128.000000000,0.163154617,1
input-150.tsp,3651,4500,0.98,1e-05,0.92,131520.000000000,0.174513702,1
input-150.tsp,3652,4500,0.98,1e-05,0.92,131584.000000000,0.168345341,1
input-150.tsp,3654,4500,0.98,1e-05,0.92,133120.000000000,0.170602708,1
input-150.tsp,3653,4500,0.98,1e-05,0.92,130048.000000000,0.158411546,1
input-150.tsp,3655,4500,0.98,1e-05,0.92,134656.000000000,0.161044311,1
input-150.tsp,3656,4500,0.98,1e-05,0.92,131368.000000000,0.161358232,1
input-150.tsp,3657,4500,0.98,1e-05,0.92,130304.000000000,0.168371291,1
input-150.tsp,3658,4500,0.98,1e-05,0.92,130048.000000000,0.170161940,1
input-150.tsp,3659,4500,0.98,1e-05,0.92,132256.000000000,0.149460816,1
input-150.tsp,3660,4500,0.98,1e-05,0.92,131456.000000000,0.156392072,1
input-150.tsp,3661,4500,0.98,1e-05,0.92,129840.000000000,0.161862541,1
input-150.tsp,3662,4500,0.98,1e-05,0.92,131680.000000000,0.164100588,1
input-150.tsp,3663,4500,0.98,1e-05,0.92,129024.000000000,0.168606470,1
input-150.tsp,3664,4500,0.98,1e-05,0.92,132608.000000000,0.161882181,1
input-150.tsp,3665,4500,0.98,1e-05,0.92,131729.625000000,0.171827477,1
input-150.tsp,3666,4500,0.98,1e-05,0.92,133120.000000000,0.176259949,1
input-150.tsp,3667,4500,0.98,1e-05,0.92,131324.040527344,0.168548050,1
input-150.tsp,3668,4500,0.98,1e-05,0.92,128952.000000000,0.171425670,1
input-150.tsp,3670,4500,0.98,1e-05,0.92,132096.000000000,0.169058300,1
input-150.tsp,3669,4500,0.98,1e-05,0.92,133972.500000000,0.162083383,1
input-150.tsp,3671,4500,0.98,1e-05,0.92,132608.000000000,0.170924719,1
input-150.tsp,3672,4500,0.98,1e-05,0.92,130048.000000000,0.174622188,1
input-150.tsp,3673,4500,0.98,1e-05,0.92,131904.000000000,0.152113766,1
input-150.tsp,3674,4500,0.98,1e-05,0.92,135169.000000000,0.169541619,1
input-150.tsp,3675,4500,0.98,1e-05,0.92,133152.000000000,0.174608693,1
input-150.tsp,3676,4500,0.98,1e-05,0.92,131688.000000000,0.175438430,1
input-150.tsp,3678,4500,0.98,1e-05,0.92,130048.000000000,0.159994822,1
input-150.tsp,3677,4500,0.98,1e-05,0.92,132096.000000000,0.167066258,1
input-150.tsp,3679,4500,0.98,1e-05,0.92,132880.000000000,0.177288844,1
input-150.tsp,3680,4500,0.98,1e-05,0.92,135168.000000000,0.164164461,1
input-150.tsp,3681,4500,0.98,1e-05,0.92,133120.110351562,0.158016575,1
input-150.tsp,3682,4500,0.98,1e-05,0.92,130816.000000000,0.171227089,1
input-150.tsp,3683,4500,0.98,1e-05,0.92,132496.000000000,0.168058327,1
input-150.tsp,3684,4500,0.98,1e-05,0.92,131507.437500000,0.173055991,1
input-150.tsp,3685,4500,0.98,1e-05,0.92,132289.253906250,0.161992885,1
input-150.tsp,3686,4500,0.98,1e-05,0.92,130048.000000000,0.174643564,1
input-150.tsp,3687,4500,0.98,1e-05,0.92,129024.000000000,33759.798815449,0
input-150.tsp,3688,4500,0.98,1e-05,0.92,133260.006347656,0.179298576,1
input-150.tsp,3689,4500,0.98,1e-05,0.92,126848.000000000,0.169089667,1
input-150.tsp,3690,4500,0.98,1e-05,0.92,134152.000000000,0.165915592,1
input-150.tsp,3691,4500,0.98,1e-05,0.92,128768.000000000,16332.502292085,0
input-150.tsp,3692,4500,0.98,1e-05,0.92,126975.999511719,0.168094313,1
input-150.tsp,3693,4500,0.98,1e-05,0.92,124928.000000000,0.172545196,1
input-150.tsp,3694,4500,0.98,1e-05,0.92,133716.000000000,0.156491787,1
input-150.tsp,3695,4500,0.98,1e-05,0.92,132128.000000000,0.164273233,1
input-150.tsp,3696,4500,0.98,1e-05,0.92,131432.000000000,0.166095724,1
input-150.tsp,3697,4500,0.98,1e-05,0.92,135296.000488281,0.166446808,1
input-150.tsp,3698,4500,0.98,1e-05,0.92,132608.000000000,0.167103791,1
input-150.tsp,3700,4500,0.98,1e-05,0.92,131368.000000000,0.166161089,1
input-150.tsp,3699,4500,0.98,1e-05,0.92,133123.125000000,0.164439222,1
input-150.tsp,3702,4500,0.98,1e-05,0.92,132225.159179688,0.163855265,1
input-150.tsp,3701,4500,0.98,1e-05,0.92,131108.000000000,0.170236385,1
input-150.tsp,3703,4500,0.98,1e-05,0.92,132096.000000000,0.171549213,1
input-150.tsp,3704,4500,0.98,1e-05,0.92,131584.000000000,0.167226575,1
input-150.tsp,3705,4500,0.98,1e-05,0.92,131456.000000000,0.170913515,1
input-150.tsp,3706,4500,0.98,1e-05,0.92,130688.000000000,0.155119096,1
input-150.tsp,3707,4500,0.98,1e-05,0.92,133264.000000000,0.170506312,1
input-150.tsp,3708,4500,0.98,1e-05,0.92,131738.261718750,0.168261063,1
input-150.tsp,3709,4500,0.98,1e-05,0.92,130048.000000000,0.167615749,1
input-150.tsp,3710,4500,0.98,1e-05,0.92,129664.000000000,0.169925124,1
input-150.tsp,3712,4500,0.98,1e-05,0.92,133281.000000000,0.181629747,1
input-150.tsp,3711,4500,0.98,1e-05,0.92,135169.508300781,0.159947661,1
input-150.tsp,3713,4500,0.98,1e-05,0.92,128880.000000000,0.156849165,1
input-150.tsp,3714,4500,0.98,1e-05,0.92,134144.000000000,0.150269710,1
input-150.tsp,3715,4500,0.98,1e-05,0.92,135432.000000000,0.161176116,1
input-150.tsp,3716,4500,0.98,1e-05,0.92,132096.000000000,0.177130735,1
input-150.tsp,3718,4500,0.98,1e-05,0.92,133184.012207031,0.156713398,1
input-150.tsp,3717,4500,0.98,1e-05,0.92,132376.000000000,0.162261200,1
input-150.tsp,3719,4500,0.98,1e-05,0.92,133504.000000000,0.175272326,1
input-150.tsp,3720,4500,0.98,1e-05,0.92,131315.000000000,0.149797352,1
input-150.tsp,3721,4500,0.98,1e-05,0.92,131456.000000000,0.167862891,1
input-150.tsp,3722,4500,0.98,1e-05,0.92,135168.000000000,0.161611935,1
input-150.tsp,3723,4500,0.98,1e-05,0.92,130048.000000000,0.152652417,1
input-150.tsp,3724,4500,0.98,1e-05,0.92,130016.000000000,0.171386356,1
input-150.tsp,3725,4500,0.98,1e-05,0.92,133120.000000000,0.159502865,1
input-150.tsp,3726,4500,0.98,1e-05,0.92,130304.000000000,0.173454105,1
input-150.tsp,3728,4500,0.98,1e-05,0.92,122880.000000000,0.161128045,1
input-150.tsp,3727,4500,0.98,1e-05,0.92,128971.500000000,0.169129542,1
input-150.tsp,3729,4500,0.98,1e-05,0.92,132096.000000000,0.154555544,1
input-150.tsp,3730,4500,0.98,1e-05,0.92,132096.000000000,0.165876207,1
input-150.tsp,3731,4500,0.98,1e-05,0.92,128736.000000000,0.164431007,1
input-150.tsp,3732,4500,0.98,1e-05,0.92,131328.000000000,0.156104071,1
input-150.tsp,3733,4500,0.98,1e-05,0.92,130048.000000000,0.169757066,1
input-150.tsp,3734,4500,0.98,1e-05,0.92,130927.000000000,0.162139234,1
input-150.tsp,3736,4500,0.98,1e-05,0.92,131216.000000000,0.150571974,1
input-150.tsp,3735,4500,0.98,1e-05,0.92,131264.000000000,9356.100865804,0
input-150.tsp,3737,4500,0.98,1e-05,0.92,131584.000000000,0.164304698,1
input-150.tsp,3738,4500,0.98,1e-05,0.92,130560.000000000,0.150158432,1
input-150.tsp,3739,4500,0.98,1e-05,0.92,132096.000000000,0.168178712,1
input-150.tsp,3740,4500,0.98,1e-05,0.92,131264.000000000,0.170283997,1
input-150.tsp,3741,4500,0.98,1e-05,0.92,131355.251464844,0.173664363,1
input-150.tsp,3742,4500,0.98,1e-05,0.92,126974.000000000,0.171185678,1
input-150.tsp,3743,4500,0.98,1e-05,0.92,131128.000000000,0.159616418,1
input-150.tsp,3744,4500,0.98,1e-05,0.92,131504.000000000,0.167762883,1
input-150.tsp,3745,4500,0.98,1e-05,0.92,133632.000000000,0.171072344,1
input-150.tsp,3746,4500,0.98,1e-05,0.92,130304.000000000,0.158845120,1
input-150.tsp,3747,4500,0.98,1e-05,0.92,129024.000000000,0.162635780,1
input-150.tsp,3748,4500,0.98,1e-05,0.92,130560.000000000,0.147395617,1
input-150.tsp,3749,4500,0.98,1e-05,0.92,131488.000000000,0.167519455,1
input-150.tsp,3750,4500,0.98,1e-05,0.92,131104.000000000,0.154573092,1
input-150.tsp,3751,4500,0.98,1e-05,0.92,134148.000000000,0.153557086,1
input-150.tsp,3752,4500,0.98,1e-05,0.92,133248.000000000,0.171066957,1
input-150.tsp,3753,4500,0.98,1e-05,0.92,130096.000000000,0.165787129,1
input-150.tsp,3754,4500,0.98,1e-05,0.92,133120.000000000,0.186149273,1
input-150.tsp,3755,4500,0.98,1e-05,0.92,135200.000488281,0.166533788,1
input-150.tsp,3756,4500,0.98,1e-05,0.92,131584.000000000,0.171787919,1
input-150.tsp,3757,4500,0.98,1e-05,0.92,133376.000000000,0.170727677,1
input-150.tsp,3758,4500,0.98,1e-05,0.92,134144.000000000,0.153658347,1
input-150.tsp,3760,4500,0.98,1e-05,0.92,129440.000000000,0.175067188,1
input-150.tsp,3759,4500,0.98,1e-05,0.92,131074.171875000,0.162490171,1
input-150.tsp,3761,4500,0.98,1e-05,0.92,130887.828125000,0.144547036,1
input-150.tsp,3762,4500,0.98,1e-05,0.92,131328.000000000,0.174823966,1
input-150.tsp,3763,4500,0.98,1e-05,0.92,132108.000000000,0.153294991,1
input-150.tsp,3764,4500,0.98,1e-05,0.92,130925.360839844,0.158846522,1
input-150.tsp,3765,4500,0.98,1e-05,0.92,132352.000000000,0.179467479,1
input-150.tsp,3766,4500,0.98,1e-05,0.92,139264.000000000,0.177849516,1
input-150.tsp,3767,4500,0.98,1e-05,0.92,130304.000000000,0.161662100,1
input-150.tsp,3768,4500,0.98,1e-05,0.92,129024.000000000,0.158083655,1
input-150.tsp,3769,4500,0.98,1e-05,0.92,130304.000000000,0.165222011,1
input-150.tsp,3770,4500,0.98,1e-05,0.92,131680.000000000,0.162680132,1
input-150.tsp,3771,4500,0.98,1e-05,0.92,135168.000000000,0.178784083,1
input-150.tsp,3772,4500,0.98,1e-05,0.92,131684.801757812,0.161099447,1
input-150.tsp,3773,4500,0.98,1e-05,0.92,129024.000000000,0.159837383,1
input-150.tsp,3774,4500,0.98,1e-05,0.92,133249.000000000,0.168863477,1
input-150.tsp,3775,4500,0.98,1e-05,0.92,133133.000000000,0.156175220,1
input-150.tsp,3776,4500,0.98,1e-05,0.92,130537.250000000,36425.167707095,0
input-150.tsp,3777,4500,0.98,1e-05,0.92,131328.000000000,0.169544856,1
input-150.tsp,3778,4500,0.98,1e-05,0.92,131316.000000000,0.157409776,1
input-150.tsp,3779,4500,0.98,1e-05,0.92,129776.000000000,0.156597494,1
input-150.tsp,3780,4500,0.98,1e-05,0.92,131539.000000000,0.176625098,1
input-150.tsp,3781,4500,0.98,1e-05,0.92,135232.000000000,0.173994840,1
input-150.tsp,3782,4500,0.98,1e-05,0.92,132625.000000000,0.159572234,1
input-150.tsp,3783,4500,0.98,1e-05,0.92,129024.000000000,0.159997125,1
input-150.tsp,3784,4500,0.98,1e-05,0.92,130684.000000000,0.165749370,1
input-150.tsp,3785,4500,0.98,1e-05,0.92,133632.000000000,41081.381104646,0
input-150.tsp,3786,4500,0.98,1e-05,0.92,131210.855957031,0.159554984,1
input-150.tsp,3787,4500,0.98,1e-05,0.92,126975.952636719,0.172585823,1
input-150.tsp,3788,4500,0.98,1e-05,0.92,132096.000000000,0.153786213,1
input-150.tsp,3789,4500,0.98,1e-05,0.92,128928.000000000,0.179471600,1
input-150.tsp,3790,4500,0.98,1e-05,0.92,126908.000000000,0.172883925,1
input-150.tsp,3791,4500,0.98,1e-05,0.92,130640.000000000,0.163009162,1
input-150.tsp,3793,4500,0.98,1e-05,0.92,133120.000000000,0.172316120,1
input-150.tsp,3792,4500,0.98,1e-05,0.92,130304.000000000,0.160617176,1
input-150.tsp,3794,4500,0.98,1e-05,0.92,132096.000000000,12771.345468924,0
input-150.tsp,3795,4500,0.98,1e-05,0.92,131328.000000000,0.169597016,1
input-150.tsp,3796,4500,0.98,1e-05,0.92,133312.000000000,0.174669043,1
input-150.tsp,3798,4500,0.98,1e-05,0.92,129755.966308594,0.165429691,1
input-150.tsp,3797,4500,0.98,1e-05,0.92,131418.081542969,0.158311733,1
input-150.tsp,3799,4500,0.98,1e-05,0.92,129368.250000000,33759.797499423,0
input-150.tsp,3800,4500,0.98,1e-05,0.92,130816.000000000,0.164734424,1
input-150.tsp,3801,4500,0.98,1e-05,0.92,133140.000000000,0.166441936,1
input-150.tsp,3802,4500,0.98,1e-05,0.92,129472.000000000,0.151554330,1
input-150.tsp,3803,4500,0.98,1e-05,0.92,130048.000000000,0.168216429,1
input-150.tsp,3804,4500,0.98,1e-05,0.92,131584.000000000,0.163856664,1
input-150.tsp,3805,4500,0.98,1e-05,0.92,133144.000000000,0.162948408,1
input-150.tsp,3806,4500,0.98,1e-05,0.92,132192.000000000,0.169169156,1
input-150.tsp,3807,4500,0.98,1e-05,0.92,131456.000000000,0.170553249,1
input-150.tsp,3808,4500,0.98,1e-05,0.92,129853.871093750,0.150441253,1
input-150.tsp,3809,4500,0.98,1e-05,0.92,131600.000000000,0.164004776,1
input-150.tsp,3810,4500,0.98,1e-05,0.92,132249.031738281,0.173458751,1
input-150.tsp,3811,4500,0.98,1e-05,0.92,128944.000000000,0.167625081,1
input-150.tsp,3812,4500,0.98,1e-05,0.92,131249.437500000,0.162227221,1
input-150.tsp,3813,4500,0.98,1e-05,0.92,133120.000000000,0.167875897,1
input-150.tsp,3814,4500,0.98,1e-05,0.92,133160.500000000,0.167647862,1
input-150.tsp,3815,4500,0.98,1e-05,0.92,131264.000000000,0.166983916,1
input-150.tsp,3816,4500,0.98,1e-05,0.92,130048.000000000,0.172483493,1
input-150.tsp,3817,4500,0.98,1e-05,0.92,132200.000000000,0.171408243,1
input-150.tsp,3818,4500,0.98,1e-05,0.92,131876.062500000,0.142277871,1
input-150.tsp,3819,4500,0.98,1e-05,0.92,131255.000000000,0.165113825,1
input-150.tsp,3820,4500,0.98,1e-05,0.92,137216.000488281,0.171006978,1
input-150.tsp,3821,4500,0.98,1e-05,0.92,131303.762695312,0.160756255,1
input-150.tsp,3822,4500,0.98,1e-05,0.92,132352.750000000,0.151056488,1
input-150.tsp,3823,4500,0.98,1e-05,0.92,133120.000000000,0.168349680,1
input-150.tsp,3824,4500,0.98,1e-05,0.92,126912.000000000,0.162637534,1
input-150.tsp,3825,4500,0.98,1e-05,0.92,130518.000000000,0.165134913,1
input-150.tsp,3826,4500,0.98,1e-05,0.92,129904.000000000,0.174492306,1
input-150.tsp,3827,4500,0.98,1e-05,0.92,135168.000000000,0.162236847,1
input-150.tsp,3828,4500,0.98,1e-05,0.92,128829.421875000,0.159280230,1
input-150.tsp,3829,4500,0.98,1e-05,0.92,133120.000000000,0.161463951,1
input-150.tsp,3830,4500,0.98,1e-05,0.92,130816.000000000,0.165662448,1
input-150.tsp,3831,4500,0.98,1e-05,0.92,131272.000000000,0.163692224,1
input-150.tsp,3832,4500,0.98,1e-05,0.92,131328.000000000,0.171488546,1
input-150.tsp,3833,4500,0.98,1e-05,0.92,132608.000000000,0.161368657,1
input-150.tsp,3834,4500,0.98,1e-05,0.92,132105.015625000,0.171161301,1
input-150.tsp,3835,4500,0.98,1e-05,0.92,133155.000000000,0.171822599,1
input-150.tsp,3836,4500,0.98,1e-05,0.92,131680.000000000,0.168388660,1
input-150.tsp,3837,4500,0.98,1e-05,0.92,131088.000000000,0.159462960,1
input-150.tsp,3838,4500,0.98,1e-05,0.92,130000.000000000,0.178734432,1
input-150.tsp,3840,4500,0.98,1e-05,0.92,131776.000000000,0.174451939,1
input-150.tsp,3839,4500,0.98,1e-05,0.92,131840.000000000,0.162503003,1
input-150.tsp,3841,4500,0.98,1e-05,0.92,135170.000000000,0.172330453,1
input-150.tsp,3842,4500,0.98,1e-05,0.92,130230.500000000,0.173890455,1
input-150.tsp,3843,4500,0.98,1e-05,0.92,132096.000000000,0.166608112,1
input-150.tsp,3844,4500,0.98,1e-05,0.92,129024.000000000,0.162255555,1
input-150.tsp,3845,4500,0.98,1e-05,0.92,130048.000000000,0.148174808,1
input-150.tsp,3846,4500,0.98,1e-05,0.92,130842.000000000,33759.802748659,0
input-150.tsp,3847,4500,0.98,1e-05,0.92,133134.000000000,0.175304449,1
input-150.tsp,3848,4500,0.98,1e-05,0.92,133120.000000000,0.176374227,1
input-150.tsp,3849,4500,0.98,1e-05,0.92,130656.000000000,0.174190033,1
input-150.tsp,3850,4500,0.98,1e-05,0.92,130648.078125000,0.155543284,1
input-150.tsp,3851,4500,0.98,1e-05,0.92,131356.000000000,0.164724274,1
input-150.tsp,3852,4500,0.98,1e-05,0.92,131264.000000000,0.176678323,1
input-150.tsp,3853,4500,0.98,1e-05,0.92,127998.749511719,0.172022735,1
input-150.tsp,3854,4500,0.98,1e-05,0.92,134180.000000000,0.162263873,1
input-150.tsp,3855,4500,0.98,1e-05,0.92,133248.000000000,0.169515492,1
input-150.tsp,3856,4500,0.98,1e-05,0.92,132608.000000000,0.166639659,1
input-150.tsp,3857,4500,0.98,1e-05,0.92,133120.000000000,0.158199130,1
input-150.tsp,3858,4500,0.98,1e-05,0.92,133120.000000000,0.173791267,1
input-150.tsp,3859,4500,0.98,1e-05,0.92,133120.000000000,0.152861590,1
input-150.tsp,3860,4500,0.98,1e-05,0.92,135172.008300781,0.171700088,1
input-150.tsp,3861,4500,0.98,1e-05,0.92,129536.000000000,0.162665373,1
input-150.tsp,3862,4500,0.98,1e-05,0.92,135298.062988281,0.168314535,1
input-150.tsp,3863,4500,0.98,1e-05,0.92,131621.250000000,15762.911505440,0
input-150.tsp,3864,4500,0.98,1e-05,0.92,129280.000000000,0.179803621,1
input-150.tsp,3865,4500,0.98,1e-05,0.92,130811.125000000,0.152292786,1
input-150.tsp,3866,4500,0.98,1e-05,0.92,133248.031250000,0.163164845,1
input-150.tsp,3867,4500,0.98,1e-05,0.92,132628.000000000,0.165370382,1
input-150.tsp,3868,4500,0.98,1e-05,0.92,131584.000000000,0.172319931,1
input-150.tsp,3869,4500,0.98,1e-05,0.92,131840.000000000,0.169733494,1
input-150.tsp,3870,4500,0.98,1e-05,0.92,132096.000000000,0.148843976,1
input-150.tsp,3872,4500,0.98,1e-05,0.92,133120.000000000,0.173984172,1
input-150.tsp,3871,4500,0.98,1e-05,0.92,132929.078125000,0.158928847,1
input-150.tsp,3873,4500,0.98,1e-05,0.92,133120.000000000,0.181341487,1
input-150.tsp,3874,4500,0.98,1e-05,0.92,131584.000000000,0.163249701,1
input-150.tsp,3875,4500,0.98,1e-05,0.92,132224.000000000,0.166054524,1
input-150.tsp,3876,4500,0.98,1e-05,0.92,135168.000000000,0.177987699,1
input-150.tsp,3877,4500,0.98,1e-05,0.92,129007.718261719,0.167568948,1
input-150.tsp,3878,4500,0.98,1e-05,0.92,129024.000000000,0.161785622,1
input-150.tsp,3879,4500,0.98,1e-05,0.92,130832.000000000,0.174318832,1
input-150.tsp,3880,4500,0.98,1e-05,0.92,131200.000000000,0.158305604,1
input-150.tsp,3881,4500,0.98,1e-05,0.92,132096.000000000,0.161730324,1
input-150.tsp,3882,4500,0.98,1e-05,0.92,131328.000000000,0.167099571,1
input-150.tsp,3883,4500,0.98,1e-05,0.92,129824.000000000,0.161576679,1
input-150.tsp,3884,4500,0.98,1e-05,0.92,128486.000000000,0.169643008,1
input-150.tsp,3885,4500,0.98,1e-05,0.92,131354.000000000,0.173068946,1
input-150.tsp,3886,4500,0.98,1e-05,0.92,128512.000000000,0.168548191,1
input-150.tsp,3887,4500,0.98,1e-05,0.92,130252.000000000,0.159020717,1
input-150.tsp,3889,4500,0.98,1e-05,0.92,131254.750000000,0.152771131,1
input-150.tsp,3888,4500,0.98,1e-05,0.92,127992.000000000,0.163209929,1
input-150.tsp,3890,4500,0.98,1e-05,0.92,135168.000488281,0.167048662,1
input-150.tsp,3891,4500,0.98,1e-05,0.92,133504.000000000,0.165110303,1
input-150.tsp,3892,4500,0.98,1e-05,0.92,132392.000000000,0.170044426,1
input-150.tsp,3893,4500,0.98,1e-05,0.92,131842.000000000,0.151962508,1
input-150.tsp,3894,4500,0.98,1e-05,0.92,131200.000000000,0.159012611,1
input-150.tsp,3895,4500,0.98,1e-05,0.92,126975.999511719,33759.802895519,0
input-150.tsp,3896,4500,0.98,1e-05,0.92,131872.000000000,0.163330115,1
input-150.tsp,3897,4500,0.98,1e-05,0.92,128000.000000000,0.160545388,1
input-150.tsp,3898,4500,0.98,1e-05,0.92,132096.000000000,0.148643942,1
input-150.tsp,3899,4500,0.98,1e-05,0.92,131561.000000000,0.152095047,1
input-150.tsp,3900,4500,0.98,1e-05,0.92,130921.195312500,0.169671529,1
input-150.tsp,3901,4500,0.98,1e-05,0.92,128959.000000000,0.169152463,1
input-150.tsp,3902,4500,0.98,1e-05,0.92,131456.000000000,0.161818012,1
input-150.tsp,3903,4500,0.98,1e-05,0.92,135168.000000000,0.171617553,1
input-150.tsp,3905,4500,0.98,1e-05,0.92,130576.000000000,0.164547547,1
input-150.tsp,3904,4500,0.98,1e-05,0.92,133136.000000000,0.179420138,1
input-150.tsp,3906,4500,0.98,1e-05,0.92,132608.000000000,0.153947675,1
input-150.tsp,3907,4500,0.98,1e-05,0.92,132608.000000000,0.173577018,1
input-150.tsp,3908,4500,0.98,1e-05,0.92,130048.000000000,0.171351386,1
input-150.tsp,3909,4500,0.98,1e-05,0.92,131840.000000000,0.165768687,1
input-150.tsp,3910,4500,0.98,1e-05,0.92,132096.000000000,0.151772784,1
input-150.tsp,3911,4500,0.98,1e-05,0.92,133313.000000000,0.167506840,1
input-150.tsp,3912,4500,0.98,1e-05,0.92,136192.000000000,0.165339562,1
input-150.tsp,3913,4500,0.98,1e-05,0.92,135168.000000000,25192.729061275,0
input-150.tsp,3914,4500,0.98,1e-05,0.92,130816.000000000,0.172010611,1
input-150.tsp,3915,4500,0.98,1e-05,0.92,130720.000000000,0.170884982,1
input-150.tsp,3916,4500,0.98,1e-05,0.92,133376.000000000,0.167574418,1
input-150.tsp,3917,4500,0.98,1e-05,0.92,131840.000000000,33760.149892489,0
input-150.tsp,3918,4500,0.98,1e-05,0.92,130555.750000000,0.161669093,1
input-150.tsp,3919,4500,0.98,1e-05,0.92,128973.963867188,0.169937665,1
input-150.tsp,3920,4500,0.98,1e-05,0.92,132224.000000000,0.165548377,1
input-150.tsp,3921,4500,0.98,1e-05,0.92,132096.000000000,0.160205482,1
input-150.tsp,3922,4500,0.98,1e-05,0.92,130944.000000000,0.155489666,1
input-150.tsp,3923,4500,0.98,1e-05,0.92,132864.000000000,0.170571543,1
input-150.tsp,3924,4500,0.98,1e-05,0.92,129003.000000000,0.159199759,1
input-150.tsp,3925,4500,0.98,1e-05,0.92,132096.000000000,0.164500531,1
input-150.tsp,3926,4500,0.98,1e-05,0.92,130792.000000000,0.161891079,1
input-150.tsp,3927,4500,0.98,1e-05,0.92,133122.000000000,0.165554331,1
input-150.tsp,3928,4500,0.98,1e-05,0.92,131200.000000000,0.177838427,1
input-150.tsp,3929,4500,0.98,1e-05,0.92,133640.500000000,0.170504217,1
input-150.tsp,3930,4500,0.98,1e-05,0.92,129024.000000000,0.168841857,1
input-150.tsp,3931,4500,0.98,1e-05,0.92,132149.281738281,0.167360837,1
input-150.tsp,3932,4500,0.98,1e-05,0.92,132608.000000000,0.171944397,1
input-150.tsp,3933,4500,0.98,1e-05,0.92,133153.546875000,0.160187213,1
input-150.tsp,3934,4500,0.98,1e-05,0.92,124927.999511719,0.158894449,1
input-150.tsp,3935,4500,0.98,1e-05,0.92,132608.000000000,0.175702207,1
input-150.tsp,3936,4500,0.98,1e-05,0.92,130237.000000000,33759.806534073,0
input-150.tsp,3937,4500,0.98,1e-05,0.92,135168.000000000,0.170024293,1
input-150.tsp,3938,4500,0.98,1e-05,0.92,130304.000000000,0.157700147,1
input-150.tsp,3939,4500,0.98,1e-05,0.92,133184.001464844,33759.792000951,0
input-150.tsp,3940,4500,0.98,1e-05,0.92,130816.000000000,0.164580437,1
input-150.tsp,3941,4500,0.98,1e-05,0.92,130944.000000000,0.141284562,1
input-150.tsp,3942,4500,0.98,1e-05,0.92,126976.000000000,0.158718000,1
input-150.tsp,3943,4500,0.98,1e-05,0.92,133152.000000000,0.166897631,1
input-150.tsp,3944,4500,0.98,1e-05,0.92,130560.000000000,0.156010368,1
input-150.tsp,3945,4500,0.98,1e-05,0.92,128755.435546875,0.179295745,1
input-150.tsp,3946,4500,0.98,1e-05,0.92,129495.562500000,0.166527647,1
input-150.tsp,3947,4500,0.98,1e-05,0.92,131800.000000000,0.173797548,1
input-150.tsp,3948,4500,0.98,1e-05,0.92,131968.000000000,0.166118944,1
input-150.tsp,3949,4500,0.98,1e-05,0.92,133408.000000000,22451.876283860,0
input-150.tsp,3950,4500,0.98,1e-05,0.92,131544.250000000,0.160498734,1
input-150.tsp,3951,4500,0.98,1e-05,0.92,126976.000000000,0.164037199,1
input-150.tsp,3952,4500,0.98,1e-05,0.92,131328.000000000,0.150753375,1
input-150.tsp,3953,4500,0.98,1e-05,0.92,129398.000000000,0.176801836,1
input-150.tsp,3954,4500,0.98,1e-05,0.92,126976.000000000,0.157691014,1
input-150.tsp,3955,4500,0.98,1e-05,0.92,133216.314941406,0.163625482,1
input-150.tsp,3956,4500,0.98,1e-05,0.92,132104.000000000,0.159287176,1
input-150.tsp,3957,4500,0.98,1e-05,0.92,129963.279785156,0.149801113,1
input-150.tsp,3958,4500,0.98,1e-05,0.92,129664.000000000,0.161548366,1
input-150.tsp,3959,4500,0.98,1e-05,0.92,130048.000000000,0.172183322,1
input-150.tsp,3961,4500,0.98,1e-05,0.92,128895.990234375,0.170049112,1
input-150.tsp,3960,4500,0.98,1e-05,0.92,126720.000000000,0.155595716,1
input-150.tsp,3962,4500,0.98,1e-05,0.92,131232.000000000,0.162863976,1
input-150.tsp,3964,4500,0.98,1e-05,0.92,133130.000000000,0.165612597,1
input-150.tsp,3963,4500,0.98,1e-05,0.92,133888.000000000,0.151565540,1
input-150.tsp,3965,4500,0.98,1e-05,0.92,130588.000000000,0.153395047,1
input-150.tsp,3966,4500,0.98,1e-05,0.92,129013.562500000,0.173226997,1
input-150.tsp,3967,4500,0.98,1e-05,0.92,126960.000000000,0.144836577,1
input-150.tsp,3968,4500,0.98,1e-05,0.92,131585.500000000,0.170454849,1
input-150.tsp,3969,4500,0.98,1e-05,0.92,131584.000000000,0.156487675,1
input-150.tsp,3970,4500,0.98,1e-05,0.92,131778.156250000,0.161360892,1
input-150.tsp,3972,4500,0.98,1e-05,0.92,126975.998535156,0.148193611,1
input-150.tsp,3971,4500,0.98,1e-05,0.92,135168.000000000,0.188371353,1
input-150.tsp,3973,4500,0.98,1e-05,0.92,128512.000000000,0.151887079,1
input-150.tsp,3974,4500,0.98,1e-05,0.92,131152.718750000,0.165730318,1
input-150.tsp,3975,4500,0.98,1e-05,0.92,135168.000000000,0.162952077,1
input-150.tsp,3976,4500,0.98,1e-05,0.92,128512.000000000,0.159989931,1
input-150.tsp,3977,4500,0.98,1e-05,0.92,132886.126464844,0.161694359,1
input-150.tsp,3978,4500,0.98,1e-05,0.92,126720.000000000,0.165396567,1
input-150.tsp,3979,4500,0.98,1e-05,0.92,129488.000000000,0.169905873,1
input-150.tsp,3980,4500,0.98,1e-05,0.92,132210.000000000,0.166199055,1
input-150.tsp,3981,4500,0.98,1e-05,0.92,130816.000000000,0.169023316,1
input-150.tsp,3982,4500,0.98,1e-05,0.92,128992.000000000,0.158719799,1
input-150.tsp,3983,4500,0.98,1e-05,0.92,135680.000000000,0.157948882,1
input-150.tsp,3984,4500,0.98,1e-05,0.92,130916.414062500,0.161554285,1
input-150.tsp,3985,4500,0.98,1e-05,0.92,135232.000000000,0.164234560,1
input-150.tsp,3986,4500,0.98,1e-05,0.92,130046.000000000,33759.788471152,0
input-150.tsp,3987,4500,0.98,1e-05,0.92,133120.000000000,0.159214157,1
input-150.tsp,3988,4500,0.98,1e-05,0.92,131246.687500000,0.173442798,1
input-150.tsp,3990,4500,0.98,1e-05,0.92,128960.000000000,0.168597237,1
input-150.tsp,3989,4500,0.98,1e-05,0.92,131616.000000000,0.165244074,1
input-150.tsp,3991,4500,0.98,1e-05,0.92,131584.000000000,0.187775894,1
input-150.tsp,3992,4500,0.98,1e-05,0.92,129280.000000000,0.155494581,1
input-150.tsp,3993,4500,0.98,1e-05,0.92,131200.000000000,0.172067103,1
input-150.tsp,3994,4500,0.98,1e-05,0.92,130658.513183594,0.175720913,1
input-150.tsp,3995,4500,0.98,1e-05,0.92,134211.000000000,0.176322077,1
input-150.tsp,3996,4500,0.98,1e-05,0.92,132608.000000000,41081.383186135,0
input-150.tsp,3997,4500,0.98,1e-05,0.92,132064.000000000,0.163378300,1
input-150.tsp,3998,4500,0.98,1e-05,0.92,127487.998535156,0.148031582,1
input-150.tsp,3999,4500,0.98,1e-05,0.92,133640.000000000,0.149350260,1
input-150.tsp,4000,4500,0.98,1e-05,0.92,133252.000000000,0.171223123,1
input-150.tsp,4001,4500,0.98,1e-05,0.92,128704.000000000,0.166965158,1
input-150.tsp,4002,4500,0.98,1e-05,0.92,132736.000000000,0.168527205,1
input-150.tsp,4003,4500,0.98,1e-05,0.92,129536.000000000,0.167047240,1
input-150.tsp,4004,4500,0.98,1e-05,0.92,133128.250000000,0.173594520,1
input-150.tsp,4005,4500,0.98,1e-05,0.92,132616.000000000,0.165091080,1
input-150.tsp,4006,4500,0.98,1e-05,0.92,131456.000000000,0.165356251,1
input-150.tsp,4007,4500,0.98,1e-05,0.92,126720.000000000,0.175968225,1
input-150.tsp,4008,4500,0.98,1e-05,0.92,131728.000000000,0.163873105,1
input-150.tsp,4009,4500,0.98,1e-05,0.92,129018.968750000,0.171646398,1
input-150.tsp,4010,4500,0.98,1e-05,0.92,128000.000000000,0.156396850,1
input-150.tsp,4011,4500,0.98,1e-05,0.92,133120.000000000,0.165024323,1
input-150.tsp,4012,4500,0.98,1e-05,0.92,132160.000000000,33759.798385391,0
input-150.tsp,4013,4500,0.98,1e-05,0.92,126975.999511719,0.150415251,1
input-150.tsp,4014,4500,0.98,1e-05,0.92,131126.208496094,33759.795233720,0
input-150.tsp,4015,4500,0.98,1e-05,0.92,133137.000000000,0.162667324,1
input-150.tsp,4016,4500,0.98,1e-05,0.92,131136.000000000,0.152436983,1
input-150.tsp,4017,4500,0.98,1e-05,0.92,126976.000000000,0.173254029,1
input-150.tsp,4018,4500,0.98,1e-05,0.92,128000.000000000,0.156805136,1
input-150.tsp,4019,4500,0.98,1e-05,0.92,128896.000000000,0.163320154,1
input-150.tsp,4020,4500,0.98,1e-05,0.92,129664.000000000,0.173021674,1
input-150.tsp,4021,4500,0.98,1e-05,0.92,131584.000000000,0.152688781,1
input-150.tsp,4022,4500,0.98,1e-05,0.92,130596.906250000,41081.395419949,0
input-150.tsp,4023,4500,0.98,1e-05,0.92,135168.000000000,0.176727804,1
input-150.tsp,4024,4500,0.98,1e-05,0.92,131250.778808594,0.163977049,1
input-150.tsp,4025,4500,0.98,1e-05,0.92,128768.000000000,0.168072622,1
input-150.tsp,4026,4500,0.98,1e-05,0.92,131328.000000000,0.172679427,1
input-150.tsp,4027,4500,0.98,1e-05,0.92,132096.000000000,0.151827897,1
input-150.tsp,4028,4500,0.98,1e-05,0.92,134400.000000000,33760.101982226,0
input-150.tsp,4029,4500,0.98,1e-05,0.92,130832.000000000,0.157346357,1
input-150.tsp,4030,4500,0.98,1e-05,0.92,133120.000000000,0.167199576,1
input-150.tsp,4031,4500,0.98,1e-05,0.92,132096.000000000,0.169179578,1
input-150.tsp,4032,4500,0.98,1e-05,0.92,131912.000000000,0.152421536,1
input-150.tsp,4033,4500,0.98,1e-05,0.92,131292.875000000,0.167814942,1
input-150.tsp,4034,4500,0.98,1e-05,0.92,131328.000000000,0.171446982,1
input-150.tsp,4035,4500,0.98,1e-05,0.92,131318.000000000,0.156809841,1
input-150.tsp,4036,4500,0.98,1e-05,0.92,135170.000000000,0.163111418,1
input-150.tsp,4037,4500,0.98,1e-05,0.92,131356.000000000,0.164626965,1
input-150.tsp,4038,4500,0.98,1e-05,0.92,130188.812500000,0.173075615,1
input-150.tsp,4039,4500,0.98,1e-05,0.92,132096.000000000,33759.794499410,0
input-150.tsp,4040,4500,0.98,1e-05,0.92,131906.625000000,0.185074667,1
input-150.tsp,4041,4500,0.98,1e-05,0.92,129024.000000000,0.169368113,1
input-150.tsp,4042,4500,0.98,1e-05,0.92,131648.000000000,0.164466907,1
input-150.tsp,4043,4500,0.98,1e-05,0.92,126976.000000000,0.180892171,1
input-150.tsp,4044,4500,0.98,1e-05,0.92,129536.000000000,0.139346564,1
input-150.tsp,4045,4500,0.98,1e-05,0.92,131051.000000000,0.175472578,1
input-150.tsp,4046,4500,0.98,1e-05,0.92,132608.000000000,0.167553777,1
input-150.tsp,4047,4500,0.98,1e-05,0.92,133184.000000000,0.169423847,1
input-150.tsp,4048,4500,0.98,1e-05,0.92,130816.000000000,0.168123161,1
input-150.tsp,4049,4500,0.98,1e-05,0.92,131100.000000000,0.167841958,1
input-150.tsp,4050,4500,0.98,1e-05,0.92,131840.000000000,0.167507169,1
input-150.tsp,4052,4500,0.98,1e-05,0.92,131840.000000000,0.162679438,1
input-150.tsp,4051,4500,0.98,1e-05,0.92,132112.000000000,0.159649522,1
input-150.tsp,4053,4500,0.98,1e-05,0.92,132864.250000000,0.166179554,1
input-150.tsp,4054,4500,0.98,1e-05,0.92,132178.000000000,0.164430040,1
input-150.tsp,4055,4500,0.98,1e-05,0.92,130816.000000000,0.162509673,1
input-150.tsp,4056,4500,0.98,1e-05,0.92,131584.000000000,0.166138844,1
input-150.tsp,4057,4500,0.98,1e-05,0.92,129024.000000000,0.166950286,1
input-150.tsp,4058,4500,0.98,1e-05,0.92,127999.952636719,0.162911010,1
input-150.tsp,4059,4500,0.98,1e-05,0.92,133120.000000000,0.150536408,1
input-150.tsp,4060,4500,0.98,1e-05,0.92,133120.003906250,0.174379866,1
input-150.tsp,4061,4500,0.98,1e-05,0.92,131139.000000000,0.163111483,1
input-150.tsp,4062,4500,0.98,1e-05,0.92,131584.000000000,0.163497781,1
input-150.tsp,4063,4500,0.98,1e-05,0.92,133192.000000000,0.164935825,1
input-150.tsp,4064,4500,0.98,1e-05,0.92,131264.000000000,0.173306831,1
input-150.tsp,4065,4500,0.98,1e-05,0.92,131368.411621094,0.175481281,1
input-150.tsp,4066,4500,0.98,1e-05,0.92,130304.000000000,0.161727937,1
input-150.tsp,4067,4500,0.98,1e-05,0.92,131584.000000000,0.167599812,1
input-150.tsp,4068,4500,0.98,1e-05,0.92,131840.000000000,0.176685994,1
input-150.tsp,4069,4500,0.98,1e-05,0.92,133120.000000000,0.167128379,1
input-150.tsp,4070,4500,0.98,1e-05,0.92,131427.336425781,0.172684084,1
input-150.tsp,4071,4500,0.98,1e-05,0.92,129023.968750000,0.171832751,1
input-150.tsp,4072,4500,0.98,1e-05,0.92,130944.000000000,0.151357033,1
input-150.tsp,4073,4500,0.98,1e-05,0.92,131170.664550781,0.154588360,1
input-150.tsp,4074,4500,0.98,1e-05,0.92,129024.000000000,0.170643538,1
input-150.tsp,4075,4500,0.98,1e-05,0.92,132352.000000000,39990.537715304,0
input-150.tsp,4076,4500,0.98,1e-05,0.92,134208.000000000,0.169892113,1
input-150.tsp,4077,4500,0.98,1e-05,0.92,131203.000000000,0.165614806,1
input-150.tsp,4078,4500,0.98,1e-05,0.92,139264.000000000,0.146075704,1
input-150.tsp,4079,4500,0.98,1e-05,0.92,135168.000000000,0.147952453,1
input-150.tsp,4080,4500,0.98,1e-05,0.92,129024.000000000,0.164166900,1
input-150.tsp,4081,4500,0.98,1e-05,0.92,133120.000000000,33759.810145332,0
input-150.tsp,4082,4500,0.98,1e-05,0.92,132096.000000000,0.165880156,1
input-150.tsp,4083,4500,0.98,1e-05,0.92,133120.125000000,0.156042456,1
input-150.tsp,4084,4500,0.98,1e-05,0.92,129024.000000000,0.165689379,1
input-150.tsp,4085,4500,0.98,1e-05,0.92,128512.000000000,0.178061466,1
input-150.tsp,4086,4500,0.98,1e-05,0.92,135168.125000000,0.159428455,1
input-150.tsp,4087,4500,0.98,1e-05,0.92,129024.000000000,0.173492051,1
input-150.tsp,4088,4500,0.98,1e-05,0.92,130800.000000000,0.167083008,1
input-150.tsp,4089,4500,0.98,1e-05,0.92,132096.000000000,0.169223798,1
input-150.tsp,4090,4500,0.98,1e-05,0.92,131432.000000000,0.164516160,1
input-150.tsp,4091,4500,0.98,1e-05,0.92,129151.500000000,0.168546658,1
input-150.tsp,4092,4500,0.98,1e-05,0.92,132636.000000000,0.161506195,1
input-150.tsp,4093,4500,0.98,1e-05,0.92,130992.000000000,0.160251293,1
input-150.tsp,4094,4500,0.98,1e-05,0.92,132224.503906250,0.170269384,1
input-150.tsp,4095,4500,0.98,1e-05,0.92,131584.000000000,0.167313713,1
input-150.tsp,4096,4500,0.98,1e-05,0.92,127872.000000000,0.166616531,1
input-150.tsp,4097,4500,0.98,1e-05,0.92,128690.199218750,0.165400392,1
input-150.tsp,4098,4500,0.98,1e-05,0.92,132208.750000000,0.159913629,1
input-150.tsp,4099,4500,0.98,1e-05,0.92,135169.007812500,0.161995834,1
input-150.tsp,4100,4500,0.98,1e-05,0.92,132096.000000000,0.167055292,1
input-150.tsp,4101,4500,0.98,1e-05,0.92,131456.000000000,0.177332013,1
input-150.tsp,4102,4500,0.98,1e-05,0.92,133120.000000000,0.180533140,1
input-150.tsp,4103,4500,0.98,1e-05,0.92,133120.000000000,0.149037828,1
input-150.tsp,4104,4500,0.98,1e-05,0.92,132800.000000000,0.182181940,1
input-150.tsp,4105,4500,0.98,1e-05,0.92,130496.000000000,0.159994263,1
input-150.tsp,4106,4500,0.98,1e-05,0.92,130920.000000000,0.167075200,1
input-150.tsp,4107,4500,0.98,1e-05,0.92,131420.098144531,0.168118962,1
input-150.tsp,4108,4500,0.98,1e-05,0.92,131309.007812500,0.157846528,1
input-150.tsp,4109,4500,0.98,1e-05,0.92,133120.000000000,0.144825285,1
input-150.tsp,4110,4500,0.98,1e-05,0.92,132096.000000000,0.155408789,1
input-150.tsp,4111,4500,0.98,1e-05,0.92,131456.000000000,0.165899272,1
input-150.tsp,4112,4500,0.98,1e-05,0.92,130512.953125000,0.170785513,1
input-150.tsp,4113,4500,0.98,1e-05,0.92,131328.000000000,0.170249477,1
input-150.tsp,4114,4500,0.98,1e-05,0.92,135168.000000000,0.170491814,1
input-150.tsp,4115,4500,0.98,1e-05,0.92,131686.000000000,0.159552516,1
input-150.tsp,4116,4500,0.98,1e-05,0.92,125952.000000000,0.150768799,1
input-150.tsp,4117,4500,0.98,1e-05,0.92,133252.000000000,0.164254936,1
input-150.tsp,4118,4500,0.98,1e-05,0.92,132490.000000000,0.153349126,1
input-150.tsp,4119,4500,0.98,1e-05,0.92,130560.000000000,0.171374455,1
input-150.tsp,4121,4500,0.98,1e-05,0.92,131840.000000000,0.162237234,1
input-150.tsp,4120,4500,0.98,1e-05,0.92,128717.500000000,0.170006746,1
input-150.tsp,4122,4500,0.98,1e-05,0.92,133120.000000000,0.190636708,1
input-150.tsp,4124,4500,0.98,1e-05,0.92,131840.000000000,0.153407728,1
input-150.tsp,4123,4500,0.98,1e-05,0.92,132096.000000000,0.163068186,1
input-150.tsp,4125,4500,0.98,1e-05,0.92,135168.000000000,33759.794191366,0
input-150.tsp,4126,4500,0.98,1e-05,0.92,135296.500000000,0.165847786,1
input-150.tsp,4127,4500,0.98,1e-05,0.92,131584.000000000,0.164915764,1
input-150.tsp,4128,4500,0.98,1e-05,0.92,128440.000000000,0.164495779,1
input-150.tsp,4129,4500,0.98,1e-05,0.92,131525.578125000,0.159124214,1
input-150.tsp,4130,4500,0.98,1e-05,0.92,132096.000000000,0.179230132,1
input-150.tsp,4131,4500,0.98,1e-05,0.92,135168.000000000,0.150078299,1
input-150.tsp,4133,4500,0.98,1e-05,0.92,132098.512207031,41081.385085712,0
input-150.tsp,4132,4500,0.98,1e-05,0.92,130032.000000000,0.168021672,1
input-150.tsp,4134,4500,0.98,1e-05,0.92,129408.000000000,0.173305742,1
input-150.tsp,4135,4500,0.98,1e-05,0.92,130304.000000000,0.159180531,1
input-150.tsp,4136,4500,0.98,1e-05,0.92,130319.933105469,0.148210657,1
input-150.tsp,4137,4500,0.98,1e-05,0.92,135168.000488281,0.170405918,1
input-150.tsp,4138,4500,0.98,1e-05,0.92,135168.000000000,0.164018038,1
input-150.tsp,4139,4500,0.98,1e-05,0.92,128744.000000000,0.172767822,1
input-150.tsp,4140,4500,0.98,1e-05,0.92,126976.000000000,0.148215328,1
input-150.tsp,4141,4500,0.98,1e-05,0.92,131968.000000000,0.157438085,1
input-150.tsp,4142,4500,0.98,1e-05,0.92,135172.000000000,0.162833588,1
input-150.tsp,4143,4500,0.98,1e-05,0.92,132352.000000000,0.153860778,1
input-150.tsp,4144,4500,0.98,1e-05,0.92,131584.000000000,0.184457218,1
input-150.tsp,4145,4500,0.98,1e-05,0.92,129024.000000000,0.168044038,1
input-150.tsp,4146,4500,0.98,1e-05,0.92,132608.000000000,0.159450288,1
input-150.tsp,4149,4500,0.98,1e-05,0.92,128479.000000000,0.165155844,1
input-150.tsp,4148,4500,0.98,1e-05,0.92,131129.628417969,0.156162418,1
input-150.tsp,4147,4500,0.98,1e-05,0.92,126976.000000000,0.169655402,1
input-150.tsp,4150,4500,0.98,1e-05,0.92,133120.000000000,0.169181083,1
input-150.tsp,4151,4500,0.98,1e-05,0.92,133376.000000000,0.154822517,1
input-150.tsp,4152,4500,0.98,1e-05,0.92,130263.500000000,0.156684017,1
input-150.tsp,4153,4500,0.98,1e-05,0.92,133632.000000000,0.167728954,1
input-150.tsp,4154,4500,0.98,1e-05,0.92,132096.000000000,0.152561711,1
input-150.tsp,4156,4500,0.98,1e-05,0.92,132128.000000000,0.178233410,1
input-150.tsp,4155,4500,0.98,1e-05,0.92,126975.000000000,0.162803441,1
input-150.tsp,4157,4500,0.98,1e-05,0.92,133120.000000000,0.172173598,1
input-150.tsp,4158,4500,0.98,1e-05,0.92,126976.000000000,0.168072007,1
input-150.tsp,4159,4500,0.98,1e-05,0.92,132352.000000000,0.142195088,1
input-150.tsp,4160,4500,0.98,1e-05,0.92,135488.000000000,0.163777419,1
input-150.tsp,4161,4500,0.98,1e-05,0.92,133120.000000000,0.165805486,1
input-150.tsp,4162,4500,0.98,1e-05,0.92,131104.000000000,0.155463713,1
input-150.tsp,4164,4500,0.98,1e-05,0.92,133120.000000000,0.148675769,1
input-150.tsp,4163,4500,0.98,1e-05,0.92,131456.000000000,0.155673351,1
input-150.tsp,4165,4500,0.98,1e-05,0.92,132236.063476562,0.170960427,1
input-150.tsp,4166,4500,0.98,1e-05,0.92,132105.250000000,0.159288330,1
input-150.tsp,4168,4500,0.98,1e-05,0.92,131328.000000000,0.166032821,1
input-150.tsp,4167,4500,0.98,1e-05,0.92,131200.000000000,0.177262488,1
input-150.tsp,4169,4500,0.98,1e-05,0.92,131812.000000000,0.179196981,1
input-150.tsp,4170,4500,0.98,1e-05,0.92,135168.000000000,0.147518828,1
input-150.tsp,4172,4500,0.98,1e-05,0.92,130968.000000000,0.169312186,1
input-150.tsp,4171,4500,0.98,1e-05,0.92,133120.000000000,0.152631094,1
input-150.tsp,4173,4500,0.98,1e-05,0.92,132096.000000000,0.163946418,1
input-150.tsp,4174,4500,0.98,1e-05,0.92,131744.000000000,0.172752951,1
input-150.tsp,4175,4500,0.98,1e-05,0.92,139264.000000000,0.168420569,1
input-150.tsp,4176,4500,0.98,1e-05,0.92,129536.000000000,0.171712422,1
input-150.tsp,4177,4500,0.98,1e-05,0.92,131024.000000000,0.158735354,1
input-150.tsp,4178,4500,0.98,1e-05,0.92,129024.000000000,0.164810673,1
input-150.tsp,4179,4500,0.98,1e-05,0.92,129536.000000000,0.169475720,1
input-150.tsp,4180,4500,0.98,1e-05,0.92,129024.000000000,0.167419490,1
input-150.tsp,4181,4500,0.98,1e-05,0.92,129024.000000000,41081.378006952,0
input-150.tsp,4182,4500,0.98,1e-05,0.92,135296.000000000,41081.394115637,0
input-150.tsp,4184,4500,0.98,1e-05,0.92,133120.000000000,0.172858213,1
input-150.tsp,4183,4500,0.98,1e-05,0.92,132592.378906250,0.161212968,1
input-150.tsp,4185,4500,0.98,1e-05,0.92,135168.000000000,0.168549869,1
input-150.tsp,4186,4500,0.98,1e-05,0.92,133632.000000000,0.150223785,1
input-150.tsp,4187,4500,0.98,1e-05,0.92,131584.000000000,0.173293832,1
input-150.tsp,4188,4500,0.98,1e-05,0.92,131372.000000000,0.170438621,1
input-150.tsp,4189,4500,0.98,1e-05,0.92,131840.000000000,0.165492510,1
input-150.tsp,4190,4500,0.98,1e-05,0.92,126976.000000000,0.166142921,1
input-150.tsp,4191,4500,0.98,1e-05,0.92,129500.000000000,0.169561892,1
input-150.tsp,4192,4500,0.98,1e-05,0.92,131240.000000000,0.169774840,1
input-150.tsp,4193,4500,0.98,1e-05,0.92,131136.000000000,0.162542278,1
input-150.tsp,4194,4500,0.98,1e-05,0.92,129024.000000000,0.163845212,1
input-150.tsp,4195,4500,0.98,1e-05,0.92,131456.000000000,0.172576885,1
input-150.tsp,4196,4500,0.98,1e-05,0.92,129808.000000000,33759.796254520,0
input-150.tsp,4197,4500,0.98,1e-05,0.92,132136.518066406,0.146130305,1
input-150.tsp,4198,4500,0.98,1e-05,0.92,133248.000000000,0.165760359,1
input-150.tsp,4199,4500,0.98,1e-05,0.92,130048.000000000,0.150722520,1
input-150.tsp,4200,4500,0.98,1e-05,0.92,131082.875000000,0.164133375,1
input-150.tsp,4201,4500,0.98,1e-05,0.92,132096.000000000,0.166723113,1
input-150.tsp,4202,4500,0.98,1e-05,0.92,129023.780761719,0.179355033,1
input-150.tsp,4203,4500,0.98,1e-05,0.92,131200.000000000,0.152757179,1
input-150.tsp,4204,4500,0.98,1e-05,0.92,133120.000000000,0.171764882,1
input-150.tsp,4205,4500,0.98,1e-05,0.92,129536.000000000,0.171834785,1
input-150.tsp,4206,4500,0.98,1e-05,0.92,132129.000000000,0.157486476,1
input-150.tsp,4207,4500,0.98,1e-05,0.92,127999.968750000,0.174626363,1
input-150.tsp,4208,4500,0.98,1e-05,0.92,133376.000000000,0.163985441,1
input-150.tsp,4209,4500,0.98,1e-05,0.92,132096.000000000,0.157883766,1
input-150.tsp,4210,4500,0.98,1e-05,0.92,131200.000000000,0.178552005,1
input-150.tsp,4211,4500,0.98,1e-05,0.92,129756.000000000,33759.792765318,0
input-150.tsp,4212,4500,0.98,1e-05,0.92,131104.000000000,0.167970101,1
input-150.tsp,4213,4500,0.98,1e-05,0.92,133121.000000000,0.155010502,1
input-150.tsp,4214,4500,0.98,1e-05,0.92,135168.000000000,0.169258433,1
input-150.tsp,4215,4500,0.98,1e-05,0.92,133376.008300781,0.156320238,1
input-150.tsp,4216,4500,0.98,1e-05,0.92,131350.750000000,0.179944684,1
input-150.tsp,4217,4500,0.98,1e-05,0.92,133272.000000000,0.177653960,1
input-150.tsp,4218,4500,0.98,1e-05,0.92,133120.000000000,0.173342048,1
input-150.tsp,4219,4500,0.98,1e-05,0.92,129024.000000000,0.175731138,1
input-150.tsp,4220,4500,0.98,1e-05,0.92,135300.000000000,0.161878529,1
input-150.tsp,4222,4500,0.98,1e-05,0.92,130432.000000000,0.147533414,1
input-150.tsp,4221,4500,0.98,1e-05,0.92,135168.000000000,0.151894551,1
input-150.tsp,4223,4500,0.98,1e-05,0.92,129728.000000000,0.166484456,1
input-150.tsp,4224,4500,0.98,1e-05,0.92,128991.750000000,0.163230296,1
input-150.tsp,4225,4500,0.98,1e-05,0.92,128992.000000000,0.163633814,1
input-150.tsp,4226,4500,0.98,1e-05,0.92,132480.500000000,0.161322119,1
input-150.tsp,4227,4500,0.98,1e-05,0.92,132234.078613281,0.162344035,1
input-150.tsp,4228,4500,0.98,1e-05,0.92,130528.000000000,0.175244815,1
input-150.tsp,4229,4500,0.98,1e-05,0.92,135168.000000000,0.145563222,1
input-150.tsp,4230,4500,0.98,1e-05,0.92,130560.000000000,0.173050974,1
input-150.tsp,4231,4500,0.98,1e-05,0.92,131328.000000000,0.154136807,1
input-150.tsp,4232,4500,0.98,1e-05,0.92,130688.000000000,0.170189278,1
input-150.tsp,4233,4500,0.98,1e-05,0.92,130832.937500000,0.158967435,1
input-150.tsp,4234,4500,0.98,1e-05,0.92,135168.000000000,41081.375209454,0
input-150.tsp,4235,4500,0.98,1e-05,0.92,132104.000000000,0.155687762,1
input-150.tsp,4236,4500,0.98,1e-05,0.92,131360.000000000,0.150678223,1
input-150.tsp,4237,4500,0.98,1e-05,0.92,135168.000000000,0.165436356,1
input-150.tsp,4238,4500,0.98,1e-05,0.92,131584.000000000,0.162462402,1
input-150.tsp,4239,4500,0.98,1e-05,0.92,131134.000000000,0.155661172,1
input-150.tsp,4240,4500,0.98,1e-05,0.92,128768.000000000,0.167304011,1
input-150.tsp,4241,4500,0.98,1e-05,0.92,129024.000000000,0.164495980,1
input-150.tsp,4242,4500,0.98,1e-05,0.92,131584.000000000,0.161325249,1
input-150.tsp,4243,4500,0.98,1e-05,0.92,132786.000000000,0.165008305,1
input-150.tsp,4244,4500,0.98,1e-05,0.92,131776.000000000,0.162025012,1
input-150.tsp,4246,4500,0.98,1e-05,0.92,131668.433593750,0.168261352,1
input-150.tsp,4245,4500,0.98,1e-05,0.92,130477.136230469,0.188341094,1
input-150.tsp,4247,4500,0.98,1e-05,0.92,131230.384765625,0.168081619,1
input-150.tsp,4248,4500,0.98,1e-05,0.92,135808.000000000,0.166171834,1
input-150.tsp,4249,4500,0.98,1e-05,0.92,128512.000000000,0.173602700,1
input-150.tsp,4250,4500,0.98,1e-05,0.92,126968.000000000,0.161944004,1
input-150.tsp,4251,4500,0.98,1e-05,0.92,131568.000000000,0.168298275,1
input-150.tsp,4253,4500,0.98,1e-05,0.92,128880.000000000,0.159375722,1
input-150.tsp,4252,4500,0.98,1e-05,0.92,133124.019531250,0.171836711,1
input-150.tsp,4254,4500,0.98,1e-05,0.92,130624.000000000,0.169317276,1
input-150.tsp,4255,4500,0.98,1e-05,0.92,133120.000000000,0.171027329,1
input-150.tsp,4256,4500,0.98,1e-05,0.92,130944.000000000,41081.393660624,0
input-150.tsp,4257,4500,0.98,1e-05,0.92,131236.608398438,0.173885377,1
input-150.tsp,4258,4500,0.98,1e-05,0.92,132096.000000000,0.144678983,1
input-150.tsp,4259,4500,0.98,1e-05,0.92,130350.000000000,0.169253532,1
input-150.tsp,4261,4500,0.98,1e-05,0.92,129965.839843750,0.153159596,1
input-150.tsp,4260,4500,0.98,1e-05,0.92,131618.503906250,0.168981586,1
input-150.tsp,4262,4500,0.98,1e-05,0.92,129472.000000000,9716.191331517,0
input-150.tsp,4263,4500,0.98,1e-05,0.92,126960.000000000,0.153586325,1
input-150.tsp,4264,4500,0.98,1e-05,0.92,132228.328125000,33759.811191824,0
input-150.tsp,4265,4500,0.98,1e-05,0.92,135168.125000000,0.169455695,1
input-150.tsp,4266,4500,0.98,1e-05,0.92,132146.250000000,0.148728058,1
input-150.tsp,4268,4500,0.98,1e-05,0.92,132096.000000000,0.168236047,1
input-150.tsp,4267,4500,0.98,1e-05,0.92,131328.000000000,0.166947316,1
input-150.tsp,4269,4500,0.98,1e-05,0.92,130980.802734375,0.149954139,1
input-150.tsp,4270,4500,0.98,1e-05,0.92,131888.000000000,0.178441403,1
input-150.tsp,4271,4500,0.98,1e-05,0.92,130588.000000000,0.161488441,1
input-150.tsp,4272,4500,0.98,1e-05,0.92,131328.000000000,0.165984516,1
input-150.tsp,4273,4500,0.98,1e-05,0.92,132096.000000000,0.149525973,1
input-150.tsp,4274,4500,0.98,1e-05,0.92,132608.000000000,0.171474456,1
input-150.tsp,4275,4500,0.98,1e-05,0.92,139264.000488281,0.170611643,1
input-150.tsp,4276,4500,0.98,1e-05,0.92,131904.000000000,0.151895728,1
input-150.tsp,4277,4500,0.98,1e-05,0.92,129792.000000000,0.164509162,1
input-150.tsp,4278,4500,0.98,1e-05,0.92,130624.000000000,0.156037126,1
input-150.tsp,4279,4500,0.98,1e-05,0.92,135168.000000000,0.176533958,1
input-150.tsp,4280,4500,0.98,1e-05,0.92,128187.718750000,0.168178716,1
input-150.tsp,4281,4500,0.98,1e-05,0.92,135176.000000000,0.156896052,1
input-150.tsp,4282,4500,0.98,1e-05,0.92,131384.000000000,0.180527464,1
input-150.tsp,4284,4500,0.98,1e-05,0.92,133124.059082031,34352.335041041,0
input-150.tsp,4283,4500,0.98,1e-05,0.92,133376.000000000,0.159608722,1
input-150.tsp,4285,4500,0.98,1e-05,0.92,129024.000000000,0.166244677,1
input-150.tsp,4286,4500,0.98,1e-05,0.92,132224.000000000,0.173290623,1
input-150.tsp,4287,4500,0.98,1e-05,0.92,133120.000000000,0.168589120,1
input-150.tsp,4288,4500,0.98,1e-05,0.92,131147.593750000,0.167542821,1
input-150.tsp,4289,4500,0.98,1e-05,0.92,131372.000000000,0.168434978,1
input-150.tsp,4290,4500,0.98,1e-05,0.92,131590.250000000,0.171080950,1
input-150.tsp,4291,4500,0.98,1e-05,0.92,133184.000000000,0.163414509,1
input-150.tsp,4292,4500,0.98,1e-05,0.92,130048.000000000,0.154795136,1
input-150.tsp,4293,4500,0.98,1e-05,0.92,130555.500000000,0.177630738,1
input-150.tsp,4294,4500,0.98,1e-05,0.92,131296.000000000,0.169769679,1
input-150.tsp,4295,4500,0.98,1e-05,0.92,129536.000000000,0.174313414,1
input-150.tsp,4296,4500,0.98,1e-05,0.92,126976.000000000,0.162609027,1
input-150.tsp,4297,4500,0.98,1e-05,0.92,131520.000000000,0.163932448,1
input-150.tsp,4298,4500,0.98,1e-05,0.92,135236.000000000,0.162525023,1
input-150.tsp,4300,4500,0.98,1e-05,0.92,130560.000000000,0.161761172,1
input-150.tsp,4301,4500,0.98,1e-05,0.92,130304.000000000,0.171972873,1
input-150.tsp,4299,4500,0.98,1e-05,0.92,128239.739746094,0.166935614,1
input-150.tsp,4302,4500,0.98,1e-05,0.92,132326.410644531,0.166444801,1
input-150.tsp,4303,4500,0.98,1e-05,0.92,131828.000000000,0.163857355,1
input-150.tsp,4304,4500,0.98,1e-05,0.92,132096.000000000,0.154649418,1
input-150.tsp,4305,4500,0.98,1e-05,0.92,132304.023437500,0.153273997,1
input-150.tsp,4306,4500,0.98,1e-05,0.92,129024.000000000,0.150994134,1
input-150.tsp,4308,4500,0.98,1e-05,0.92,130048.000000000,0.171004821,1
input-150.tsp,4307,4500,0.98,1e-05,0.92,129024.000000000,0.155863772,1
input-150.tsp,4309,4500,0.98,1e-05,0.92,131584.000000000,0.167993017,1
input-150.tsp,4310,4500,0.98,1e-05,0.92,132417.000000000,0.163037691,1
input-150.tsp,4311,4500,0.98,1e-05,0.92,135168.000000000,0.162279780,1
input-150.tsp,4312,4500,0.98,1e-05,0.92,133120.000000000,0.171349053,1
input-150.tsp,4313,4500,0.98,1e-05,0.92,127871.484375000,0.166500736,1
input-150.tsp,4314,4500,0.98,1e-05,0.92,131744.000000000,0.146859155,1
input-150.tsp,4315,4500,0.98,1e-05,0.92,127999.999511719,0.169606487,1
input-150.tsp,4317,4500,0.98,1e-05,0.92,131603.062500000,0.170031389,1
input-150.tsp,4316,4500,0.98,1e-05,0.92,131008.000000000,0.162978493,1
input-150.tsp,4318,4500,0.98,1e-05,0.92,129854.000000000,0.163224953,1
input-150.tsp,4319,4500,0.98,1e-05,0.92,128955.989746094,0.160022205,1
input-150.tsp,4320,4500,0.98,1e-05,0.92,133458.000000000,0.166652635,1
input-150.tsp,4321,4500,0.98,1e-05,0.92,135432.000488281,0.174736849,1
input-150.tsp,4322,4500,0.98,1e-05,0.92,133184.000000000,0.163398709,1
input-150.tsp,4323,4500,0.98,1e-05,0.92,131132.000000000,0.152231508,1
input-150.tsp,4324,4500,0.98,1e-05,0.92,132096.000000000,0.147452449,1
input-150.tsp,4325,4500,0.98,1e-05,0.92,133184.000488281,0.167464947,1
input-150.tsp,4326,4500,0.98,1e-05,0.92,132286.750000000,0.168938567,1
input-150.tsp,4327,4500,0.98,1e-05,0.92,131520.000000000,33759.799311529,0
input-150.tsp,4328,4500,0.98,1e-05,0.92,132288.000000000,0.172067566,1
input-150.tsp,4329,4500,0.98,1e-05,0.92,130925.000000000,0.165679863,1
input-150.tsp,4330,4500,0.98,1e-05,0.92,132288.000000000,0.146856867,1
input-150.tsp,4331,4500,0.98,1e-05,0.92,131732.500000000,0.172118754,1
input-150.tsp,4332,4500,0.98,1e-05,0.92,130816.000000000,0.159894417,1
input-150.tsp,4333,4500,0.98,1e-05,0.92,128670.492187500,0.160980577,1
input-150.tsp,4334,4500,0.98,1e-05,0.92,129024.000000000,0.176980379,1
input-150.tsp,4335,4500,0.98,1e-05,0.92,131392.000000000,0.159785097,1
input-150.tsp,4336,4500,0.98,1e-05,0.92,130944.000000000,0.171211657,1
input-150.tsp,4337,4500,0.98,1e-05,0.92,131320.000000000,0.156911537,1
input-150.tsp,4338,4500,0.98,1e-05,0.92,130167.907714844,0.155939309,1
input-150.tsp,4339,4500,0.98,1e-05,0.92,133120.000000000,0.168901630,1
input-150.tsp,4340,4500,0.98,1e-05,0.92,131664.000000000,0.174514036,1
input-150.tsp,4341,4500,0.98,1e-05,0.92,131616.000000000,0.159499443,1
input-150.tsp,4342,4500,0.98,1e-05,0.92,133410.015625000,0.162576101,1
input-150.tsp,4343,4500,0.98,1e-05,0.92,129024.000000000,0.169349283,1
input-150.tsp,4344,4500,0.98,1e-05,0.92,132096.000000000,0.166021218,1
input-150.tsp,4345,4500,0.98,1e-05,0.92,132160.000000000,0.160422695,1
input-150.tsp,4346,4500,0.98,1e-05,0.92,133140.000000000,0.170118546,1
input-150.tsp,4347,4500,0.98,1e-05,0.92,133120.000000000,33760.097212158,0
input-150.tsp,4348,4500,0.98,1e-05,0.92,132688.016113281,0.148510004,1
input-150.tsp,4349,4500,0.98,1e-05,0.92,131616.000000000,0.172322996,1
input-150.tsp,4350,4500,0.98,1e-05,0.92,132610.000000000,0.145609318,1
input-150.tsp,4351,4500,0.98,1e-05,0.92,130048.000000000,0.164896106,1
input-150.tsp,4352,4500,0.98,1e-05,0.92,134145.250000000,0.163614269,1
input-150.tsp,4353,4500,0.98,1e-05,0.92,131294.000000000,0.160513999,1
input-150.tsp,4354,4500,0.98,1e-05,0.92,128896.000000000,0.166069736,1
input-150.tsp,4355,4500,0.98,1e-05,0.92,131680.000000000,0.172230397,1
input-150.tsp,4356,4500,0.98,1e-05,0.92,133520.000000000,19615.257287850,0
input-150.tsp,4357,4500,0.98,1e-05,0.92,133120.000000000,33759.794332784,0
input-150.tsp,4358,4500,0.98,1e-05,0.92,132160.000000000,0.172612779,1
input-150.tsp,4359,4500,0.98,1e-05,0.92,134144.000000000,0.166894604,1
input-150.tsp,4360,4500,0.98,1e-05,0.92,129024.000000000,0.171305852,1
input-150.tsp,4361,4500,0.98,1e-05,0.92,132096.000000000,0.157149737,1
input-150.tsp,4362,4500,0.98,1e-05,0.92,131840.000000000,0.153636598,1
input-150.tsp,4363,4500,0.98,1e-05,0.92,133696.000000000,33759.790980063,0
input-150.tsp,4364,4500,0.98,1e-05,0.92,132096.000000000,0.165022262,1
input-150.tsp,4365,4500,0.98,1e-05,0.92,133120.000000000,0.167151436,1
input-150.tsp,4366,4500,0.98,1e-05,0.92,132896.500000000,0.166367631,1
input-150.tsp,4367,4500,0.98,1e-05,0.92,135168.001464844,0.165133433,1
input-150.tsp,4368,4500,0.98,1e-05,0.92,130048.000000000,0.148229940,1
input-150.tsp,4369,4500,0.98,1e-05,0.92,128896.000000000,0.165881658,1
input-150.tsp,4370,4500,0.98,1e-05,0.92,130816.000000000,0.171102176,1
input-150.tsp,4371,4500,0.98,1e-05,0.92,135168.000000000,0.155943487,1
input-150.tsp,4372,4500,0.98,1e-05,0.92,130364.500000000,0.162539545,1
input-150.tsp,4373,4500,0.98,1e-05,0.92,135168.000000000,0.167913497,1
input-150.tsp,4374,4500,0.98,1e-05,0.92,131840.000000000,0.168053424,1
input-150.tsp,4375,4500,0.98,1e-05,0.92,135168.000000000,33759.801184423,0
input-150.tsp,4376,4500,0.98,1e-05,0.92,131792.000000000,0.166379508,1
input-150.tsp,4377,4500,0.98,1e-05,0.92,131456.000000000,0.164533915,1
input-150.tsp,4378,4500,0.98,1e-05,0.92,132096.000000000,0.145281239,1
input-150.tsp,4379,4500,0.98,1e-05,0.92,129024.000000000,0.168076590,1
input-150.tsp,4380,4500,0.98,1e-05,0.92,132608.000000000,0.152468479,1
input-150.tsp,4381,4500,0.98,1e-05,0.92,135168.515625000,0.167428808,1
input-150.tsp,4382,4500,0.98,1e-05,0.92,132864.000000000,0.171423078,1
input-150.tsp,4383,4500,0.98,1e-05,0.92,133120.000000000,0.173557859,1
input-150.tsp,4384,4500,0.98,1e-05,0.92,133120.000000000,0.160522182,1
input-150.tsp,4385,4500,0.98,1e-05,0.92,127997.937500000,0.168257803,1
input-150.tsp,4386,4500,0.98,1e-05,0.92,135168.000000000,0.154817103,1
input-150.tsp,4387,4500,0.98,1e-05,0.92,130176.000000000,0.163905453,1
input-150.tsp,4388,4500,0.98,1e-05,0.92,131211.000000000,0.155009873,1
input-150.tsp,4389,4500,0.98,1e-05,0.92,133505.006347656,0.179713813,1
input-150.tsp,4390,4500,0.98,1e-05,0.92,132722.656250000,0.162590876,1
input-150.tsp,4391,4500,0.98,1e-05,0.92,135168.000000000,0.172403822,1
input-150.tsp,4392,4500,0.98,1e-05,0.92,129024.000000000,0.169296129,1
input-150.tsp,4393,4500,0.98,1e-05,0.92,130256.000000000,0.170777230,1
input-150.tsp,4394,4500,0.98,1e-05,0.92,132178.125000000,0.163568739,1
input-150.tsp,4395,4500,0.98,1e-05,0.92,131328.000000000,0.156395120,1
input-150.tsp,4396,4500,0.98,1e-05,0.92,133168.062988281,0.177245223,1
input-150.tsp,4397,4500,0.98,1e-05,0.92,131227.111816406,0.160802531,1
input-150.tsp,4398,4500,0.98,1e-05,0.92,130205.250000000,0.181135833,1
input-150.tsp,4399,4500,0.98,1e-05,0.92,131975.218750000,0.160290534,1
input-150.tsp,4400,4500,0.98,1e-05,0.92,133184.000000000,0.169313774,1
input-150.tsp,4401,4500,0.98,1e-05,0.92,132143.625000000,22568.941069359,0
input-150.tsp,4402,4500,0.98,1e-05,0.92,131392.000000000,0.163019886,1
input-150.tsp,4403,4500,0.98,1e-05,0.92,131584.000000000,0.180138369,1
input-150.tsp,4405,4500,0.98,1e-05,0.92,131840.000000000,33759.791207514,0
input-150.tsp,4404,4500,0.98,1e-05,0.92,130048.000000000,0.166820908,1
input-150.tsp,4406,4500,0.98,1e-05,0.92,132608.000000000,0.162207270,1
input-150.tsp,4407,4500,0.98,1e-05,0.92,131760.000000000,0.166607769,1
input-150.tsp,4408,4500,0.98,1e-05,0.92,129024.000000000,0.147195697,1
input-150.tsp,4409,4500,0.98,1e-05,0.92,134432.000000000,0.164765051,1
input-150.tsp,4410,4500,0.98,1e-05,0.92,132096.691894531,0.170488003,1
input-150.tsp,4411,4500,0.98,1e-05,0.92,135200.000000000,0.159571105,1
input-150.tsp,4412,4500,0.98,1e-05,0.92,132430.187500000,0.184201090,1
input-150.tsp,4413,4500,0.98,1e-05,0.92,132160.000000000,0.167689227,1
input-150.tsp,4414,4500,0.98,1e-05,0.92,127984.000000000,41081.389530957,0
input-150.tsp,4415,4500,0.98,1e-05,0.92,132512.000000000,0.146035240,1
input-150.tsp,4416,4500,0.98,1e-05,0.92,132416.000000000,0.162567951,1
input-150.tsp,4417,4500,0.98,1e-05,0.92,131760.000000000,0.168968482,1
input-150.tsp,4418,4500,0.98,1e-05,0.92,132608.000000000,0.172243146,1
input-150.tsp,4419,4500,0.98,1e-05,0.92,129632.000000000,0.192047435,1
input-150.tsp,4420,4500,0.98,1e-05,0.92,131104.000000000,0.167511589,1
input-150.tsp,4421,4500,0.98,1e-05,0.92,130560.000000000,0.172704074,1
input-150.tsp,4422,4500,0.98,1e-05,0.92,135176.000488281,0.184960584,1
input-150.tsp,4423,4500,0.98,1e-05,0.92,127998.999511719,0.151704759,1
input-150.tsp,4424,4500,0.98,1e-05,0.92,131368.000000000,0.154202067,1
input-150.tsp,4425,4500,0.98,1e-05,0.92,127999.495605469,0.174381219,1
input-150.tsp,4426,4500,0.98,1e-05,0.92,130716.000000000,0.154657263,1
input-150.tsp,4427,4500,0.98,1e-05,0.92,126976.000000000,0.164280377,1
input-150.tsp,4428,4500,0.98,1e-05,0.92,128896.000000000,0.162144820,1
input-150.tsp,4429,4500,0.98,1e-05,0.92,129536.000000000,0.155612018,1
input-150.tsp,4430,4500,0.98,1e-05,0.92,132608.000000000,0.164320030,1
input-150.tsp,4431,4500,0.98,1e-05,0.92,128511.952148438,0.172968495,1
input-150.tsp,4432,4500,0.98,1e-05,0.92,133120.000000000,0.163286360,1
input-150.tsp,4433,4500,0.98,1e-05,0.92,126976.000000000,0.168642213,1
input-150.tsp,4434,4500,0.98,1e-05,0.92,135168.000000000,0.171639578,1
input-150.tsp,4435,4500,0.98,1e-05,0.92,131189.000000000,0.169779901,1
input-150.tsp,4437,4500,0.98,1e-05,0.92,133120.000000000,0.155588504,1
input-150.tsp,4436,4500,0.98,1e-05,0.92,128981.875000000,0.166637683,1
input-150.tsp,4438,4500,0.98,1e-05,0.92,132608.000000000,0.172038943,1
input-150.tsp,4439,4500,0.98,1e-05,0.92,130560.000000000,0.166962585,1
input-150.tsp,4440,4500,0.98,1e-05,0.92,126848.000000000,0.167932770,1
input-150.tsp,4441,4500,0.98,1e-05,0.92,131680.000000000,0.167503768,1
input-150.tsp,4442,4500,0.98,1e-05,0.92,128512.000000000,0.167819286,1
input-150.tsp,4443,4500,0.98,1e-05,0.92,132242.375000000,0.163932307,1
input-150.tsp,4444,4500,0.98,1e-05,0.92,130854.218750000,0.166816143,1
input-150.tsp,4445,4500,0.98,1e-05,0.92,133128.015625000,0.174040482,1
input-150.tsp,4446,4500,0.98,1e-05,0.92,130048.000000000,0.155849034,1
input-150.tsp,4447,4500,0.98,1e-05,0.92,130560.000000000,33759.799491098,0
input-150.tsp,4448,4500,0.98,1e-05,0.92,130368.000000000,0.148341277,1
input-150.tsp,4449,4500,0.98,1e-05,0.92,131328.000000000,0.150329266,1
input-150.tsp,4450,4500,0.98,1e-05,0.92,131264.000000000,0.168738878,1
input-150.tsp,4451,4500,0.98,1e-05,0.92,132512.000000000,0.165716480,1
input-150.tsp,4453,4500,0.98,1e-05,0.92,131488.000000000,0.163444895,1
input-150.tsp,4452,4500,0.98,1e-05,0.92,133126.000000000,0.150764231,1
input-150.tsp,4454,4500,0.98,1e-05,0.92,131456.000000000,0.155559000,1
input-150.tsp,4455,4500,0.98,1e-05,0.92,132096.000000000,0.160614060,1
input-150.tsp,4456,4500,0.98,1e-05,0.92,131765.007812500,0.173031593,1
input-150.tsp,4457,4500,0.98,1e-05,0.92,131395.668457031,0.170431646,1
input-150.tsp,4458,4500,0.98,1e-05,0.92,133192.000000000,0.167459622,1
input-150.tsp,4459,4500,0.98,1e-05,0.92,130062.000000000,0.169597399,1
input-150.tsp,4461,4500,0.98,1e-05,0.92,133120.000000000,0.174632877,1
input-150.tsp,4460,4500,0.98,1e-05,0.92,128768.000000000,0.172167794,1
input-150.tsp,4462,4500,0.98,1e-05,0.92,131744.000000000,0.183699964,1
input-150.tsp,4463,4500,0.98,1e-05,0.92,131684.328125000,0.148796182,1
input-150.tsp,4464,4500,0.98,1e-05,0.92,130432.000000000,0.168316673,1
input-150.tsp,4465,4500,0.98,1e-05,0.92,131200.000000000,0.152193005,1
input-150.tsp,4466,4500,0.98,1e-05,0.92,131070.250000000,0.152813468,1
input-150.tsp,4467,4500,0.98,1e-05,0.92,133152.000488281,0.163306841,1
input-150.tsp,4468,4500,0.98,1e-05,0.92,126975.999511719,0.152763612,1
input-150.tsp,4469,4500,0.98,1e-05,0.92,130539.750000000,0.163771108,1
input-150.tsp,4470,4500,0.98,1e-05,0.92,130048.000000000,0.165465279,1
input-150.tsp,4472,4500,0.98,1e-05,0.92,131965.551757812,0.171048871,1
input-150.tsp,4471,4500,0.98,1e-05,0.92,130560.000000000,0.169085634,1
input-150.tsp,4473,4500,0.98,1e-05,0.92,129472.000000000,0.162664455,1
input-150.tsp,4474,4500,0.98,1e-05,0.92,133248.000000000,0.156509219,1
input-150.tsp,4475,4500,0.98,1e-05,0.92,133184.000000000,0.167056605,1
input-150.tsp,4476,4500,0.98,1e-05,0.92,132232.000000000,0.154761795,1
input-150.tsp,4478,4500,0.98,1e-05,0.92,133120.000000000,0.158363018,1
input-150.tsp,4477,4500,0.98,1e-05,0.92,131584.000000000,0.166037855,1
input-150.tsp,4479,4500,0.98,1e-05,0.92,135168.000000000,0.165963188,1
input-150.tsp,4480,4500,0.98,1e-05,0.92,130560.000000000,0.152004774,1
input-150.tsp,4481,4500,0.98,1e-05,0.92,132424.500000000,0.169568439,1
input-150.tsp,4482,4500,0.98,1e-05,0.92,133284.757812500,0.164018754,1
input-150.tsp,4483,4500,0.98,1e-05,0.92,129632.000000000,0.149917473,1
input-150.tsp,4484,4500,0.98,1e-05,0.92,133120.000000000,0.163229401,1
input-150.tsp,4485,4500,0.98,1e-05,0.92,132096.000000000,0.174432673,1
input-150.tsp,4486,4500,0.98,1e-05,0.92,133128.125000000,0.168211128,1
input-150.tsp,4487,4500,0.98,1e-05,0.92,129024.000000000,0.144185448,1
input-150.tsp,4488,4500,0.98,1e-05,0.92,130944.000000000,0.167158711,1
input-150.tsp,4489,4500,0.98,1e-05,0.92,133514.000000000,0.157168348,1
input-150.tsp,4490,4500,0.98,1e-05,0.92,130496.000000000,0.170073205,1
input-150.tsp,4491,4500,0.98,1e-05,0.92,131369.500000000,33759.796736837,0
input-150.tsp,4492,4500,0.98,1e-05,0.92,130748.375000000,0.153155858,1
input-150.tsp,4494,4500,0.98,1e-05,0.92,130653.000000000,0.156775875,1
input-150.tsp,4493,4500,0.98,1e-05,0.92,133400.000000000,0.163137488,1
input-150.tsp,4495,4500,0.98,1e-05,0.92,133184.000000000,0.174651130,1
input-150.tsp,4496,4500,0.98,1e-05,0.92,131876.000000000,0.179244693,1
input-150.tsp,4497,4500,0.98,1e-05,0.92,133120.000000000,0.166360214,1
input-150.tsp,4498,4500,0.98,1e-05,0.92,134184.000000000,0.172536211,1
input-150.tsp,4499,4500,0.98,1e-05,0.92,131712.312500000,0.160217762,1
input-150.tsp,4500,4500,0.98,1e-05,0.92,133120.000000000,0.167634128,1
input-150.tsp,4501,4500,0.98,1e-05,0.92,130912.000000000,0.173215536,1
input-150.tsp,4502,4500,0.98,1e-05,0.92,128512.000000000,0.160627214,1
input-150.tsp,4503,4500,0.98,1e-05,0.92,133120.000000000,0.171526575,1
input-150.tsp,4504,4500,0.98,1e-05,0.92,131913.812500000,0.166823127,1
input-150.tsp,4505,4500,0.98,1e-05,0.92,128959.500000000,0.176397272,1
input-150.tsp,4506,4500,0.98,1e-05,0.92,131104.000000000,0.170145415,1
input-150.tsp,4507,4500,0.98,1e-05,0.92,131328.000000000,0.167665159,1
input-150.tsp,4509,4500,0.98,1e-05,0.92,129856.000000000,0.152104403,1
input-150.tsp,4508,4500,0.98,1e-05,0.92,132224.000000000,0.171229855,1
input-150.tsp,4510,4500,0.98,1e-05,0.92,135168.000000000,0.148335899,1
input-150.tsp,4511,4500,0.98,1e-05,0.92,131840.000000000,0.156274124,1
input-150.tsp,4512,4500,0.98,1e-05,0.92,128512.000000000,0.158535028,1
input-150.tsp,4513,4500,0.98,1e-05,0.92,131392.000000000,0.180840886,1
input-150.tsp,4514,4500,0.98,1e-05,0.92,132995.000000000,0.163478724,1
input-150.tsp,4515,4500,0.98,1e-05,0.92,130460.000000000,0.162742659,1
input-150.tsp,4517,4500,0.98,1e-05,0.92,133440.000000000,0.186791184,1
input-150.tsp,4516,4500,0.98,1e-05,0.92,130464.000000000,0.158354588,1
input-150.tsp,4518,4500,0.98,1e-05,0.92,132096.000000000,0.164398087,1
input-150.tsp,4520,4500,0.98,1e-05,0.92,132250.000000000,0.161748519,1
input-150.tsp,4519,4500,0.98,1e-05,0.92,129996.000000000,0.171946852,1
input-150.tsp,4521,4500,0.98,1e-05,0.92,133208.000000000,0.170643778,1
input-150.tsp,4522,4500,0.98,1e-05,0.92,132112.437500000,0.171808999,1
input-150.tsp,4523,4500,0.98,1e-05,0.92,126912.000000000,0.163639859,1
input-150.tsp,4524,4500,0.98,1e-05,0.92,131904.000000000,0.183637863,1
input-150.tsp,4525,4500,0.98,1e-05,0.92,132101.375000000,0.165671182,1
input-150.tsp,4526,4500,0.98,1e-05,0.92,126975.875000000,33759.785917946,0
input-150.tsp,4527,4500,0.98,1e-05,0.92,129918.000000000,0.169042826,1
input-150.tsp,4528,4500,0.98,1e-05,0.92,132224.000000000,41081.386483305,0
input-150.tsp,4529,4500,0.98,1e-05,0.92,130032.000000000,0.159786732,1
input-150.tsp,4530,4500,0.98,1e-05,0.92,131712.000000000,0.162496642,1
input-150.tsp,4531,4500,0.98,1e-05,0.92,134656.000000000,0.167326342,1
input-150.tsp,4534,4500,0.98,1e-05,0.92,132736.000000000,0.168448694,1
input-150.tsp,4532,4500,0.98,1e-05,0.92,132136.343750000,0.166449520,1
input-150.tsp,4533,4500,0.98,1e-05,0.92,131428.000000000,0.147189630,1
input-150.tsp,4535,4500,0.98,1e-05,0.92,131781.000000000,0.152758781,1
input-150.tsp,4536,4500,0.98,1e-05,0.92,132096.000000000,0.153296148,1
input-150.tsp,4537,4500,0.98,1e-05,0.92,130048.000000000,0.168819860,1
input-150.tsp,4538,4500,0.98,1e-05,0.92,133120.000000000,0.173667455,1
input-150.tsp,4539,4500,0.98,1e-05,0.92,130048.000000000,0.154437459,1
input-150.tsp,4540,4500,0.98,1e-05,0.92,131109.000000000,0.173791679,1
input-150.tsp,4541,4500,0.98,1e-05,0.92,132160.000000000,0.171495723,1
input-150.tsp,4542,4500,0.98,1e-05,0.92,130296.000000000,0.144050926,1
input-150.tsp,4543,4500,0.98,1e-05,0.92,132096.000000000,0.172059880,1
input-150.tsp,4544,4500,0.98,1e-05,0.92,132896.125000000,0.152945737,1
input-150.tsp,4545,4500,0.98,1e-05,0.92,131852.812500000,0.154985789,1
input-150.tsp,4546,4500,0.98,1e-05,0.92,127232.000000000,0.180820424,1
input-150.tsp,4547,4500,0.98,1e-05,0.92,134144.000000000,0.170645034,1
input-150.tsp,4548,4500,0.98,1e-05,0.92,133248.000000000,0.158827240,1
input-150.tsp,4550,4500,0.98,1e-05,0.92,132075.519042969,0.157588937,1
input-150.tsp,4549,4500,0.98,1e-05,0.92,132096.000000000,0.170766026,1
input-150.tsp,4551,4500,0.98,1e-05,0.92,130560.000000000,0.168134808,1
input-150.tsp,4552,4500,0.98,1e-05,0.92,132352.000000000,0.150242073,1
input-150.tsp,4553,4500,0.98,1e-05,0.92,133120.000000000,0.169109934,1
input-150.tsp,4554,4500,0.98,1e-05,0.92,133136.500000000,0.168166187,1
input-150.tsp,4555,4500,0.98,1e-05,0.92,133120.000000000,0.167167395,1
input-150.tsp,4557,4500,0.98,1e-05,0.92,131136.000000000,0.170051568,1
input-150.tsp,4556,4500,0.98,1e-05,0.92,131077.487792969,0.167301782,1
input-150.tsp,4558,4500,0.98,1e-05,0.92,131163.250000000,0.171596240,1
input-150.tsp,4559,4500,0.98,1e-05,0.92,126975.875000000,0.166600960,1
input-150.tsp,4560,4500,0.98,1e-05,0.92,131256.009277344,0.161476007,1
input-150.tsp,4561,4500,0.98,1e-05,0.92,136192.000000000,0.152499935,1
input-150.tsp,4562,4500,0.98,1e-05,0.92,129790.000000000,33759.806737587,0
input-150.tsp,4563,4500,0.98,1e-05,0.92,135265.258300781,0.165643219,1
input-150.tsp,4564,4500,0.98,1e-05,0.92,126460.000000000,0.177394119,1
input-150.tsp,4565,4500,0.98,1e-05,0.92,131392.000000000,0.173003622,1
input-150.tsp,4566,4500,0.98,1e-05,0.92,131712.000000000,33759.785424610,0
input-150.tsp,4567,4500,0.98,1e-05,0.92,135168.000000000,0.153234511,1
input-150.tsp,4568,4500,0.98,1e-05,0.92,131136.000000000,0.161861282,1
input-150.tsp,4569,4500,0.98,1e-05,0.92,126976.000000000,0.169482422,1
input-150.tsp,4570,4500,0.98,1e-05,0.92,130880.000000000,0.179540444,1
input-150.tsp,4571,4500,0.98,1e-05,0.92,129481.375000000,0.170410239,1
input-150.tsp,4572,4500,0.98,1e-05,0.92,131712.000000000,0.157849549,1
input-150.tsp,4573,4500,0.98,1e-05,0.92,131594.000000000,0.175180321,1
input-150.tsp,4574,4500,0.98,1e-05,0.92,131309.101562500,0.178180027,1
input-150.tsp,4575,4500,0.98,1e-05,0.92,133248.000000000,0.169156328,1
input-150.tsp,4576,4500,0.98,1e-05,0.92,130752.000000000,0.166603911,1
input-150.tsp,4577,4500,0.98,1e-05,0.92,133160.000000000,0.169895636,1
input-150.tsp,4578,4500,0.98,1e-05,0.92,126976.000000000,0.157719525,1
input-150.tsp,4579,4500,0.98,1e-05,0.92,135168.000000000,0.162988915,1
input-150.tsp,4581,4500,0.98,1e-05,0.92,126911.999511719,0.152734940,1
input-150.tsp,4580,4500,0.98,1e-05,0.92,132480.000000000,0.166478746,1
input-150.tsp,4582,4500,0.98,1e-05,0.92,130688.000000000,0.163171060,1
input-150.tsp,4583,4500,0.98,1e-05,0.92,132704.000000000,0.172884186,1
input-150.tsp,4584,4500,0.98,1e-05,0.92,135168.000000000,0.167471648,1
input-150.tsp,4585,4500,0.98,1e-05,0.92,131328.000000000,0.166251044,1
input-150.tsp,4586,4500,0.98,1e-05,0.92,135168.000000000,0.172036865,1
input-150.tsp,4587,4500,0.98,1e-05,0.92,139264.000488281,0.167408157,1
input-150.tsp,4588,4500,0.98,1e-05,0.92,135172.000000000,0.153094841,1
input-150.tsp,4589,4500,0.98,1e-05,0.92,131808.750000000,0.163625126,1
input-150.tsp,4590,4500,0.98,1e-05,0.92,135168.000000000,33759.795333693,0
input-150.tsp,4591,4500,0.98,1e-05,0.92,131376.000000000,0.151213530,1
input-150.tsp,4592,4500,0.98,1e-05,0.92,133280.000000000,0.165955386,1
input-150.tsp,4593,4500,0.98,1e-05,0.92,133120.000000000,0.172320537,1
input-150.tsp,4594,4500,0.98,1e-05,0.92,131200.000000000,0.155709789,1
input-150.tsp,4595,4500,0.98,1e-05,0.92,131061.187500000,0.164362579,1
input-150.tsp,4596,4500,0.98,1e-05,0.92,132256.000000000,33759.795427054,0
input-150.tsp,4597,4500,0.98,1e-05,0.92,132288.000000000,0.161771741,1
input-150.tsp,4598,4500,0.98,1e-05,0.92,133120.000000000,0.159685575,1
input-150.tsp,4599,4500,0.98,1e-05,0.92,133120.000000000,0.143323751,1
input-150.tsp,4600,4500,0.98,1e-05,0.92,133120.000000000,0.163435797,1
input-150.tsp,4601,4500,0.98,1e-05,0.92,130304.000000000,0.171556114,1
input-150.tsp,4602,4500,0.98,1e-05,0.92,127295.937500000,0.165548600,1
input-150.tsp,4603,4500,0.98,1e-05,0.92,132096.000000000,0.173171379,1
input-150.tsp,4605,4500,0.98,1e-05,0.92,132096.000000000,0.160759410,1
input-150.tsp,4604,4500,0.98,1e-05,0.92,132544.000000000,0.154427485,1
input-150.tsp,4606,4500,0.98,1e-05,0.92,126968.000000000,0.157479251,1
input-150.tsp,4607,4500,0.98,1e-05,0.92,131456.000000000,0.173167653,1
input-150.tsp,4608,4500,0.98,1e-05,0.92,139264.000000000,0.148505835,1
input-150.tsp,4609,4500,0.98,1e-05,0.92,133249.000000000,0.157011127,1
input-150.tsp,4610,4500,0.98,1e-05,0.92,130429.746582031,0.165320020,1
input-150.tsp,4611,4500,0.98,1e-05,0.92,131168.000000000,0.167915815,1
input-150.tsp,4613,4500,0.98,1e-05,0.92,130048.000000000,0.163208813,1
input-150.tsp,4612,4500,0.98,1e-05,0.92,132864.000000000,0.165776621,1
input-150.tsp,4614,4500,0.98,1e-05,0.92,131584.000000000,0.164622459,1
input-150.tsp,4615,4500,0.98,1e-05,0.92,131584.000000000,0.161048520,1
input-150.tsp,4616,4500,0.98,1e-05,0.92,132096.000000000,0.162589665,1
input-150.tsp,4617,4500,0.98,1e-05,0.92,130816.000000000,0.153007088,1
input-150.tsp,4618,4500,0.98,1e-05,0.92,131672.000000000,0.151555572,1
input-150.tsp,4619,4500,0.98,1e-05,0.92,133376.000000000,0.178909812,1
input-150.tsp,4621,4500,0.98,1e-05,0.92,129532.996093750,0.169022794,1
input-150.tsp,4620,4500,0.98,1e-05,0.92,131328.000000000,0.156976199,1
input-150.tsp,4622,4500,0.98,1e-05,0.92,132110.087890625,0.155217511,1
input-150.tsp,4624,4500,0.98,1e-05,0.92,131922.250000000,0.174322306,1
input-150.tsp,4623,4500,0.98,1e-05,0.92,131171.929687500,0.170235221,1
input-150.tsp,4625,4500,0.98,1e-05,0.92,132352.000000000,0.161809189,1
input-150.tsp,4626,4500,0.98,1e-05,0.92,129152.000000000,0.183449781,1
input-150.tsp,4627,4500,0.98,1e-05,0.92,130560.000000000,0.169411092,1
input-150.tsp,4628,4500,0.98,1e-05,0.92,129023.875000000,0.172295700,1
input-150.tsp,4629,4500,0.98,1e-05,0.92,128990.000000000,0.174192083,1
input-150.tsp,4630,4500,0.98,1e-05,0.92,126720.000000000,0.165660025,1
input-150.tsp,4631,4500,0.98,1e-05,0.92,133120.000000000,0.149685113,1
input-150.tsp,4632,4500,0.98,1e-05,0.92,131584.000000000,0.186271148,1
input-150.tsp,4633,4500,0.98,1e-05,0.92,131840.000000000,0.177683784,1
input-150.tsp,4634,4500,0.98,1e-05,0.92,129536.000000000,0.159732667,1
input-150.tsp,4635,4500,0.98,1e-05,0.92,132112.000000000,33759.801489693,0
input-150.tsp,4637,4500,0.98,1e-05,0.92,130560.000000000,0.150544251,1
input-150.tsp,4636,4500,0.98,1e-05,0.92,133132.523437500,0.185270026,1
input-150.tsp,4638,4500,0.98,1e-05,0.92,128000.000000000,0.166138787,1
input-150.tsp,4639,4500,0.98,1e-05,0.92,131328.000000000,0.158653805,1
input-150.tsp,4640,4500,0.98,1e-05,0.92,133376.000000000,0.164030848,1
input-150.tsp,4641,4500,0.98,1e-05,0.92,131584.000000000,0.174033148,1
input-150.tsp,4642,4500,0.98,1e-05,0.92,135169.000488281,0.165016052,1
input-150.tsp,4643,4500,0.98,1e-05,0.92,130044.000000000,0.175965261,1
input-150.tsp,4644,4500,0.98,1e-05,0.92,129536.000000000,0.167707676,1
input-150.tsp,4645,4500,0.98,1e-05,0.92,133120.000000000,0.157243243,1
input-150.tsp,4646,4500,0.98,1e-05,0.92,129536.000000000,0.173475196,1
input-150.tsp,4647,4500,0.98,1e-05,0.92,129024.000000000,0.182199677,1
input-150.tsp,4648,4500,0.98,1e-05,0.92,133124.250000000,0.153620383,1
input-150.tsp,4649,4500,0.98,1e-05,0.92,133256.000000000,0.173519099,1
input-150.tsp,4650,4500,0.98,1e-05,0.92,131383.046875000,0.153071482,1
input-150.tsp,4651,4500,0.98,1e-05,0.92,131304.000000000,0.171823184,1
input-150.tsp,4652,4500,0.98,1e-05,0.92,131584.000000000,0.176152978,1
input-150.tsp,4653,4500,0.98,1e-05,0.92,132096.000000000,0.163112597,1
input-150.tsp,4654,4500,0.98,1e-05,0.92,132624.000000000,0.164705839,1
input-150.tsp,4655,4500,0.98,1e-05,0.92,131632.250000000,0.169257160,1
input-150.tsp,4656,4500,0.98,1e-05,0.92,126976.000000000,0.146043884,1
input-150.tsp,4657,4500,0.98,1e-05,0.92,133249.002441406,0.183585525,1
input-150.tsp,4658,4500,0.98,1e-05,0.92,126912.000000000,0.164214682,1
input-150.tsp,4659,4500,0.98,1e-05,0.92,130816.000000000,0.167190808,1
input-150.tsp,4660,4500,0.98,1e-05,0.92,126975.500000000,0.153741502,1
input-150.tsp,4661,4500,0.98,1e-05,0.92,132736.000000000,0.166196698,1
input-150.tsp,4662,4500,0.98,1e-05,0.92,131624.875000000,0.165249211,1
input-150.tsp,4663,4500,0.98,1e-05,0.92,131173.687500000,0.169012655,1
input-150.tsp,4664,4500,0.98,1e-05,0.92,133248.000000000,0.165463892,1
input-150.tsp,4665,4500,0.98,1e-05,0.92,132864.000000000,0.164662626,1
input-150.tsp,4666,4500,0.98,1e-05,0.92,131618.661621094,0.159739134,1
input-150.tsp,4667,4500,0.98,1e-05,0.92,130976.000000000,0.162744595,1
input-150.tsp,4668,4500,0.98,1e-05,0.92,133280.125000000,0.165600654,1
input-150.tsp,4669,4500,0.98,1e-05,0.92,131520.000000000,0.175792177,1
input-150.tsp,4670,4500,0.98,1e-05,0.92,134144.003906250,0.162256708,1
input-150.tsp,4671,4500,0.98,1e-05,0.92,129024.000000000,0.163018652,1
input-150.tsp,4672,4500,0.98,1e-05,0.92,134150.126464844,0.150258183,1
input-150.tsp,4673,4500,0.98,1e-05,0.92,128280.000000000,0.177039990,1
input-150.tsp,4674,4500,0.98,1e-05,0.92,132096.000000000,33759.799873975,0
input-150.tsp,4675,4500,0.98,1e-05,0.92,130560.000000000,0.152495440,1
input-150.tsp,4676,4500,0.98,1e-05,0.92,131410.500000000,0.155352082,1
input-150.tsp,4677,4500,0.98,1e-05,0.92,133264.875000000,0.157851043,1
input-150.tsp,4678,4500,0.98,1e-05,0.92,131840.000000000,0.164333140,1
input-150.tsp,4679,4500,0.98,1e-05,0.92,131840.000000000,0.171435956,1
input-150.tsp,4680,4500,0.98,1e-05,0.92,133120.000000000,0.148955849,1
input-150.tsp,4681,4500,0.98,1e-05,0.92,132160.051269531,0.152248773,1
input-150.tsp,4682,4500,0.98,1e-05,0.92,135172.000488281,0.167959103,1
input-150.tsp,4683,4500,0.98,1e-05,0.92,131328.000000000,0.167153459,1
input-150.tsp,4684,4500,0.98,1e-05,0.92,135168.007812500,0.164446188,1
input-150.tsp,4685,4500,0.98,1e-05,0.92,129880.000000000,0.158989987,1
input-150.tsp,4686,4500,0.98,1e-05,0.92,131546.000000000,33759.806569279,0
input-150.tsp,4687,4500,0.98,1e-05,0.92,130328.000000000,0.163885972,1
input-150.tsp,4688,4500,0.98,1e-05,0.92,129024.000000000,0.155734695,1
input-150.tsp,4689,4500,0.98,1e-05,0.92,129024.000000000,0.165564412,1
input-150.tsp,4690,4500,0.98,1e-05,0.92,129792.000000000,0.156522556,1
input-150.tsp,4691,4500,0.98,1e-05,0.92,133120.000000000,33759.786461285,0
input-150.tsp,4692,4500,0.98,1e-05,0.92,133138.000000000,0.157199724,1
input-150.tsp,4693,4500,0.98,1e-05,0.92,131464.500000000,0.161553187,1
input-150.tsp,4694,4500,0.98,1e-05,0.92,135168.000000000,0.172367639,1
input-150.tsp,4695,4500,0.98,1e-05,0.92,135184.000488281,0.165627662,1
input-150.tsp,4696,4500,0.98,1e-05,0.92,131328.000000000,0.158701468,1
input-150.tsp,4697,4500,0.98,1e-05,0.92,132672.132812500,0.157356686,1
input-150.tsp,4698,4500,0.98,1e-05,0.92,135232.000000000,0.156729353,1
input-150.tsp,4699,4500,0.98,1e-05,0.92,131219.957519531,0.155631609,1
input-150.tsp,4700,4500,0.98,1e-05,0.92,135168.000000000,0.175761817,1
input-150.tsp,4701,4500,0.98,1e-05,0.92,131552.000000000,0.158798932,1
input-150.tsp,4702,4500,0.98,1e-05,0.92,129867.000000000,0.167113784,1
input-150.tsp,4703,4500,0.98,1e-05,0.92,132421.500000000,0.148410347,1
input-150.tsp,4704,4500,0.98,1e-05,0.92,130296.000000000,0.168270820,1
input-150.tsp,4705,4500,0.98,1e-05,0.92,132263.382812500,0.158355598,1
input-150.tsp,4706,4500,0.98,1e-05,0.92,129024.000000000,0.167597441,1
input-150.tsp,4707,4500,0.98,1e-05,0.92,131410.204101562,0.171536855,1
input-150.tsp,4708,4500,0.98,1e-05,0.92,131424.000000000,0.164620108,1
input-150.tsp,4710,4500,0.98,1e-05,0.92,133184.562500000,0.153515778,1
input-150.tsp,4709,4500,0.98,1e-05,0.92,135168.000000000,0.169176509,1
input-150.tsp,4711,4500,0.98,1e-05,0.92,129099.000000000,0.164835841,1
input-150.tsp,4712,4500,0.98,1e-05,0.92,132128.000000000,0.174454881,1
input-150.tsp,4713,4500,0.98,1e-05,0.92,129822.500000000,0.188163172,1
input-150.tsp,4714,4500,0.98,1e-05,0.92,133138.000000000,0.151265193,1
input-150.tsp,4715,4500,0.98,1e-05,0.92,131584.000000000,0.161738384,1
input-150.tsp,4716,4500,0.98,1e-05,0.92,133200.000000000,0.162736219,1
input-150.tsp,4718,4500,0.98,1e-05,0.92,126976.000000000,0.164522948,1
input-150.tsp,4717,4500,0.98,1e-05,0.92,131780.084472656,32134.012993857,0
input-150.tsp,4719,4500,0.98,1e-05,0.92,129885.750000000,0.163587539,1
input-150.tsp,4720,4500,0.98,1e-05,0.92,130044.000000000,8715.402128004,0
input-150.tsp,4721,4500,0.98,1e-05,0.92,133152.000000000,0.152769587,1
input-150.tsp,4722,4500,0.98,1e-05,0.92,129020.993652344,0.163797647,1
input-150.tsp,4723,4500,0.98,1e-05,0.92,126975.999511719,0.163996825,1
input-150.tsp,4724,4500,0.98,1e-05,0.92,132096.000000000,0.153473727,1
input-150.tsp,4726,4500,0.98,1e-05,0.92,131584.000000000,0.158757152,1
input-150.tsp,4725,4500,0.98,1e-05,0.92,133152.000488281,0.172160615,1
input-150.tsp,4727,4500,0.98,1e-05,0.92,128960.000000000,0.162711626,1
input-150.tsp,4728,4500,0.98,1e-05,0.92,134144.000000000,0.157056393,1
input-150.tsp,4729,4500,0.98,1e-05,0.92,133376.000000000,0.171777750,1
input-150.tsp,4730,4500,0.98,1e-05,0.92,133323.769531250,0.165629488,1
input-150.tsp,4731,4500,0.98,1e-05,0.92,131776.000000000,0.174148331,1
input-150.tsp,4732,4500,0.98,1e-05,0.92,131424.000000000,0.165937348,1
input-150.tsp,4733,4500,0.98,1e-05,0.92,133120.000000000,0.160877258,1
input-150.tsp,4734,4500,0.98,1e-05,0.92,133440.000000000,0.163326091,1
input-150.tsp,4735,4500,0.98,1e-05,0.92,128998.968750000,0.147671849,1
input-150.tsp,4736,4500,0.98,1e-05,0.92,133120.000000000,0.168254581,1
input-150.tsp,4737,4500,0.98,1e-05,0.92,130192.000000000,0.162750982,1
input-150.tsp,4738,4500,0.98,1e-05,0.92,130189.250000000,0.157143456,1
input-150.tsp,4739,4500,0.98,1e-05,0.92,135168.125000000,0.173721890,1
input-150.tsp,4740,4500,0.98,1e-05,0.92,132609.000000000,0.171777764,1
input-150.tsp,4741,4500,0.98,1e-05,0.92,131304.000000000,0.151200371,1
input-150.tsp,4742,4500,0.98,1e-05,0.92,135168.007812500,0.171603146,1
input-150.tsp,4743,4500,0.98,1e-05,0.92,131808.000000000,33759.803731317,0
input-150.tsp,4744,4500,0.98,1e-05,0.92,130739.562500000,0.160842803,1
input-150.tsp,4745,4500,0.98,1e-05,0.92,130272.000000000,0.178486331,1
input-150.tsp,4746,4500,0.98,1e-05,0.92,131584.000000000,0.161488425,1
input-150.tsp,4747,4500,0.98,1e-05,0.92,131104.000000000,0.152015566,1
input-150.tsp,4748,4500,0.98,1e-05,0.92,133120.000000000,0.148957175,1
input-150.tsp,4749,4500,0.98,1e-05,0.92,133120.000000000,0.165319765,1
input-150.tsp,4750,4500,0.98,1e-05,0.92,125184.000000000,0.177481306,1
input-150.tsp,4751,4500,0.98,1e-05,0.92,131355.875000000,0.151037855,1
input-150.tsp,4752,4500,0.98,1e-05,0.92,131464.000000000,0.157762870,1
input-150.tsp,4753,4500,0.98,1e-05,0.92,131584.000000000,0.169982311,1
input-150.tsp,4754,4500,0.98,1e-05,0.92,130506.718750000,0.157933993,1
input-150.tsp,4755,4500,0.98,1e-05,0.92,129012.000000000,0.165771928,1
input-150.tsp,4756,4500,0.98,1e-05,0.92,129024.000000000,0.151325257,1
input-150.tsp,4757,4500,0.98,1e-05,0.92,134144.000000000,0.154295552,1
input-150.tsp,4758,4500,0.98,1e-05,0.92,133120.000000000,0.176144006,1
input-150.tsp,4759,4500,0.98,1e-05,0.92,131103.562500000,0.149789806,1
input-150.tsp,4760,4500,0.98,1e-05,0.92,128896.000000000,0.164918811,1
input-150.tsp,4761,4500,0.98,1e-05,0.92,132096.000000000,0.170318897,1
input-150.tsp,4762,4500,0.98,1e-05,0.92,132256.000000000,0.162488563,1
input-150.tsp,4763,4500,0.98,1e-05,0.92,133123.125000000,0.148509636,1
input-150.tsp,4764,4500,0.98,1e-05,0.92,135184.000000000,0.183694694,1
input-150.tsp,4765,4500,0.98,1e-05,0.92,131012.984375000,0.170045080,1
input-150.tsp,4766,4500,0.98,1e-05,0.92,132908.250000000,0.165480381,1
input-150.tsp,4767,4500,0.98,1e-05,0.92,130960.000000000,0.164664331,1
input-150.tsp,4768,4500,0.98,1e-05,0.92,129024.000000000,0.171033693,1
input-150.tsp,4769,4500,0.98,1e-05,0.92,128992.000000000,0.157683700,1
input-150.tsp,4770,4500,0.98,1e-05,0.92,133704.136718750,0.165817743,1
input-150.tsp,4771,4500,0.98,1e-05,0.92,134146.000000000,0.154818147,1
input-150.tsp,4772,4500,0.98,1e-05,0.92,132519.000000000,0.156698287,1
input-150.tsp,4773,4500,0.98,1e-05,0.92,126976.000000000,0.152237122,1
input-150.tsp,4774,4500,0.98,1e-05,0.92,131840.000000000,0.149122906,1
input-150.tsp,4775,4500,0.98,1e-05,0.92,132608.000000000,0.149471786,1
input-150.tsp,4776,4500,0.98,1e-05,0.92,133912.000000000,0.149384764,1
input-150.tsp,4777,4500,0.98,1e-05,0.92,133184.000000000,0.154420551,1
input-150.tsp,4778,4500,0.98,1e-05,0.92,139264.000488281,0.185912162,1
input-150.tsp,4779,4500,0.98,1e-05,0.92,130528.000000000,0.162503959,1
input-150.tsp,4780,4500,0.98,1e-05,0.92,131856.927246094,0.167447327,1
input-150.tsp,4781,4500,0.98,1e-05,0.92,132160.000000000,0.167246690,1
input-150.tsp,4782,4500,0.98,1e-05,0.92,129920.000000000,0.161731934,1
input-150.tsp,4783,4500,0.98,1e-05,0.92,130048.000000000,0.158432816,1
input-150.tsp,4784,4500,0.98,1e-05,0.92,132096.000000000,0.173707019,1
input-150.tsp,4785,4500,0.98,1e-05,0.92,131696.000000000,0.148709292,1
input-150.tsp,4786,4500,0.98,1e-05,0.92,130752.000000000,0.159164544,1
input-150.tsp,4787,4500,0.98,1e-05,0.92,132736.000000000,0.158611201,1
input-150.tsp,4788,4500,0.98,1e-05,0.92,133633.093750000,0.160402068,1
input-150.tsp,4790,4500,0.98,1e-05,0.92,133440.018554688,0.164941160,1
input-150.tsp,4789,4500,0.98,1e-05,0.92,132468.500000000,33759.799980960,0
input-150.tsp,4791,4500,0.98,1e-05,0.92,129024.000000000,0.164952138,1
input-150.tsp,4792,4500,0.98,1e-05,0.92,131584.000000000,0.174945685,1
input-150.tsp,4793,4500,0.98,1e-05,0.92,131136.000000000,0.167679985,1
input-150.tsp,4794,4500,0.98,1e-05,0.92,135168.000000000,0.160509697,1
input-150.tsp,4795,4500,0.98,1e-05,0.92,130048.000000000,0.167050940,1
input-150.tsp,4796,4500,0.98,1e-05,0.92,134144.000000000,0.157688503,1
input-150.tsp,4797,4500,0.98,1e-05,0.92,132548.000000000,0.168234007,1
input-150.tsp,4798,4500,0.98,1e-05,0.92,131328.000000000,0.162324947,1
input-150.tsp,4799,4500,0.98,1e-05,0.92,134272.125000000,0.165610879,1
input-150.tsp,4800,4500,0.98,1e-05,0.92,133120.000000000,0.169601198,1
input-150.tsp,4801,4500,0.98,1e-05,0.92,133120.000000000,0.167546613,1
input-150.tsp,4802,4500,0.98,1e-05,0.92,131188.000000000,0.151178760,1
input-150.tsp,4803,4500,0.98,1e-05,0.92,133920.000000000,0.164843973,1
input-150.tsp,4804,4500,0.98,1e-05,0.92,131584.000000000,0.169560225,1
input-150.tsp,4805,4500,0.98,1e-05,0.92,132138.562500000,0.159937346,1
input-150.tsp,4806,4500,0.98,1e-05,0.92,131252.000000000,0.169469950,1
input-150.tsp,4807,4500,0.98,1e-05,0.92,130882.000000000,33760.157627864,0
input-150.tsp,4808,4500,0.98,1e-05,0.92,129664.000000000,0.144313257,1
input-150.tsp,4809,4500,0.98,1e-05,0.92,132224.000000000,0.162295437,1
input-150.tsp,4810,4500,0.98,1e-05,0.92,131640.000000000,0.179717247,1
input-150.tsp,4811,4500,0.98,1e-05,0.92,132096.000000000,0.167770083,1
input-150.tsp,4812,4500,0.98,1e-05,0.92,132096.000000000,0.161054916,1
input-150.tsp,4813,4500,0.98,1e-05,0.92,131616.000000000,0.172032880,1
input-150.tsp,4814,4500,0.98,1e-05,0.92,130351.875000000,0.165443497,1
input-150.tsp,4815,4500,0.98,1e-05,0.92,129280.000000000,0.168304973,1
input-150.tsp,4816,4500,0.98,1e-05,0.92,131776.000000000,0.159732543,1
input-150.tsp,4817,4500,0.98,1e-05,0.92,132864.000000000,0.175467669,1
input-150.tsp,4818,4500,0.98,1e-05,0.92,129967.500000000,0.163431601,1
input-150.tsp,4819,4500,0.98,1e-05,0.92,134208.000000000,0.157953905,1
input-150.tsp,4820,4500,0.98,1e-05,0.92,131456.000000000,0.166232047,1
input-150.tsp,4821,4500,0.98,1e-05,0.92,131008.000000000,0.163616246,1
input-150.tsp,4822,4500,0.98,1e-05,0.92,130880.000000000,0.541856299,1
input-150.tsp,4823,4500,0.98,1e-05,0.92,130816.000000000,0.166800300,1
input-150.tsp,4824,4500,0.98,1e-05,0.92,133120.000000000,0.158488065,1
input-150.tsp,4825,4500,0.98,1e-05,0.92,128960.000000000,0.158472530,1
input-150.tsp,4826,4500,0.98,1e-05,0.92,134400.000000000,0.169790076,1
input-150.tsp,4827,4500,0.98,1e-05,0.92,129712.000000000,0.168934352,1
input-150.tsp,4828,4500,0.98,1e-05,0.92,131584.000000000,0.156494364,1
input-150.tsp,4829,4500,0.98,1e-05,0.92,133376.000000000,0.146083632,1
input-150.tsp,4830,4500,0.98,1e-05,0.92,131328.000000000,0.163636476,1
input-150.tsp,4831,4500,0.98,1e-05,0.92,133376.000000000,0.173094526,1
input-150.tsp,4832,4500,0.98,1e-05,0.92,131600.000000000,0.166463153,1
input-150.tsp,4833,4500,0.98,1e-05,0.92,130995.625000000,0.161159304,1
input-150.tsp,4834,4500,0.98,1e-05,0.92,126911.875000000,0.178896363,1
input-150.tsp,4835,4500,0.98,1e-05,0.92,130048.000000000,0.165697003,1
input-150.tsp,4836,4500,0.98,1e-05,0.92,131328.000000000,0.167124034,1
input-150.tsp,4837,4500,0.98,1e-05,0.92,130048.000000000,0.171280602,1
input-150.tsp,4838,4500,0.98,1e-05,0.92,129532.117187500,33759.798485382,0
input-150.tsp,4839,4500,0.98,1e-05,0.92,131328.000000000,0.183923743,1
input-150.tsp,4840,4500,0.98,1e-05,0.92,132352.000000000,0.162323116,1
input-150.tsp,4841,4500,0.98,1e-05,0.92,139264.000000000,0.162217741,1
input-150.tsp,4842,4500,0.98,1e-05,0.92,130972.898925781,0.181999595,1
input-150.tsp,4843,4500,0.98,1e-05,0.92,132768.000000000,0.167683477,1
input-150.tsp,4844,4500,0.98,1e-05,0.92,128768.000000000,0.176745345,1
input-150.tsp,4846,4500,0.98,1e-05,0.92,130560.000000000,0.150090380,1
input-150.tsp,4845,4500,0.98,1e-05,0.92,131164.000000000,0.158468847,1
input-150.tsp,4848,4500,0.98,1e-05,0.92,131392.000000000,0.172181772,1
input-150.tsp,4847,4500,0.98,1e-05,0.92,133120.000000000,0.161586367,1
input-150.tsp,4849,4500,0.98,1e-05,0.92,129024.000000000,0.150231938,1
input-150.tsp,4850,4500,0.98,1e-05,0.92,127744.000000000,0.167015630,1
input-150.tsp,4851,4500,0.98,1e-05,0.92,126463.999511719,0.169723847,1
input-150.tsp,4852,4500,0.98,1e-05,0.92,132352.625000000,0.168422815,1
input-150.tsp,4853,4500,0.98,1e-05,0.92,133120.000000000,0.156591875,1
input-150.tsp,4854,4500,0.98,1e-05,0.92,135304.125488281,33759.788472827,0
input-150.tsp,4855,4500,0.98,1e-05,0.92,135168.000000000,0.160040418,1
input-150.tsp,4856,4500,0.98,1e-05,0.92,134145.015625000,0.181423409,1
input-150.tsp,4857,4500,0.98,1e-05,0.92,132243.000000000,0.174415514,1
input-150.tsp,4858,4500,0.98,1e-05,0.92,132096.000000000,0.164401944,1
input-150.tsp,4859,4500,0.98,1e-05,0.92,135168.000488281,0.167474215,1
input-150.tsp,4860,4500,0.98,1e-05,0.92,126968.000000000,0.170102146,1
input-150.tsp,4861,4500,0.98,1e-05,0.92,128510.937500000,0.163005292,1
input-150.tsp,4862,4500,0.98,1e-05,0.92,129024.000000000,0.167865937,1
input-150.tsp,4863,4500,0.98,1e-05,0.92,129792.000000000,0.170289635,1
input-150.tsp,4864,4500,0.98,1e-05,0.92,129856.000000000,0.170014821,1
input-150.tsp,4865,4500,0.98,1e-05,0.92,129024.000000000,0.167999878,1
input-150.tsp,4866,4500,0.98,1e-05,0.92,130157.500000000,0.171092408,1
input-150.tsp,4867,4500,0.98,1e-05,0.92,133120.000000000,0.172914541,1
input-150.tsp,4868,4500,0.98,1e-05,0.92,131840.000000000,0.165490115,1
input-150.tsp,4869,4500,0.98,1e-05,0.92,135168.000000000,33759.793428680,0
input-150.tsp,4870,4500,0.98,1e-05,0.92,131333.164550781,0.164136553,1
input-150.tsp,4871,4500,0.98,1e-05,0.92,129024.000000000,41081.376405535,0
input-150.tsp,4872,4500,0.98,1e-05,0.92,128704.000000000,33759.800412132,0
input-150.tsp,4873,4500,0.98,1e-05,0.92,135168.000000000,0.164922704,1
input-150.tsp,4874,4500,0.98,1e-05,0.92,133260.382812500,0.175918758,1
input-150.tsp,4875,4500,0.98,1e-05,0.92,133128.001953125,34972.750836520,0
input-150.tsp,4876,4500,0.98,1e-05,0.92,132096.000000000,0.149653647,1
input-150.tsp,4877,4500,0.98,1e-05,0.92,131218.229980469,0.158470652,1
input-150.tsp,4878,4500,0.98,1e-05,0.92,132372.000000000,0.167906317,1
input-150.tsp,4880,4500,0.98,1e-05,0.92,130048.000000000,0.155699773,1
input-150.tsp,4879,4500,0.98,1e-05,0.92,132242.000000000,0.163593994,1
input-150.tsp,4881,4500,0.98,1e-05,0.92,131264.000000000,0.153205751,1
input-150.tsp,4882,4500,0.98,1e-05,0.92,133120.000000000,0.173689132,1
input-150.tsp,4883,4500,0.98,1e-05,0.92,131356.000000000,0.169157760,1
input-150.tsp,4884,4500,0.98,1e-05,0.92,131648.000000000,0.164628709,1
input-150.tsp,4885,4500,0.98,1e-05,0.92,129024.000000000,41081.386231980,0
input-150.tsp,4886,4500,0.98,1e-05,0.92,129024.000000000,0.154717133,1
input-150.tsp,4887,4500,0.98,1e-05,0.92,131712.000000000,0.166638281,1
input-150.tsp,4888,4500,0.98,1e-05,0.92,133120.000000000,0.174323666,1
input-150.tsp,4889,4500,0.98,1e-05,0.92,135168.000000000,0.163491389,1
input-150.tsp,4890,4500,0.98,1e-05,0.92,131493.500000000,0.147493199,1
input-150.tsp,4891,4500,0.98,1e-05,0.92,130816.000000000,41081.373468692,0
input-150.tsp,4892,4500,0.98,1e-05,0.92,129024.000000000,0.147015574,1
input-150.tsp,4893,4500,0.98,1e-05,0.92,134528.000000000,0.172772258,1
input-150.tsp,4894,4500,0.98,1e-05,0.92,131480.444824219,0.160244460,1
input-150.tsp,4896,4500,0.98,1e-05,0.92,133120.000000000,0.155253310,1
input-150.tsp,4895,4500,0.98,1e-05,0.92,131305.000000000,0.172501982,1
input-150.tsp,4897,4500,0.98,1e-05,0.92,128990.000000000,0.163665301,1
input-150.tsp,4898,4500,0.98,1e-05,0.92,131776.000000000,0.169577584,1
input-150.tsp,4899,4500,0.98,1e-05,0.92,132136.000000000,0.158477944,1
input-150.tsp,4900,4500,0.98,1e-05,0.92,131872.000000000,0.166501790,1
input-150.tsp,4901,4500,0.98,1e-05,0.92,132608.000000000,0.180770054,1
input-150.tsp,4902,4500,0.98,1e-05,0.92,135168.000000000,0.163600964,1
input-150.tsp,4903,4500,0.98,1e-05,0.92,130535.482421875,33759.794265642,0
input-150.tsp,4904,4500,0.98,1e-05,0.92,131968.000000000,0.172023305,1
input-150.tsp,4905,4500,0.98,1e-05,0.92,131865.125000000,0.164098353,1
input-150.tsp,4906,4500,0.98,1e-05,0.92,129900.000000000,0.151924799,1
input-150.tsp,4907,4500,0.98,1e-05,0.92,130967.549316406,0.160322517,1
input-150.tsp,4908,4500,0.98,1e-05,0.92,130048.000000000,0.185169211,1
input-150.tsp,4909,4500,0.98,1e-05,0.92,131304.000000000,0.164400290,1
input-150.tsp,4910,4500,0.98,1e-05,0.92,131944.000000000,0.168848143,1
input-150.tsp,4912,4500,0.98,1e-05,0.92,132352.000000000,0.162577298,1
input-150.tsp,4911,4500,0.98,1e-05,0.92,130560.000000000,0.152391410,1
input-150.tsp,4913,4500,0.98,1e-05,0.92,131584.000000000,0.174299500,1
input-150.tsp,4914,4500,0.98,1e-05,0.92,131584.000000000,0.152570336,1
input-150.tsp,4915,4500,0.98,1e-05,0.92,130048.000000000,0.153289895,1
input-150.tsp,4916,4500,0.98,1e-05,0.92,122879.999511719,0.173256936,1
input-150.tsp,4917,4500,0.98,1e-05,0.92,131088.000000000,0.172047044,1
input-150.tsp,4918,4500,0.98,1e-05,0.92,131465.000000000,0.167663321,1
input-150.tsp,4919,4500,0.98,1e-05,0.92,132390.000000000,0.168667859,1
input-150.tsp,4920,4500,0.98,1e-05,0.92,130411.560058594,27372.827656046,0
input-150.tsp,4922,4500,0.98,1e-05,0.92,129012.000000000,0.166456719,1
input-150.tsp,4921,4500,0.98,1e-05,0.92,131909.125000000,0.162176984,1
input-150.tsp,4923,4500,0.98,1e-05,0.92,132096.000000000,0.155954935,1
input-150.tsp,4924,4500,0.98,1e-05,0.92,133120.000000000,0.164768309,1
input-150.tsp,4925,4500,0.98,1e-05,0.92,129024.000000000,0.151750286,1
input-150.tsp,4926,4500,0.98,1e-05,0.92,131200.000000000,0.169209655,1
input-150.tsp,4927,4500,0.98,1e-05,0.92,133280.000000000,0.161729747,1
input-150.tsp,4928,4500,0.98,1e-05,0.92,139264.000000000,0.168397592,1
input-150.tsp,4929,4500,0.98,1e-05,0.92,129024.000000000,0.166930463,1
input-150.tsp,4930,4500,0.98,1e-05,0.92,131459.068359375,0.167863532,1
input-150.tsp,4931,4500,0.98,1e-05,0.92,132608.000000000,0.163308163,1
input-150.tsp,4932,4500,0.98,1e-05,0.92,135168.000000000,0.158650848,1
input-150.tsp,4933,4500,0.98,1e-05,0.92,129024.000000000,0.162338494,1
input-150.tsp,4934,4500,0.98,1e-05,0.92,127487.750000000,0.154839029,1
input-150.tsp,4935,4500,0.98,1e-05,0.92,126976.000000000,0.160609784,1
input-150.tsp,4936,4500,0.98,1e-05,0.92,131192.125000000,0.175762454,1
input-150.tsp,4938,4500,0.98,1e-05,0.92,132096.000000000,0.176526668,1
input-150.tsp,4937,4500,0.98,1e-05,0.92,134272.257812500,0.163524656,1
input-150.tsp,4939,4500,0.98,1e-05,0.92,132614.500000000,0.552029067,1
input-150.tsp,4940,4500,0.98,1e-05,0.92,132096.000000000,0.161539279,1
input-150.tsp,4941,4500,0.98,1e-05,0.92,131296.000000000,0.159596237,1
input-150.tsp,4942,4500,0.98,1e-05,0.92,135168.125000000,0.154403573,1
input-150.tsp,4943,4500,0.98,1e-05,0.92,132608.000000000,0.169837405,1
input-150.tsp,4944,4500,0.98,1e-05,0.92,130560.000000000,0.165604160,1
input-150.tsp,4945,4500,0.98,1e-05,0.92,131328.000000000,0.164420493,1
input-150.tsp,4946,4500,0.98,1e-05,0.92,135552.000000000,0.170578151,1
input-150.tsp,4947,4500,0.98,1e-05,0.92,133124.500000000,0.169609930,1
input-150.tsp,4948,4500,0.98,1e-05,0.92,131271.156250000,0.155885165,1
input-150.tsp,4950,4500,0.98,1e-05,0.92,133282.000000000,0.154031409,1
input-150.tsp,4949,4500,0.98,1e-05,0.92,131313.000000000,0.173110110,1
input-150.tsp,4951,4500,0.98,1e-05,0.92,129024.000000000,0.155664249,1
input-150.tsp,4952,4500,0.98,1e-05,0.92,131278.000000000,0.144511989,1
input-150.tsp,4953,4500,0.98,1e-05,0.92,135424.062988281,0.151364508,1
input-150.tsp,4954,4500,0.98,1e-05,0.92,132608.000000000,0.160018044,1
input-150.tsp,4955,4500,0.98,1e-05,0.92,130736.000000000,0.163322946,1
input-150.tsp,4956,4500,0.98,1e-05,0.92,131748.000000000,0.171081997,1
input-150.tsp,4958,4500,0.98,1e-05,0.92,130105.718750000,0.171588671,1
input-150.tsp,4957,4500,0.98,1e-05,0.92,131400.000000000,0.146797785,1
input-150.tsp,4959,4500,0.98,1e-05,0.92,129452.000000000,0.170738778,1
input-150.tsp,4960,4500,0.98,1e-05,0.92,131744.000000000,0.155924773,1
input-150.tsp,4961,4500,0.98,1e-05,0.92,132416.000000000,33759.795976710,0
input-150.tsp,4962,4500,0.98,1e-05,0.92,130462.000000000,0.169598516,1
input-150.tsp,4963,4500,0.98,1e-05,0.92,132096.000000000,0.171188294,1
input-150.tsp,4964,4500,0.98,1e-05,0.92,132096.000000000,0.168280512,1
input-150.tsp,4965,4500,0.98,1e-05,0.92,135176.000000000,0.164404145,1
input-150.tsp,4966,4500,0.98,1e-05,0.92,129792.000000000,0.151597145,1
input-150.tsp,4967,4500,0.98,1e-05,0.92,133632.218750000,0.169740813,1
input-150.tsp,4968,4500,0.98,1e-05,0.92,133120.000000000,0.171664041,1
input-150.tsp,4969,4500,0.98,1e-05,0.92,131584.000000000,0.160637277,1
input-150.tsp,4970,4500,0.98,1e-05,0.92,128479.687500000,0.167652060,1
input-150.tsp,4972,4500,0.98,1e-05,0.92,130992.000000000,0.172950995,1
input-150.tsp,4971,4500,0.98,1e-05,0.92,130682.000000000,0.166448778,1
input-150.tsp,4973,4500,0.98,1e-05,0.92,133378.000000000,0.163627530,1
input-150.tsp,4974,4500,0.98,1e-05,0.92,131584.000000000,0.167404986,1
input-150.tsp,4975,4500,0.98,1e-05,0.92,131123.625000000,0.158506182,1
input-150.tsp,4976,4500,0.98,1e-05,0.92,131126.000000000,0.154941324,1
input-150.tsp,4977,4500,0.98,1e-05,0.92,131104.000000000,0.177272487,1
input-150.tsp,4978,4500,0.98,1e-05,0.92,126959.996093750,0.173812322,1
input-150.tsp,4979,4500,0.98,1e-05,0.92,130048.000000000,33759.793837538,0
input-150.tsp,4980,4500,0.98,1e-05,0.92,131840.000000000,0.163234699,1
input-150.tsp,4981,4500,0.98,1e-05,0.92,132128.250000000,0.161288167,1
input-150.tsp,4982,4500,0.98,1e-05,0.92,133636.000000000,33759.798064384,0
input-150.tsp,4983,4500,0.98,1e-05,0.92,129536.000000000,0.182268910,1
input-150.tsp,4984,4500,0.98,1e-05,0.92,135168.000000000,0.169266852,1
input-150.tsp,4985,4500,0.98,1e-05,0.92,133138.000000000,0.155578376,1
input-150.tsp,4986,4500,0.98,1e-05,0.92,127487.998535156,0.159934650,1
input-150.tsp,4987,4500,0.98,1e-05,0.92,135168.000000000,0.175106171,1
input-150.tsp,4988,4500,0.98,1e-05,0.92,129024.000000000,0.162340927,1
input-150.tsp,4989,4500,0.98,1e-05,0.92,129024.000000000,41081.387862782,0
input-150.tsp,4990,4500,0.98,1e-05,0.92,129744.000000000,0.157036107,1
input-150.tsp,4991,4500,0.98,1e-05,0.92,132362.250000000,0.156902904,1
input-150.tsp,4992,4500,0.98,1e-05,0.92,133132.000000000,0.170219112,1
input-150.tsp,4994,4500,0.98,1e-05,0.92,131584.000000000,0.169676255,1
input-150.tsp,4993,4500,0.98,1e-05,0.92,122880.000000000,0.167286114,1
input-150.tsp,4995,4500,0.98,1e-05,0.92,134144.000000000,0.153159776,1
input-150.tsp,4996,4500,0.98,1e-05,0.92,131712.000000000,0.170130270,1
input-150.tsp,4997,4500,0.98,1e-05,0.92,131408.000000000,0.181170329,1
input-150.tsp,4998,4500,0.98,1e-05,0.92,132352.000000000,0.182489627,1
input-150.tsp,4999,4500,0.98,1e-05,0.92,131472.000000000,0.172848897,1
input-150.tsp,5000,4500,0.98,1e-05,0.92,131973.000000000,0.160464534,1
